number_of_performance_days,total_costume_changes,play_duration_minutes,percentage_technology_used_scenes,audience_interaction,lead_actor_experience,average_scene_complexity,set_changes_per_scene,historical_accuracy_focus,lead_actor_availability_days,number_of_actors,number_of_cast_members,story_complexity_rating,promotional_discount,has_special_effects,duration_in_minutes,play_genre,set_complexity,theme_historical,target_audience_family,venue_capacity,percentage_outdoor_scenes,average_role_experience_years,director_experience_years,original_content,number_of_complex_roles,past_success_count,average_scene_duration,season_of_production,total_cast_members,holiday_season,licensed_content,special_guest_appearance,uses_special_effects,average_engagement_score,weekly_rehearsal_hours,has_sponsorship,scene_complexity_index
44,174,189,70.0198,False,43,4,16,True,4,37,76,3,91,True,129,musical,1,False,True,237,100.0,2.1291,2,False,12,37,53.7065,spring,24,True,False,True,True,0.004,27,True,4.4389
88,104,293,44.7383,True,8,5,5,False,5,90,88,4,93,True,148,classical,2,True,False,177,94.9837,2.024,19,False,12,90,86.2842,winter,35,True,True,False,False,0.004,20,False,1.2854
61,144,23,100.0,False,0,5,6,True,2,95,77,2,91,True,129,drama,1,False,True,749,98.8642,2.1487,21,False,5,9,17.4946,summer,33,False,True,True,True,0.004,34,False,2.2323
18,56,46,80.2146,False,1,2,6,True,5,94,87,1,93,False,174,classical,1,False,False,576,89.0443,7.2824,16,False,17,90,30.82,autumn,28,True,True,False,False,0.004,1,True,1.2491
76,112,163,82.0711,False,19,9,6,False,4,57,82,4,92,True,78,drama,2,False,True,297,92.0,4.7346,16,False,10,25,102.1924,autumn,35,False,True,True,True,0.004,3,False,1.8906
10,177,178,92.1556,False,1,7,1,True,4,15,89,4,99,True,193,drama,2,False,True,837,94.7722,7.5522,26,True,18,59,86.0261,autumn,32,True,False,False,False,0.004,32,False,4.9702
35,183,281,57.8772,True,18,4,15,False,2,54,79,4,91,True,39,drama,1,True,False,869,97.5975,15.7931,19,True,7,19,97.5319,autumn,40,False,True,False,True,0.004,24,True,9.3247
84,10,182,65.3146,True,26,8,2,True,6,55,83,3,89,False,81,musical,1,False,True,877,95.4545,2.3082,8,False,15,58,10.0,spring,19,,True,False,True,0.004,16,False,1.8347
82,52,20,63.1648,True,24,6,10,False,2,16,77,3,100,False,221,drama,2,False,False,136,98.0874,3.3235,13,True,13,15,61.842,autumn,20,True,False,False,False,0.004,22,True,2.8546
96,34,123,95.0839,False,20,8,4,False,4,54,82,4,94,False,155,classical,1,False,False,399,97.606,16.3533,20,True,15,92,25.1238,winter,39,False,False,True,False,0.004,29,False,8.3616
34,48,277,50.5387,True,27,4,10,True,3,38,88,3,90,False,229,classical,2,False,False,246,100.0,7.5916,13,False,12,45,62.1418,winter,27,False,False,False,False,0.004,5,True,5.3317
88,12,106,51.3552,True,18,3,8,False,6,63,84,1,95,True,170,classical,1,False,False,305,100.0,17.5544,12,True,6,48,46.4573,summer,14,False,True,False,True,0.004,38,True,1.8977
83,20,243,26.3455,False,34,1,5,True,6,78,86,2,98,True,188,drama,1,False,True,531,91.1056,5.8152,20,True,24,31,97.0684,summer,35,True,False,True,True,0.004,37,False,3.589
61,142,171,82.4678,True,33,3,8,False,2,75,82,1,94,False,43,drama,1,True,True,364,87.4501,5.8977,14,True,16,19,95.1949,summer,28,True,False,True,True,0.004,2,False,7.6306
73,41,194,92.4606,False,47,5,11,True,3,95,96,3,100,True,154,drama,2,False,False,595,100.0,5.4094,18,True,4,54,24.3448,autumn,29,True,True,False,True,0.004,22,True,4.7284
21,129,162,21.4389,False,35,4,10,False,1,47,86,1,88,False,201,drama,2,False,False,649,100.0,19.6561,11,False,13,63,90.1769,autumn,32,,True,True,False,0.004,11,False,6.3037
94,177,110,49.5297,False,49,7,9,False,3,81,80,3,91,False,52,comedy,1,False,False,192,100.0,19.5772,11,False,5,38,10.0,autumn,18,True,False,False,True,0.004,14,False,8.7029
28,140,21,41.6001,False,47,6,0,True,1,98,87,3,91,False,116,drama,1,,True,448,99.9715,10.8085,18,True,24,76,17.4146,winter,22,False,True,False,False,0.004,19,False,4.8462
14,179,88,82.6456,False,31,7,15,False,5,82,75,1,86,False,119,comedy,2,True,True,870,97.2589,12.3879,9,True,15,89,98.0436,autumn,18,,False,False,True,0.004,27,True,1.1182
4,76,163,22.2825,True,43,1,20,True,5,9,77,1,94,False,216,drama,1,False,True,957,86.281,0.8923,10,True,10,39,104.1632,winter,28,False,False,False,True,0.004,10,True,4.8361
88,66,158,84.2477,False,42,1,1,False,5,67,84,2,94,False,197,drama,1,True,False,350,98.6012,3.7993,19,False,4,99,39.6782,summer,25,False,True,False,True,0.004,39,True,6.3497
31,44,209,80.6549,True,4,3,14,True,4,44,87,1,100,False,90,drama,2,True,True,461,93.3792,16.7576,12,True,15,11,61.083,summer,31,True,True,False,False,0.004,28,True,3.5503
100,135,198,75.7294,False,10,7,0,False,4,34,82,2,96,False,93,musical,2,True,False,783,100.0,6.2156,23,True,3,52,19.2307,summer,35,False,False,True,False,10.0,6,True,9.5468
31,156,213,69.9626,False,10,8,0,False,3,15,81,3,84,False,180,comedy,1,True,True,512,96.4026,7.0182,13,False,29,94,109.7182,spring,28,False,False,True,True,0.004,33,False,2.0646
14,172,56,72.1444,True,7,2,3,True,1,67,85,3,85,False,61,classical,2,False,False,463,99.3379,17.4009,14,True,23,84,62.6545,spring,24,,False,True,False,0.004,25,True,5.4359
13,85,188,37.32,True,39,1,7,False,1,79,75,1,89,True,172,classical,2,False,True,155,93.4111,11.4726,15,False,18,35,48.5394,autumn,19,False,True,False,False,0.004,37,True,6.6524
88,33,261,78.8715,True,13,8,16,True,5,61,82,3,93,False,34,drama,1,,True,586,100.0,0.5388,23,False,16,26,26.7235,autumn,29,False,False,False,False,0.004,34,False,6.2279
40,29,111,28.2907,True,7,4,18,False,6,73,81,4,98,False,57,drama,2,True,False,683,93.6889,16.4506,20,True,14,97,115.6144,spring,32,False,True,False,True,0.0049,36,True,9.3239
33,186,116,59.1662,True,25,3,14,False,3,17,83,4,94,False,87,musical,2,True,True,928,100.0,3.8241,20,False,18,95,13.1089,winter,36,,False,False,True,0.004,13,True,5.9812
5,68,157,86.5073,False,26,1,12,False,7,28,89,3,89,False,83,drama,1,True,False,355,90.9645,7.0761,19,False,6,24,52.396,autumn,31,True,False,True,False,0.004,16,True,2.6126
98,169,35,33.0071,True,16,6,3,False,2,49,77,3,80,False,202,musical,2,,False,124,88.2904,2.1206,13,False,11,39,28.1109,spring,32,True,False,False,True,0.004,32,True,8.5011
90,138,122,24.0256,True,2,5,2,False,6,95,87,3,89,False,83,musical,1,True,True,577,94.4281,7.6865,22,False,9,11,86.3789,autumn,36,,True,False,True,0.004,16,True,8.6337
23,174,230,21.6885,False,0,6,10,True,2,90,91,1,95,False,93,musical,2,True,True,332,98.1355,12.1536,14,True,4,19,41.6429,summer,26,True,True,False,True,0.0111,4,True,9.4105
32,1,233,34.1405,False,4,5,16,False,3,66,79,3,94,False,33,drama,2,False,True,829,96.756,8.3656,14,False,9,40,23.4029,summer,28,,True,False,False,0.004,26,True,3.5422
2,17,54,49.5917,False,24,1,5,True,4,80,85,3,84,True,132,classical,2,True,False,752,92.0404,19.9308,28,True,1,26,85.8151,summer,34,True,False,True,False,0.004,22,True,9.9055
36,60,276,90.5078,False,6,8,18,False,5,46,86,4,92,True,188,drama,2,True,False,304,100.0,15.0819,12,False,12,72,18.9029,summer,26,False,False,False,False,2.0,28,True,7.8648
36,110,206,82.677,False,14,5,14,False,5,36,84,2,86,True,223,drama,2,True,True,941,95.9492,16.4496,5,False,15,23,118.0942,summer,35,False,False,False,False,0.004,4,False,7.4612
92,55,47,42.5848,True,41,8,5,False,4,78,86,2,98,True,87,musical,1,False,True,550,97.3276,8.4276,21,False,23,75,82.11,autumn,32,False,False,False,True,0.004,26,True,6.6994
89,92,235,16.5738,True,11,8,18,True,4,78,79,1,92,False,35,drama,1,True,False,547,90.1179,4.1968,21,True,17,79,33.9878,winter,45,True,False,True,True,0.004,17,True,7.5931
60,118,285,3.65,True,11,1,13,True,3,1,89,1,86,True,90,comedy,2,True,True,374,99.1461,16.2063,17,False,20,45,94.1638,summer,45,False,False,False,True,0.004,31,True,2.7849
60,152,78,79.8322,True,28,3,11,False,5,43,81,1,88,False,159,comedy,1,False,False,215,100.0,12.6927,11,False,1,70,85.9925,winter,21,False,False,True,True,0.004,9,True,8.4568
85,18,270,39.9535,True,39,4,13,False,4,61,85,3,100,True,195,classical,2,,False,911,97.6016,8.6238,20,False,29,51,72.4272,autumn,22,,False,True,False,0.004,1,True,4.3314
11,83,86,71.8535,True,43,5,0,False,6,64,88,2,95,True,218,comedy,1,False,False,678,97.1155,6.6575,22,False,12,47,96.4709,winter,26,False,False,True,True,0.004,29,False,7.7225
44,40,138,93.493,True,44,3,8,True,5,15,84,3,80,False,185,musical,2,True,False,130,89.5817,8.5913,9,False,21,50,18.4425,summer,31,False,False,False,False,0.004,29,True,8.0367
20,102,154,85.858,True,28,6,8,False,3,39,87,3,94,True,137,classical,1,False,True,891,99.3175,2.6874,23,False,10,27,76.6484,winter,38,True,False,False,False,0.004,30,False,1.0536
93,98,39,13.1605,False,17,9,19,True,3,53,77,2,98,True,58,classical,1,False,False,484,98.1826,0.7026,11,True,22,15,95.1917,winter,18,True,False,True,False,0.004,17,False,6.4763
87,49,191,13.0842,True,7,3,14,False,6,88,81,4,95,False,87,classical,1,False,True,116,90.4006,0.404,19,False,23,19,59.5022,winter,33,False,False,False,False,10.0,16,False,4.7775
61,67,266,15.3348,False,2,3,15,False,5,48,76,4,98,False,196,drama,1,False,False,846,97.2256,14.1866,16,True,25,69,69.3964,spring,25,True,False,True,False,0.0104,28,False,3.8896
31,191,137,69.2402,True,30,2,6,True,1,98,88,2,88,False,236,drama,2,False,True,315,100.0,16.501,9,True,15,36,107.5643,summer,24,True,False,False,True,0.004,11,False,8.3452
97,200,83,75.0602,True,28,8,9,False,5,30,84,3,93,True,48,musical,2,False,False,840,94.241,0.0,17,True,9,90,84.0815,winter,35,False,False,False,False,0.004,22,True,1.477
90,101,147,78.8768,True,25,1,17,False,3,66,85,3,90,True,64,comedy,1,True,False,459,100.0,17.1247,19,True,23,22,71.5913,spring,36,False,True,False,True,0.004,22,True,7.3171
8,150,253,83.3409,False,9,4,7,True,4,71,81,3,92,False,108,drama,2,True,False,532,100.0,5.4034,14,True,3,77,24.1282,winter,40,False,True,False,False,0.004,21,False,1.0937
40,73,231,18.5227,True,36,7,10,False,5,86,78,4,96,False,80,comedy,1,True,True,231,97.7439,14.5674,10,False,11,50,10.613,autumn,26,True,False,True,True,0.004,13,True,7.5974
19,62,209,39.3635,True,26,1,1,False,1,25,91,4,96,True,121,drama,1,False,True,727,100.0,13.6487,19,True,17,5,80.6561,autumn,38,False,False,True,False,0.004,33,False,5.7896
86,71,56,51.6863,True,36,5,12,False,6,1,88,2,87,False,219,classical,2,False,True,767,97.077,6.1006,15,True,1,2,59.5616,autumn,34,False,True,False,True,0.004,40,True,3.6674
24,27,73,14.4992,False,6,5,11,True,3,35,91,2,86,False,63,classical,1,True,False,662,95.0142,2.4735,19,True,1,15,76.5075,winter,37,True,False,True,True,0.0588,32,True,3.9193
94,5,62,17.8534,True,39,7,0,False,5,50,85,1,100,False,76,comedy,2,False,False,947,92.0637,13.6253,16,True,20,75,99.58,winter,39,False,True,True,False,0.004,17,False,7.7577
98,121,99,50.8957,False,41,5,6,True,3,10,94,3,92,False,45,classical,2,True,True,721,100.0,6.411,18,True,27,98,84.9836,spring,33,True,False,True,False,0.004,18,True,1.9978
97,132,280,67.5247,True,44,9,2,True,6,24,80,4,92,True,96,classical,2,True,True,676,95.1063,18.1294,15,True,25,30,113.6668,summer,28,False,False,False,False,0.004,24,False,1.4873
25,19,182,86.2775,False,16,7,17,True,4,33,88,4,93,False,65,comedy,2,True,False,906,100.0,9.5923,18,False,13,53,57.6811,autumn,30,True,True,False,True,0.004,32,False,5.5429
99,6,259,57.2892,True,8,4,7,False,2,78,82,3,94,False,49,musical,1,True,True,330,96.7331,3.6879,24,True,9,83,96.001,summer,30,False,True,False,False,0.004,23,False,2.3319
21,51,237,64.0887,True,11,3,16,True,3,31,77,2,95,True,170,musical,1,False,True,366,95.1873,16.2153,23,True,16,82,71.1839,autumn,30,True,True,True,True,0.004,37,False,1.1477
64,190,127,90.7855,False,22,4,3,True,2,75,82,2,98,False,171,classical,1,True,False,678,98.1613,4.5265,12,False,28,45,42.909,spring,34,True,True,False,False,0.004,22,False,8.1417
86,125,141,44.6029,False,34,3,6,True,6,84,87,1,83,False,207,drama,1,True,True,765,98.7025,2.4929,16,False,1,75,96.6383,summer,29,False,True,False,True,0.004,10,True,7.2588
87,103,249,45.9302,False,21,5,7,False,3,92,80,1,100,True,37,drama,2,True,False,293,100.0,12.2425,18,False,0,24,25.4108,autumn,31,False,False,True,False,0.004,5,False,4.6716
78,99,98,84.5828,False,28,6,9,True,4,80,88,3,93,False,48,comedy,2,False,False,766,91.1955,1.4363,22,False,11,61,84.1173,summer,26,True,False,False,True,0.004,32,True,8.8548
69,94,101,6.8702,True,15,9,7,True,2,63,83,1,84,False,88,classical,2,True,False,814,100.0,10.5505,20,False,6,28,29.5852,winter,26,,False,True,True,0.004,36,True,6.22
60,7,245,60.301,True,35,8,5,False,7,61,71,2,87,True,172,classical,2,True,True,844,100.0,13.3201,24,False,29,66,112.9068,winter,42,False,False,False,True,0.004,31,True,5.5713
40,123,62,44.413,False,40,7,10,True,6,88,85,3,96,True,232,drama,2,True,True,944,98.7461,4.8256,0,True,23,8,15.5266,autumn,39,True,False,True,False,0.004,30,False,3.0259
61,74,125,76.0046,False,13,9,4,True,2,92,89,2,94,True,223,musical,1,False,False,326,88.5397,15.0803,7,True,19,19,31.7993,summer,42,True,False,False,False,0.004,9,False,3.7678
39,84,68,63.4659,True,9,4,4,True,1,33,85,2,90,False,101,musical,2,False,False,951,93.3021,5.5794,15,False,9,68,87.8969,winter,28,,False,True,True,0.004,29,False,4.1671
36,192,237,49.1359,False,19,7,5,True,4,77,85,2,95,False,75,musical,1,False,True,780,94.4698,8.1098,19,True,20,37,36.7926,winter,37,False,False,True,False,0.004,37,False,7.6881
70,79,45,93.7898,True,41,4,6,True,5,99,83,3,93,False,91,musical,2,True,False,682,96.6586,19.7067,17,False,17,75,46.1452,spring,32,False,False,True,True,0.004,16,True,6.6831
84,104,34,86.19,False,28,6,9,False,1,1,89,4,94,False,103,musical,2,True,False,326,98.147,13.3343,19,False,21,21,45.2953,spring,30,True,False,False,False,0.004,27,True,3.9041
37,111,233,40.5136,False,8,9,6,True,6,58,82,3,88,True,210,drama,1,True,True,752,100.0,0.723,19,False,27,2,53.5869,summer,25,,False,True,False,0.004,2,True,9.8092
39,87,69,2.1178,False,7,3,13,False,4,20,88,5,94,True,87,drama,2,True,True,274,100.0,9.0648,14,False,26,79,43.7783,winter,28,True,True,True,False,0.004,33,False,4.8987
1,26,109,8.4557,True,48,1,13,True,2,64,80,2,85,True,113,classical,1,False,True,474,95.1727,11.1258,21,False,22,11,19.0425,autumn,33,True,True,True,True,0.004,23,False,1.4346
90,104,142,22.9819,True,20,8,15,False,4,91,77,4,100,True,208,comedy,1,True,False,960,95.6565,5.1042,15,False,16,41,110.1101,spring,41,True,False,True,False,0.004,8,True,5.256
92,6,90,0.0,False,12,1,7,True,3,21,87,3,99,False,99,classical,1,True,True,934,100.0,13.1539,22,False,19,67,91.277,winter,35,True,False,True,False,0.004,24,False,8.4397
43,97,173,67.4359,False,30,3,4,True,2,15,75,2,92,False,62,classical,1,True,True,269,92.0718,5.3721,20,False,11,79,34.8478,summer,30,True,True,False,False,0.004,9,True,5.8555
36,135,255,49.9685,True,8,9,7,True,3,4,91,3,92,False,110,comedy,1,True,True,748,95.5703,14.5735,20,False,16,16,29.5083,spring,30,False,False,False,False,0.004,33,False,9.3126
55,52,80,18.3867,False,22,3,11,True,2,64,85,5,98,True,177,musical,1,False,True,994,93.2625,6.8097,16,True,18,82,19.6278,winter,39,False,False,True,False,0.004,29,True,2.0565
15,39,139,76.0723,True,17,3,2,False,6,59,82,2,100,True,61,comedy,1,True,False,515,97.3104,14.0116,20,True,12,47,96.0489,spring,20,True,True,True,True,0.004,12,True,9.2216
50,100,201,65.8495,False,17,2,20,False,3,20,84,3,93,True,49,musical,2,True,False,429,99.8399,7.0047,18,False,25,19,10.0,spring,28,True,True,True,False,0.004,22,False,7.7795
95,18,241,61.0033,False,30,4,6,True,1,56,83,1,90,True,56,drama,2,True,True,379,96.846,9.9438,23,True,19,60,114.8372,winter,30,True,True,False,False,0.004,10,False,8.2561
75,150,183,3.9378,False,40,7,5,True,5,8,81,3,94,False,88,comedy,2,True,False,221,92.204,11.2238,21,False,17,25,82.6055,summer,29,False,True,False,True,0.004,1,True,7.5271
6,137,24,50.1284,True,44,7,2,True,5,28,91,3,92,True,58,classical,2,True,False,706,100.0,7.2866,15,True,17,92,77.901,winter,23,False,False,True,False,0.004,35,True,1.769
24,166,177,72.1554,False,32,9,2,False,1,92,83,1,88,False,167,classical,2,True,True,144,94.6086,1.3578,17,True,6,19,56.9839,spring,31,False,False,True,True,0.004,35,False,8.7912
11,119,200,17.4147,True,12,4,11,True,3,98,76,3,92,True,195,classical,2,False,True,138,88.8517,9.0655,24,False,21,28,98.7828,winter,33,True,False,True,False,0.004,38,False,1.5742
65,172,232,78.5935,True,0,2,14,False,3,99,76,1,95,True,87,drama,1,True,False,362,100.0,0.4612,7,True,0,59,12.528,winter,32,False,True,False,True,5.0,37,False,4.4131
67,74,206,0.0,False,1,5,3,True,3,20,78,3,88,True,107,classical,2,False,True,591,97.4203,8.4755,15,False,3,49,86.9992,winter,37,False,True,True,False,0.004,20,False,6.1877
25,197,150,16.0851,True,44,1,3,True,2,17,85,2,91,False,99,comedy,1,False,True,455,93.7794,17.287,21,False,29,97,82.3,winter,38,True,False,True,False,0.004,8,False,1.5314
8,78,147,92.6643,False,30,2,8,True,2,32,88,2,95,False,152,musical,1,,False,330,94.2476,2.1362,16,False,8,27,59.2229,autumn,28,False,False,False,False,0.004,30,False,6.8442
47,121,145,91.3946,False,16,5,17,True,7,84,89,1,87,True,193,comedy,1,False,True,351,95.8141,3.4596,14,False,0,23,29.8567,winter,45,True,False,False,True,0.004,40,True,3.0637
69,57,89,15.2681,False,17,2,16,False,3,84,88,2,99,False,169,musical,1,True,False,511,99.665,2.2471,19,False,29,59,63.2233,spring,24,False,True,False,True,0.004,11,True,3.7465
47,170,227,3.001,False,3,5,17,False,4,38,80,1,89,False,176,classical,2,False,False,450,100.0,6.8682,16,True,8,94,110.1033,spring,23,False,False,True,False,5.0,34,True,4.3399
32,125,232,28.5504,False,36,6,7,True,5,34,81,2,95,True,101,comedy,2,True,False,587,99.2079,18.6286,22,True,22,9,119.7801,winter,34,True,False,True,True,0.004,15,True,7.3198
36,188,98,52.7774,False,11,1,1,True,2,25,81,4,100,False,220,musical,2,True,True,488,95.4923,16.6299,14,True,14,46,120.0,spring,36,False,False,False,False,0.004,24,True,7.5334
71,138,257,90.2936,False,25,7,15,False,1,34,84,3,91,False,94,classical,1,False,False,638,100.0,13.7702,10,True,29,92,103.4368,summer,30,True,False,True,True,0.004,2,True,4.282
84,50,237,7.79,False,0,5,14,True,4,90,81,2,95,False,223,classical,2,False,False,150,89.3845,17.2705,24,False,9,97,69.2593,summer,30,True,True,False,False,0.004,13,False,5.798
34,108,271,78.7223,False,20,1,2,False,6,52,92,4,88,False,46,drama,1,True,True,758,87.2007,4.122,9,False,14,13,91.8569,winter,33,,True,True,False,0.004,31,False,8.4309
86,99,147,85.1608,True,4,2,1,False,6,96,86,4,96,False,205,comedy,1,False,True,847,88.4371,17.9786,23,True,21,7,51.5274,spring,23,True,False,True,True,0.0111,27,False,1.7636
82,13,139,12.2881,False,3,6,4,True,2,66,75,2,88,True,148,classical,1,False,True,849,100.0,2.7508,21,True,17,11,21.8828,winter,28,,False,True,True,0.0049,22,True,8.3689
47,154,23,20.1812,False,8,3,5,True,5,67,77,1,94,True,139,comedy,1,False,True,800,90.4791,13.4971,19,True,2,33,27.3508,spring,29,True,False,True,True,0.004,6,True,7.5079
12,175,229,67.3978,True,21,5,10,True,4,100,80,4,89,True,223,classical,2,True,True,382,91.0787,15.3747,19,False,1,63,82.248,spring,38,True,True,True,False,0.004,17,True,7.7142
65,197,37,100.0,True,20,8,0,False,6,90,87,4,83,True,46,classical,2,False,True,463,93.1994,15.9366,18,False,8,43,56.4709,spring,24,False,True,False,False,0.004,1,False,4.1035
16,179,159,6.8487,True,6,4,6,True,5,19,83,4,87,True,58,classical,1,False,True,686,95.2925,20.0,13,False,14,93,23.6128,autumn,28,True,True,True,False,0.004,33,False,8.0808
79,98,125,99.2063,False,44,2,5,True,4,17,87,3,99,True,219,drama,2,False,False,310,96.14,8.0629,11,True,7,25,78.1565,winter,38,False,False,True,True,0.004,11,False,2.3105
25,92,264,36.3151,False,12,3,10,True,2,63,80,4,89,True,68,drama,2,True,False,446,99.2373,9.1716,5,True,19,77,79.761,winter,28,False,True,False,True,0.004,12,False,1.9124
30,106,112,64.3584,True,50,1,10,True,2,41,85,3,100,False,80,comedy,2,True,False,412,100.0,5.8793,10,False,13,66,65.9001,summer,23,True,False,False,False,0.004,14,False,3.7861
62,18,162,15.6617,True,35,9,14,True,5,59,82,1,92,True,49,comedy,2,True,True,994,100.0,8.7235,8,True,26,11,64.4771,winter,30,,True,True,False,0.004,13,False,6.0606
82,102,201,0.8605,True,23,9,18,True,4,91,87,3,100,True,178,comedy,2,True,False,365,100.0,17.8753,23,False,15,95,91.2,winter,31,,True,False,True,0.004,24,False,4.7084
87,18,121,61.4773,False,17,8,12,True,6,91,84,4,89,True,168,comedy,1,,True,252,91.6871,3.1989,22,False,17,83,43.8443,autumn,32,True,False,False,True,0.004,21,True,6.0588
73,122,152,76.2407,False,39,3,7,False,2,40,84,3,96,False,128,drama,1,True,False,681,95.9798,8.5305,12,False,28,74,67.3937,spring,34,,True,False,True,0.004,24,False,1.2709
91,129,91,9.5777,True,5,3,15,True,2,39,80,4,93,True,149,classical,2,True,True,313,100.0,0.6563,13,True,19,50,69.4338,summer,23,False,True,False,True,0.004,12,False,3.3228
73,170,31,71.0284,False,9,5,14,False,4,91,80,1,88,False,154,musical,1,False,True,629,93.2651,5.3644,9,True,7,37,94.5213,winter,27,True,True,False,True,0.0276,20,True,4.9822
75,58,120,15.4135,False,26,1,0,True,3,74,91,3,99,True,42,drama,2,,False,745,96.6168,11.4941,20,True,11,82,54.6534,winter,31,False,False,True,False,0.004,39,True,2.5532
37,88,183,9.8809,False,44,3,12,True,3,50,81,2,97,False,70,classical,1,True,True,161,96.5905,6.8923,8,False,15,24,35.2353,summer,34,True,True,False,True,0.004,16,False,3.1696
10,11,230,48.5287,True,21,1,10,True,1,57,89,1,94,False,173,drama,2,True,False,702,93.6713,10.3223,10,False,9,34,67.0685,spring,27,True,True,True,False,0.004,4,False,3.6948
10,118,256,99.6227,False,4,1,2,False,3,89,76,2,94,True,230,drama,1,True,True,852,97.1647,13.6921,27,False,23,10,62.7965,autumn,34,,False,True,False,0.0111,8,False,6.4967
43,69,58,43.5381,False,47,3,2,True,2,10,82,4,95,True,217,drama,1,True,False,793,98.6845,16.7813,14,True,28,4,14.2138,autumn,32,False,True,True,True,0.004,9,True,7.0948
26,33,46,55.3441,False,9,9,8,True,4,72,79,1,81,True,95,classical,1,True,True,1000,99.381,4.3578,19,True,14,14,82.1372,autumn,27,,True,True,False,0.004,6,False,1.9772
50,149,118,67.7343,False,0,7,13,True,3,83,77,3,95,False,164,classical,2,True,True,358,92.8748,13.8955,21,False,7,23,101.2113,autumn,29,,True,False,False,0.004,38,False,2.0356
18,189,237,60.0231,False,47,7,1,True,1,46,89,3,97,False,96,classical,2,True,True,213,97.2654,0.9888,13,True,1,86,91.9454,spring,30,True,True,True,False,0.004,27,True,1.9684
55,149,85,83.3887,False,36,8,3,False,6,83,81,2,86,True,50,classical,2,False,True,927,96.1048,18.8095,11,True,19,15,94.8223,winter,23,True,True,True,False,0.004,1,False,5.7561
45,91,168,81.0561,True,47,7,11,True,1,51,87,2,100,False,120,musical,2,True,True,260,96.39,8.9462,11,True,7,25,115.5251,winter,28,True,True,True,True,0.004,4,True,5.2429
49,157,118,4.7045,True,0,5,18,False,5,52,88,1,91,False,75,musical,1,True,True,600,100.0,11.5131,18,False,12,10,74.4728,summer,28,False,True,False,False,0.004,11,True,6.194
17,35,26,93.1464,False,41,8,2,True,3,21,82,3,94,False,127,musical,1,True,True,384,94.338,8.8621,14,True,23,56,72.653,autumn,21,True,True,False,True,0.004,3,True,7.6009
49,146,125,87.0695,True,0,6,6,False,5,88,88,4,96,True,162,classical,2,True,False,476,98.7495,9.8045,9,False,8,26,107.0039,spring,26,True,True,False,True,0.004,17,False,8.5746
4,122,74,47.2131,True,28,8,12,True,5,99,80,3,93,True,86,musical,1,False,True,160,98.5737,2.7351,13,False,20,68,78.1121,spring,36,True,False,True,True,0.004,5,False,7.4096
80,16,245,56.458,False,30,8,6,True,1,10,81,1,97,True,240,comedy,1,True,True,246,97.1509,17.9581,14,True,22,12,62.1852,autumn,42,True,False,True,False,0.004,15,True,1.4098
14,195,283,69.0675,False,46,5,7,False,5,50,84,5,91,False,97,classical,2,False,True,856,98.0118,18.2843,18,False,26,41,26.3332,summer,29,False,False,False,False,0.004,35,True,9.4395
61,188,224,91.9553,True,5,8,13,False,1,46,82,1,90,False,214,comedy,1,True,True,721,95.1643,1.4865,20,True,22,30,32.6336,summer,36,False,False,False,True,0.0077,33,True,1.3423
65,133,129,26.5623,False,29,4,2,True,1,34,82,1,93,False,169,musical,1,False,True,589,98.4575,2.1977,11,True,7,26,98.6286,winter,34,,True,False,False,0.004,8,True,6.2888
38,3,94,68.8489,False,8,5,6,True,4,51,84,1,94,True,127,comedy,2,True,False,597,90.635,7.2856,20,False,5,8,104.6637,spring,30,False,True,False,False,0.004,1,True,2.8857
29,157,73,60.3633,False,6,1,8,True,2,55,82,3,100,False,74,classical,1,True,False,947,98.855,4.5761,13,True,20,17,40.3202,winter,34,False,True,True,False,0.004,31,False,4.9169
66,77,277,2.6919,False,16,3,6,False,1,43,83,3,88,True,177,classical,2,False,True,384,100.0,19.0213,19,False,28,6,36.7985,autumn,22,True,False,True,False,0.004,27,True,4.4224
30,20,215,39.7752,True,13,4,15,True,1,60,74,2,94,False,177,classical,2,True,False,248,100.0,16.8,18,True,7,44,87.2758,spring,31,False,True,True,False,0.004,36,False,9.4719
32,93,248,24.9719,True,14,1,16,True,2,95,76,5,95,False,213,musical,1,True,False,418,95.6839,3.443,21,True,13,72,99.2429,autumn,35,True,True,True,False,0.004,35,False,5.2047
46,46,135,5.1125,False,46,7,15,True,6,91,90,4,96,False,218,drama,1,False,True,723,98.472,1.1019,14,False,25,36,108.9973,autumn,33,False,True,False,True,0.004,9,True,3.8332
91,126,278,88.1211,False,21,7,5,True,1,57,84,2,85,True,214,drama,1,True,True,207,96.0383,6.0319,20,False,29,8,105.0526,winter,31,True,False,False,True,0.004,26,False,5.2471
63,117,91,98.1027,True,17,1,13,True,4,24,85,3,94,False,49,musical,1,False,True,572,100.0,0.0,24,False,19,11,90.4132,summer,22,True,False,True,False,0.004,32,True,7.2085
5,161,62,97.9494,True,13,6,17,False,3,1,94,3,93,False,117,drama,1,False,False,721,97.148,3.2477,12,False,7,55,106.7142,summer,24,True,True,True,False,0.004,24,True,2.7626
96,66,27,13.8241,False,6,3,15,False,3,13,83,2,88,False,39,comedy,2,False,True,990,100.0,1.4408,22,False,29,81,19.4137,autumn,14,False,True,True,True,0.004,39,True,3.8673
77,62,70,62.9991,True,6,2,1,False,2,49,79,4,95,True,163,musical,1,False,False,916,94.0674,18.1641,19,False,28,62,17.6342,spring,33,False,False,True,True,0.0111,19,False,2.6116
73,27,255,84.8395,False,31,4,4,False,1,20,86,3,97,True,102,drama,2,True,True,340,90.2038,13.039,3,True,11,81,52.4809,winter,29,False,True,False,True,0.004,1,False,8.1563
23,40,234,76.1648,False,23,8,4,True,6,36,93,4,94,True,109,classical,2,True,False,654,96.5676,15.043,17,True,21,70,28.3404,spring,36,False,True,False,False,0.004,5,True,4.2585
13,83,167,16.5602,True,17,7,8,False,4,7,87,4,93,False,108,drama,1,False,False,713,100.0,15.1725,13,False,22,51,65.276,autumn,39,False,False,True,False,0.0042,14,False,5.5269
36,115,284,63.6573,True,0,2,12,False,4,82,83,2,97,False,203,classical,2,True,False,928,93.7787,19.0052,16,True,7,97,59.7726,summer,33,False,True,False,False,0.0111,14,True,2.0487
26,149,237,54.7997,True,50,5,12,False,1,28,80,2,90,True,205,comedy,2,True,False,489,95.0847,18.654,17,False,16,89,109.5902,winter,29,True,False,True,True,0.004,19,False,9.4496
19,197,77,53.5819,True,32,1,13,False,6,52,84,3,91,True,63,musical,1,,False,364,91.7343,2.0925,18,False,29,29,75.9884,autumn,31,True,False,True,False,0.004,1,False,3.0105
22,82,191,53.1055,True,19,4,12,True,2,81,79,2,92,True,193,comedy,2,False,True,882,96.0854,15.2384,12,True,12,4,72.2431,winter,40,,False,True,True,0.004,40,False,6.5585
25,151,171,59.8174,True,49,1,5,False,6,16,89,3,90,False,77,classical,1,True,True,622,100.0,4.0701,16,False,22,85,66.5937,winter,26,True,False,False,False,0.004,5,True,7.5909
78,1,200,89.0439,True,25,7,3,False,4,77,80,2,95,True,130,comedy,1,False,True,725,87.7958,9.7286,21,False,26,8,46.9306,spring,21,False,False,True,False,0.004,31,True,7.1779
75,143,300,2.036,False,18,4,4,True,1,77,81,1,92,True,82,musical,2,False,True,396,97.2562,7.74,20,True,17,70,52.8239,winter,29,True,False,True,True,0.004,19,False,7.3316
13,65,252,41.7568,True,4,5,16,False,4,87,83,4,100,False,179,drama,1,False,False,852,96.911,12.8818,17,True,23,16,113.2509,summer,38,True,False,True,True,0.0111,19,True,6.1134
82,165,50,55.0031,False,5,5,0,False,3,30,87,3,88,True,105,comedy,2,False,False,961,100.0,0.5559,15,False,12,63,17.3995,summer,29,False,False,False,False,0.0104,21,False,4.7335
10,90,256,70.8302,False,7,8,6,True,6,1,80,3,93,False,198,drama,1,True,False,932,100.0,2.5205,21,False,11,95,36.5071,winter,41,True,True,False,True,0.004,20,False,5.6696
49,114,89,45.6943,False,17,6,5,False,7,74,80,4,95,True,158,comedy,1,False,False,183,96.4042,3.3476,6,True,14,73,32.8795,summer,26,True,False,False,True,0.004,22,True,2.5249
78,74,223,32.6103,False,15,6,11,False,2,99,82,3,85,True,53,comedy,1,True,False,960,99.7058,1.7452,19,False,22,50,107.8172,summer,34,True,False,True,True,0.004,35,False,3.7396
41,66,146,59.5215,False,45,1,10,True,6,72,86,1,99,True,57,comedy,1,True,False,852,100.0,9.1014,17,True,3,4,78.4995,winter,36,False,False,True,False,0.004,27,True,8.695
44,130,195,7.4844,True,7,6,16,True,4,42,86,1,90,True,135,musical,1,False,False,582,99.8874,0.9857,15,False,0,92,63.3288,autumn,24,,True,True,False,0.004,14,False,2.2837
62,177,280,12.7149,True,22,1,2,False,5,34,86,2,97,True,120,classical,1,False,False,333,85.4011,7.1779,14,True,27,59,11.6729,spring,30,True,False,False,True,0.004,24,True,2.6088
62,166,263,4.7211,True,23,10,2,False,3,16,83,3,98,True,95,musical,2,True,False,626,100.0,20.0,14,False,19,93,88.6073,summer,34,True,True,False,False,0.004,21,False,1.8728
85,178,205,36.9642,False,5,3,16,True,6,69,83,1,96,True,194,comedy,1,False,True,550,100.0,7.7578,11,False,17,35,86.4444,winter,30,True,True,False,True,0.004,28,False,7.8888
96,34,124,90.3759,True,34,7,1,True,6,74,85,2,88,False,150,musical,1,True,True,475,100.0,7.9702,15,False,17,22,107.0562,winter,21,True,False,False,False,0.004,29,False,6.7235
18,79,58,25.3404,True,15,5,18,True,7,49,91,2,88,True,170,comedy,1,False,True,135,97.2872,13.5491,17,True,25,2,21.7229,winter,26,True,True,True,False,0.004,1,False,5.9831
7,43,249,26.3555,True,36,2,12,True,3,63,83,4,84,True,108,comedy,1,True,True,358,100.0,12.3713,17,False,6,71,10.0,summer,31,False,True,True,True,0.004,26,False,1.7797
59,58,51,87.5692,False,21,6,10,False,2,41,84,1,92,False,123,classical,1,True,True,408,96.4138,12.2615,15,False,19,36,98.5209,winter,41,False,True,False,False,0.004,29,False,6.1423
71,96,262,54.5093,False,25,4,1,False,3,37,89,4,91,False,105,classical,1,True,False,476,96.689,18.6731,23,True,26,3,76.7591,summer,45,False,False,True,False,0.004,2,True,5.4123
93,6,249,89.2454,True,36,1,16,False,3,81,91,1,95,False,115,drama,1,True,False,821,86.0944,14.8389,19,True,11,65,96.1509,autumn,29,False,True,False,True,0.004,22,False,3.1229
80,199,20,13.871,True,40,5,10,True,5,76,78,2,86,False,169,classical,1,False,True,785,95.187,13.5984,16,True,24,26,50.4138,summer,38,True,False,False,True,0.004,32,False,2.0809
26,108,295,4.2267,True,2,4,15,False,4,74,92,4,90,True,181,comedy,2,True,True,223,94.7335,4.891,24,False,15,15,44.8451,spring,28,True,True,True,True,0.004,2,False,2.1337
64,59,271,86.5858,False,47,4,3,True,1,3,85,2,99,False,30,musical,2,True,True,807,99.2048,18.1101,18,False,3,14,111.9909,summer,33,True,False,False,True,0.004,13,True,3.4619
63,130,129,60.8882,False,1,8,14,False,2,16,89,4,91,True,131,drama,1,,False,765,100.0,11.4141,16,False,13,70,97.8875,winter,28,False,True,False,False,0.004,17,True,6.9911
17,171,208,98.1313,True,30,4,11,True,4,45,83,1,97,True,134,drama,2,True,True,211,94.9574,0.3837,11,False,11,47,76.7823,spring,26,True,False,False,False,0.004,22,False,5.3337
74,44,27,32.8268,False,21,6,6,True,3,3,88,3,89,True,30,comedy,2,True,True,710,95.9818,1.2598,16,False,12,2,115.6496,winter,37,False,True,False,True,0.004,25,True,5.4174
29,48,177,44.5352,True,29,5,8,False,3,81,87,2,96,False,57,comedy,2,True,False,967,91.691,8.6198,14,True,26,67,81.5454,autumn,18,True,False,False,True,0.004,9,False,3.8373
66,48,67,88.3075,True,0,4,9,True,2,82,91,3,95,False,121,classical,2,True,True,626,96.8841,9.6415,18,False,26,8,107.5313,autumn,35,True,True,True,False,0.004,33,True,2.0773
63,32,238,59.0732,False,28,2,1,False,3,62,76,1,94,False,198,drama,2,False,False,373,96.9351,17.5907,17,True,19,42,19.9327,winter,31,False,True,False,False,0.004,23,True,4.8843
5,181,186,91.0181,False,43,4,12,True,4,4,81,4,89,True,67,drama,2,False,False,442,93.1935,20.0,15,False,28,82,60.1565,autumn,35,True,True,True,False,0.004,8,True,5.7196
51,198,100,98.7003,True,9,1,8,True,2,18,87,2,89,True,205,comedy,2,False,True,880,93.5777,19.1227,27,True,24,60,78.8293,summer,32,False,False,True,True,0.004,2,True,4.5324
89,42,285,5.2451,False,23,8,14,True,4,49,81,2,91,True,126,comedy,1,True,False,735,95.5241,14.267,18,True,6,98,89.2817,winter,28,False,True,False,False,0.004,29,False,7.137
51,65,197,45.9843,True,26,9,18,False,5,47,82,2,94,True,145,comedy,1,False,False,804,99.2898,10.1259,15,False,28,48,21.4884,spring,30,True,False,True,True,0.004,1,False,8.6108
92,196,224,67.6145,False,33,2,12,False,2,29,84,4,86,False,43,comedy,1,True,False,588,90.1181,15.2654,15,True,24,8,28.5415,spring,26,True,False,True,False,0.004,33,False,6.6186
73,68,274,88.6323,False,34,4,18,False,1,57,83,1,91,True,161,classical,2,False,False,147,100.0,3.3436,18,True,15,54,112.7203,spring,29,False,False,True,True,0.004,36,True,4.1559
27,55,147,32.5047,False,0,1,2,True,6,15,85,4,95,False,231,classical,1,True,False,391,100.0,17.6534,24,False,10,96,25.5202,summer,39,True,False,False,True,0.0066,33,False,2.4494
60,33,21,58.9713,False,28,9,0,True,2,66,85,4,97,True,218,musical,1,True,False,108,94.6284,6.8286,16,True,25,81,107.8522,spring,34,False,True,True,False,0.004,19,False,9.4842
47,105,54,35.3852,True,19,4,3,False,4,40,85,1,89,False,130,comedy,1,False,False,504,100.0,1.3224,18,True,9,67,92.666,autumn,31,False,True,True,True,0.004,14,False,4.9437
21,177,43,37.6064,True,17,4,16,True,2,36,81,4,96,False,106,musical,1,True,False,649,98.8432,16.0443,20,True,8,42,66.0074,winter,25,True,False,True,False,0.004,8,False,6.6767
92,81,223,54.0059,False,16,6,17,True,3,60,79,4,91,False,142,drama,2,True,False,833,87.6695,6.5863,26,False,28,99,48.4535,summer,35,True,False,False,False,0.004,24,False,6.8191
1,96,281,30.7234,True,18,3,15,False,6,21,82,1,93,False,142,musical,1,,True,684,100.0,12.1875,17,True,11,48,76.6585,summer,39,True,False,True,True,0.004,25,True,4.742
18,68,35,9.6104,False,24,1,4,False,6,11,84,3,88,True,76,comedy,2,,False,889,95.308,18.8001,18,True,21,63,102.3155,summer,30,True,True,False,False,0.004,8,True,8.7563
4,147,107,13.2031,True,9,5,11,False,1,46,92,4,88,True,216,drama,1,True,True,586,90.0951,4.3937,18,False,10,69,20.6381,summer,29,True,False,False,False,0.004,37,False,2.2455
44,88,54,18.4631,False,45,6,10,False,6,59,82,4,90,False,212,comedy,1,,False,350,100.0,1.1576,29,False,6,31,24.9579,winter,29,True,False,False,True,0.004,8,True,9.8051
63,155,241,41.3022,False,35,8,16,True,2,94,80,3,98,False,125,musical,2,False,True,215,100.0,4.7042,17,False,10,84,89.4014,spring,37,True,True,False,False,0.004,33,False,4.6153
20,39,38,13.8954,True,42,9,17,False,5,83,86,2,83,True,130,drama,2,False,True,120,100.0,14.6837,17,False,17,83,67.6831,summer,39,False,False,False,True,0.004,8,True,9.5357
30,112,184,60.5234,False,36,3,3,True,6,65,87,1,92,True,195,comedy,1,True,True,804,100.0,17.4182,9,True,23,77,81.971,summer,32,,True,False,True,0.004,6,False,3.4537
35,188,89,61.7751,False,25,8,13,False,5,18,80,4,97,True,140,musical,1,True,True,333,100.0,14.5634,15,False,27,44,105.6926,spring,22,False,True,False,False,0.004,9,False,9.3437
7,156,130,84.4367,False,40,4,7,True,4,58,83,4,92,True,136,drama,2,False,True,612,97.9242,9.7186,18,False,28,87,27.8344,winter,24,False,True,True,True,0.004,15,True,4.8704
83,48,200,36.5886,True,41,3,4,True,3,34,78,1,92,False,133,musical,1,True,True,310,100.0,4.2132,21,True,20,44,78.8329,autumn,31,,False,True,True,0.004,26,False,4.1663
36,61,167,22.8841,False,46,7,13,False,6,40,80,2,95,False,147,classical,1,True,True,792,100.0,17.3073,18,False,25,45,116.3178,spring,34,True,False,False,False,0.004,21,True,5.715
78,121,56,90.156,False,5,9,6,True,5,9,87,2,89,True,179,classical,1,False,True,397,99.584,2.7177,16,True,27,10,54.6429,autumn,34,False,True,False,False,0.004,13,True,4.9239
35,121,50,21.8886,True,18,6,4,True,2,8,84,3,92,True,131,classical,2,,False,855,94.4599,7.6397,22,True,5,100,60.6098,autumn,28,True,True,False,True,0.004,6,True,1.4236
73,125,235,97.6743,False,18,7,15,True,7,39,79,2,89,False,115,drama,1,False,True,190,93.8621,5.8146,9,False,2,74,11.29,summer,33,True,False,False,False,0.004,10,True,3.2779
72,185,41,90.3531,True,41,1,7,True,2,71,80,2,100,True,196,comedy,2,True,True,100,95.7016,3.522,19,False,12,48,22.0427,winter,31,False,False,True,False,0.004,25,False,4.0261
27,19,197,51.4738,False,35,8,17,False,2,40,91,2,91,False,226,musical,1,False,False,865,95.9456,0.0,13,False,23,37,91.6398,spring,31,False,False,True,True,0.004,15,True,5.5257
71,191,91,34.6631,False,44,5,17,False,1,88,82,2,96,True,163,drama,2,True,True,191,100.0,6.4549,18,True,22,44,104.7395,winter,21,,False,False,False,0.004,38,False,9.5814
92,96,32,52.4988,True,17,9,8,True,5,25,80,4,97,False,133,musical,1,True,True,599,88.1963,7.0516,24,True,3,65,22.8848,summer,32,True,True,False,False,0.004,38,False,1.1177
1,152,33,68.5138,True,40,9,1,True,3,93,90,1,92,False,105,musical,2,True,True,743,100.0,4.2092,11,False,7,51,99.9412,spring,28,False,False,False,True,0.004,9,False,1.2118
38,147,265,85.3965,True,43,5,13,True,3,11,96,3,93,True,62,musical,1,,True,919,96.4021,18.5216,19,True,13,63,103.5741,autumn,43,True,True,False,False,0.004,29,False,4.9092
83,77,261,19.1922,False,0,6,1,False,4,45,78,4,91,True,172,classical,2,False,True,543,94.3019,19.7041,15,True,22,23,37.9892,winter,28,True,False,True,False,0.0077,23,True,7.2977
92,115,250,35.7874,True,46,2,16,False,5,74,80,3,89,True,147,musical,2,True,True,732,99.5309,17.5756,17,True,12,93,19.0002,winter,30,False,False,True,False,0.004,11,False,7.6777
41,137,262,22.0185,True,21,9,17,True,2,55,86,3,95,True,193,drama,1,True,True,225,92.1809,11.7014,21,False,25,23,102.1906,summer,29,True,True,True,False,0.004,38,True,1.5639
89,110,181,41.8112,False,18,1,2,True,6,40,89,2,100,True,58,comedy,2,False,False,182,95.748,6.1597,16,True,23,71,18.1658,spring,38,True,True,True,True,0.004,39,False,4.7722
82,138,142,34.3741,True,16,2,2,False,1,69,89,4,85,True,153,classical,2,True,True,696,100.0,18.8163,24,False,26,61,75.2976,spring,32,False,False,False,False,0.004,4,False,2.2373
55,158,215,62.2237,True,0,5,0,False,1,51,84,4,91,False,186,drama,1,True,True,353,100.0,14.6587,25,False,25,3,54.2215,autumn,24,True,False,True,False,0.0111,35,False,7.444
34,173,193,31.8418,True,33,9,0,True,3,31,79,2,87,False,129,drama,1,False,True,243,100.0,7.4701,19,True,4,48,74.6088,winter,26,False,False,False,False,0.004,26,False,8.1568
70,128,273,4.7984,False,4,4,0,True,6,65,85,2,93,True,36,comedy,2,False,False,664,100.0,9.5639,16,False,13,42,106.7464,autumn,25,False,True,True,False,0.004,13,False,1.0665
6,61,42,71.4077,True,34,7,18,False,2,34,76,3,100,False,90,comedy,1,False,True,1000,97.9602,12.017,23,True,20,76,98.8381,spring,21,True,False,True,True,0.004,23,False,5.7887
85,169,59,38.0871,True,50,3,7,True,4,47,86,2,86,False,180,musical,1,True,True,111,100.0,12.2654,17,True,21,15,97.199,autumn,21,False,True,False,False,0.004,21,False,1.6959
65,94,31,87.798,False,48,7,7,True,5,14,81,3,97,False,203,classical,2,,False,444,100.0,3.4944,12,False,1,29,78.5173,autumn,28,True,True,True,False,0.004,39,False,5.6633
48,43,159,4.7954,False,2,4,9,False,6,18,87,3,99,True,89,drama,2,True,False,299,89.3417,20.0,20,False,14,73,48.3299,winter,30,True,False,True,False,10.0,16,True,4.5261
85,77,40,65.7323,False,11,5,6,False,3,56,76,3,99,False,240,musical,1,True,False,175,96.1198,20.0,14,False,0,95,38.1287,autumn,35,True,False,False,False,5.0,15,True,6.2741
2,11,290,0.0,False,11,5,8,False,7,1,86,1,91,True,240,comedy,1,True,False,864,95.0488,6.5154,25,True,14,52,66.9391,autumn,38,False,True,True,False,0.0059,3,False,5.0667
53,63,157,37.7684,False,39,4,4,False,1,24,87,3,98,False,35,comedy,2,True,False,423,100.0,6.4899,14,True,28,92,36.831,summer,19,False,True,True,True,0.004,30,False,9.7443
8,158,101,92.3776,False,32,9,15,True,5,10,88,1,100,False,175,drama,1,,False,775,95.0359,9.7441,14,True,11,74,112.9542,winter,24,True,True,True,False,0.004,24,False,5.4282
93,119,121,8.4414,True,10,3,6,True,3,78,88,1,93,True,39,classical,1,True,True,593,93.8222,5.4337,23,False,11,5,84.2639,summer,25,True,True,False,True,0.004,39,True,8.9885
1,92,265,77.266,True,9,2,13,False,1,58,86,3,88,True,144,drama,1,False,False,351,93.4557,7.6477,21,True,14,48,58.0707,autumn,34,True,True,True,True,0.004,31,False,1.5631
53,145,73,6.9768,True,13,6,1,True,4,94,88,4,97,True,220,drama,1,True,False,182,96.6365,3.4901,17,False,29,89,91.395,winter,21,True,True,True,True,0.004,3,True,8.4224
18,78,58,89.0551,True,20,9,10,True,2,44,79,4,85,False,166,drama,1,False,True,507,100.0,10.6883,18,True,7,61,35.6475,summer,34,True,True,True,True,0.004,7,False,4.9239
27,8,300,20.0901,False,9,7,14,False,5,96,84,5,89,True,108,drama,2,False,False,285,92.2273,0.3152,16,False,26,31,64.6472,winter,33,False,True,False,False,0.004,35,False,8.915
44,18,266,56.6196,True,0,3,6,True,1,64,86,2,94,False,224,comedy,2,False,True,975,96.8615,8.966,20,True,19,80,95.3135,summer,36,False,True,True,True,0.004,24,True,9.3642
23,117,223,20.8594,False,16,1,15,False,3,3,84,2,100,False,212,musical,2,False,True,264,95.0459,8.9352,14,False,4,58,32.3494,autumn,24,True,True,False,False,0.004,28,True,2.8251
69,164,184,83.0061,False,34,1,17,False,3,23,84,3,94,False,30,comedy,2,,False,782,91.7424,13.696,16,True,0,55,53.1978,spring,36,True,True,False,True,0.004,5,False,4.1101
84,94,231,4.2627,False,27,9,19,True,4,87,84,3,93,True,179,comedy,1,True,False,110,94.403,19.0764,20,False,26,80,103.1108,summer,15,False,True,False,False,0.004,21,False,6.1861
20,42,23,3.0106,False,36,7,17,True,1,100,84,1,95,False,68,classical,1,False,False,616,100.0,8.6078,11,True,18,24,28.4392,summer,29,,False,True,False,0.004,6,False,2.9505
20,123,182,100.0,True,40,8,11,False,4,81,81,3,93,False,121,comedy,2,True,False,169,99.3258,11.6707,21,True,1,26,104.762,winter,34,True,False,False,False,0.004,19,True,8.9045
12,34,248,10.9185,True,34,7,19,False,1,88,76,1,92,False,112,drama,2,True,True,144,98.6511,19.3731,17,True,21,87,79.9018,summer,34,False,False,True,True,0.004,39,False,6.7838
1,143,231,2.7699,False,39,8,14,False,4,21,87,3,96,False,64,musical,1,,False,518,93.3775,18.7857,12,True,9,31,26.4314,autumn,30,False,False,True,False,0.004,32,True,6.7997
89,72,143,64.4562,True,37,2,13,False,1,63,84,3,91,True,150,comedy,1,False,False,516,96.9035,7.352,17,False,28,5,48.1057,winter,36,False,False,False,True,0.004,12,False,7.531
79,195,78,49.5362,False,22,7,4,False,2,6,79,3,95,True,31,musical,1,False,True,217,96.8263,7.8423,20,False,27,69,112.289,autumn,25,True,True,False,True,0.004,10,False,9.2694
61,188,120,36.1838,True,16,9,6,True,4,48,84,2,92,False,91,drama,1,False,True,547,100.0,1.443,21,True,2,8,91.1519,spring,38,False,False,False,True,0.004,28,False,3.3937
10,11,277,31.5209,False,47,9,19,True,2,26,78,4,98,True,175,classical,1,False,True,658,89.0015,2.202,12,True,13,98,78.3801,spring,25,,True,False,False,0.004,2,True,9.7505
41,41,255,41.2472,True,23,7,11,True,2,55,90,3,92,True,169,comedy,1,True,False,252,100.0,4.9519,20,True,7,71,59.7657,winter,27,False,False,False,False,0.004,6,True,2.0137
91,142,156,28.8756,False,42,3,13,False,2,72,84,1,91,True,154,musical,1,,True,847,100.0,15.8574,14,True,17,7,119.1032,winter,36,True,True,True,True,0.004,4,False,8.8685
61,173,104,29.9464,True,44,9,9,True,1,26,85,4,92,False,101,musical,2,False,False,154,99.6339,18.5367,22,False,10,84,81.6733,summer,27,,False,True,True,0.004,38,False,7.4098
26,31,209,5.016,False,8,9,17,True,2,31,84,4,99,False,98,musical,2,False,False,495,94.8532,1.766,19,False,14,30,95.1952,winter,29,False,False,False,True,0.004,4,True,5.6638
81,15,97,75.5767,False,18,9,18,True,2,56,84,4,93,True,59,musical,2,True,True,100,94.7837,12.2901,13,True,27,42,84.3532,summer,35,False,True,False,False,0.004,21,True,9.9587
91,38,148,57.1694,True,20,2,12,False,4,56,85,1,88,True,141,classical,2,True,True,303,96.8552,5.2899,11,False,10,29,97.3751,summer,21,False,False,True,False,0.004,14,True,4.0042
58,126,90,16.556,False,26,6,7,False,4,28,87,3,96,False,194,classical,2,True,True,423,94.8588,2.0954,12,False,24,44,118.313,autumn,22,True,True,False,False,0.004,36,True,8.2166
83,110,164,52.2899,False,30,4,0,False,2,79,84,1,92,True,79,classical,1,True,False,211,85.5734,3.6319,19,True,10,65,98.409,winter,29,False,False,True,True,0.004,6,False,8.0698
21,192,187,12.465,True,0,6,14,False,4,31,84,2,87,True,70,classical,2,False,True,136,100.0,5.2628,11,True,12,9,113.8005,winter,35,True,True,False,False,10.0,13,False,1.0025
4,74,82,79.6219,True,10,4,7,True,3,17,86,5,95,False,214,musical,1,False,False,937,100.0,19.7058,10,False,22,78,95.9228,spring,23,False,False,True,True,0.004,27,False,9.975
48,197,242,82.3113,True,47,3,15,True,1,43,88,3,92,True,128,musical,2,False,False,960,92.9019,7.936,14,True,14,59,113.6951,summer,33,True,False,True,False,0.004,6,False,2.031
60,190,181,93.7809,True,37,8,5,False,2,59,84,1,85,False,94,classical,2,,False,151,100.0,17.182,15,False,19,68,10.0,spring,28,False,True,True,True,0.004,22,False,9.8644
76,24,263,63.3774,False,36,5,17,False,5,44,90,4,86,False,64,drama,2,True,False,833,93.885,12.3733,19,False,4,64,74.5199,summer,35,False,False,False,False,0.004,31,True,2.7238
21,186,128,64.09,False,37,4,14,True,6,57,86,5,84,False,86,drama,1,False,True,217,92.2651,10.8508,19,False,17,33,10.0,winter,22,False,True,True,False,0.004,19,False,8.268
55,13,210,62.3396,False,20,6,10,True,6,3,79,4,82,False,109,musical,1,True,False,830,96.1236,13.3054,17,False,4,25,23.3202,summer,34,True,False,False,True,0.004,27,True,8.0621
80,200,260,63.1719,True,49,7,13,True,2,95,84,4,93,True,228,comedy,1,,True,456,91.3753,17.8501,22,False,20,22,105.3227,winter,23,True,False,False,False,0.004,38,False,7.0536
28,48,153,4.019,False,13,2,0,True,2,83,88,4,88,False,153,classical,2,False,False,595,99.4635,20.0,17,True,20,0,80.1482,winter,39,False,False,False,True,0.004,6,True,1.6323
11,90,185,9.8626,False,14,10,17,True,6,29,80,4,90,True,46,musical,2,True,False,639,100.0,1.7379,6,True,6,12,93.695,spring,32,False,True,True,False,0.004,25,False,2.6472
81,2,223,64.1974,False,25,4,15,False,3,3,94,4,100,False,213,comedy,2,False,True,475,98.3308,1.4355,12,False,8,80,73.8204,summer,28,False,True,False,False,0.004,37,False,1.0
35,134,188,33.533,True,7,3,11,False,1,14,85,4,92,False,195,musical,1,True,True,437,100.0,8.6111,16,True,22,91,107.2917,winter,31,False,True,True,False,0.004,36,True,9.6756
7,36,137,6.2089,False,22,7,12,True,4,77,86,2,95,False,160,classical,1,True,False,210,100.0,3.3097,21,False,18,16,71.2933,winter,40,,False,True,True,0.004,16,False,1.5061
1,192,284,0.0,True,35,2,4,False,3,5,76,2,93,False,114,classical,1,True,True,712,96.1744,9.5302,15,False,14,79,91.9709,autumn,38,False,True,True,True,0.004,20,False,7.581
73,192,211,9.2545,False,25,6,14,True,6,23,90,2,95,True,54,classical,2,False,False,719,97.5446,4.5926,22,False,30,22,69.866,summer,45,True,True,False,True,0.004,14,False,6.3983
16,144,62,26.7138,True,47,3,14,True,1,71,90,2,78,True,123,drama,2,False,False,414,92.4764,15.9895,20,False,26,78,39.405,autumn,29,True,True,True,False,0.004,18,False,1.8956
99,126,80,9.8501,False,45,7,15,True,1,75,81,1,93,True,155,comedy,2,,False,1000,97.5804,0.0469,19,False,9,99,66.2339,spring,38,False,True,True,False,0.004,33,True,4.9009
97,192,100,24.9305,False,29,3,12,False,5,10,90,2,89,True,76,comedy,1,True,False,173,100.0,11.085,16,False,18,20,73.4434,winter,23,True,False,False,False,0.004,29,True,5.4605
12,3,278,0.8228,False,3,1,3,False,6,31,86,2,91,True,121,comedy,2,False,True,917,94.3014,7.8488,10,True,26,53,58.3179,spring,32,True,False,True,True,0.0111,16,False,4.9974
57,93,132,98.3371,False,38,8,4,True,1,27,87,5,93,False,206,comedy,1,True,True,163,95.9162,12.3193,15,False,10,26,98.4023,spring,14,False,False,True,True,0.004,18,True,3.6082
27,120,147,78.9022,True,19,3,14,True,1,57,77,3,92,False,198,comedy,2,,True,443,95.6821,2.1016,21,False,0,33,117.5746,winter,38,False,False,False,True,0.004,24,False,4.315
86,4,203,70.4801,True,15,1,18,False,6,37,82,3,89,False,178,musical,1,True,True,519,95.7948,9.2059,17,False,3,60,69.3307,summer,33,False,False,True,True,0.004,26,True,5.1712
79,126,108,73.2264,True,12,3,2,False,6,1,87,3,96,True,118,drama,2,False,True,545,95.3388,7.2148,20,False,20,100,92.2185,winter,33,,False,True,True,0.004,36,False,1.5531
62,76,172,88.0426,True,22,7,9,True,4,1,83,4,85,True,160,classical,2,True,True,837,97.2593,5.6586,20,False,17,30,64.6151,summer,32,False,False,True,True,0.004,22,True,6.3489
46,195,68,93.0821,False,44,5,14,False,2,16,86,2,90,True,140,musical,1,False,False,711,98.1987,0.8242,21,True,12,50,44.4831,winter,35,True,False,False,False,0.004,17,True,2.7842
27,0,206,55.142,True,7,10,15,False,1,41,73,4,92,False,176,comedy,1,False,False,301,98.0663,4.5354,11,False,11,69,107.5664,autumn,32,True,False,True,False,10.0,15,True,2.3992
80,41,172,90.7096,True,1,8,9,True,1,5,81,1,100,True,149,musical,2,,True,376,98.0554,9.4921,16,False,27,0,61.1134,autumn,42,True,True,True,False,0.004,37,False,6.4318
53,136,146,1.1237,False,7,1,0,False,1,30,85,4,95,False,74,comedy,2,False,False,989,95.3808,9.1412,14,True,12,74,103.7835,winter,32,True,False,False,True,0.0092,29,False,6.2466
28,99,172,97.12,False,3,2,7,True,4,79,85,2,95,False,142,drama,1,False,True,233,96.4978,18.1488,17,True,4,90,55.0191,autumn,25,False,False,False,True,0.004,23,True,3.7561
82,104,54,13.2596,True,7,5,13,False,4,100,80,4,89,False,183,drama,1,False,False,137,94.4659,16.3433,23,True,16,40,94.8475,winter,26,False,True,True,True,5.0,10,False,7.9218
8,179,129,46.1118,False,27,6,18,True,4,55,91,2,100,False,127,comedy,2,False,True,935,99.1524,4.62,18,False,1,25,54.5503,autumn,26,True,False,True,False,0.004,11,True,2.099
60,175,181,82.9214,True,48,2,13,False,3,22,82,1,98,True,180,comedy,1,True,True,868,96.2957,2.4986,14,False,9,92,88.3403,winter,26,True,False,False,True,0.004,24,True,1.1352
38,61,49,5.5487,True,47,4,5,False,5,59,80,2,88,False,56,musical,2,,False,818,95.2456,10.104,25,True,15,34,53.5044,autumn,41,True,False,False,True,0.004,35,False,1.8246
90,107,41,1.3716,False,8,8,10,True,2,49,85,3,98,False,197,musical,1,True,False,980,100.0,12.1514,15,False,29,26,29.915,spring,28,False,False,False,True,0.004,30,False,8.6615
67,93,63,87.6626,True,43,6,2,True,5,41,80,1,91,False,123,drama,1,False,True,370,97.2724,13.9611,11,False,11,71,93.4829,autumn,29,True,False,False,True,0.004,10,False,6.4837
5,99,267,16.5866,True,46,2,4,True,5,63,79,4,99,False,240,drama,2,,True,587,100.0,10.8429,16,False,8,93,19.0656,summer,27,False,True,False,True,0.004,27,False,4.8716
81,74,66,71.4438,False,1,8,8,True,6,28,86,4,95,True,111,classical,1,True,True,967,97.8043,9.9746,12,True,10,97,115.3375,winter,29,True,False,False,False,0.004,36,False,4.0902
94,197,288,72.9348,False,31,7,10,True,6,1,82,3,86,False,60,drama,2,True,False,857,85.0838,8.5933,16,False,19,66,69.8479,winter,26,True,True,True,False,0.004,23,False,2.4908
96,99,46,83.3402,True,11,2,9,False,6,21,87,2,98,False,165,comedy,1,True,False,480,91.3808,14.9912,9,True,28,86,46.178,summer,37,True,True,False,True,0.0059,14,False,9.6972
72,44,243,7.4562,False,8,3,15,False,3,21,86,1,89,False,202,comedy,1,False,True,589,95.5988,7.2761,16,True,10,66,38.3045,summer,32,True,False,True,False,10.0,3,True,2.2172
25,22,70,43.7857,False,27,1,16,True,5,87,90,3,89,True,204,drama,1,False,True,178,100.0,8.4105,21,True,1,100,86.9953,autumn,30,True,False,True,True,0.004,21,True,7.6365
12,41,182,6.0498,False,1,8,1,True,2,1,82,3,90,False,115,comedy,1,True,False,676,91.517,16.2814,16,True,11,75,23.6285,spring,40,,False,True,False,0.0104,6,False,5.2695
11,128,25,10.8317,False,6,1,17,True,6,95,88,1,88,False,129,classical,2,True,True,872,92.1278,15.4211,19,False,2,83,91.0982,autumn,27,True,False,False,False,0.004,28,False,9.0677
31,179,282,75.7913,True,46,8,5,False,3,68,87,3,95,False,213,classical,1,True,True,572,100.0,0.4128,13,False,28,79,39.7093,winter,25,True,False,False,False,0.004,20,True,7.9541
94,58,121,49.7743,True,12,1,0,True,2,80,90,1,92,False,127,musical,2,True,False,943,98.1101,0.8807,21,True,3,9,35.9455,summer,36,True,False,False,True,0.004,29,True,8.0244
92,92,132,28.0766,False,25,7,14,False,2,3,84,2,96,True,42,musical,1,False,False,814,100.0,19.7364,9,False,2,25,80.1724,summer,31,True,False,True,False,0.004,19,False,9.3416
64,156,104,48.7601,True,32,5,4,True,1,2,88,1,90,True,71,comedy,2,False,False,656,100.0,2.0845,13,False,22,14,66.5805,summer,34,True,False,False,False,0.004,2,True,1.8988
40,25,95,47.8263,True,3,5,1,False,1,18,76,2,92,False,169,comedy,1,True,False,751,96.8935,8.3401,13,True,12,89,67.8854,winter,38,False,False,False,True,0.0111,4,True,2.058
18,68,243,21.0972,True,4,2,3,False,3,63,80,3,97,True,136,musical,1,True,False,918,100.0,2.538,19,False,4,46,103.7395,winter,17,,True,False,True,0.004,22,False,7.0019
64,182,222,18.0399,True,17,2,1,True,1,86,85,4,95,True,217,drama,1,True,False,673,100.0,17.3398,15,True,3,56,81.975,winter,34,True,True,True,False,0.004,19,True,2.6013
65,100,59,15.9229,False,20,7,11,False,5,79,81,4,92,False,148,comedy,1,True,True,157,92.5049,16.7564,12,True,30,91,79.793,summer,39,,True,False,True,0.004,5,True,5.822
25,178,286,64.9407,False,11,5,13,False,4,12,88,5,100,False,199,comedy,1,False,True,582,95.2144,1.5458,14,False,0,88,100.9311,autumn,37,True,True,True,False,0.004,36,True,3.9922
28,200,62,98.7142,True,43,5,8,True,1,34,90,3,91,True,109,comedy,2,False,False,1000,96.6347,16.3477,14,True,3,37,60.3606,winter,28,False,True,True,False,0.004,27,False,7.3098
71,159,215,78.7517,False,19,1,13,True,4,76,90,2,100,False,93,musical,1,True,False,781,91.2818,18.3665,12,True,29,26,51.1489,winter,35,False,True,False,True,0.004,19,False,9.3927
62,184,300,80.6437,True,44,2,15,True,3,79,93,3,97,False,131,drama,1,False,True,284,100.0,3.9874,19,True,5,55,14.5029,autumn,40,False,False,False,True,0.004,35,True,7.3416
97,8,282,43.4443,False,3,10,5,True,4,83,80,2,93,True,140,drama,1,True,True,704,100.0,8.7087,17,True,3,100,12.8391,autumn,40,True,False,False,False,0.0442,4,True,4.6174
85,182,298,29.5339,True,1,4,7,True,3,49,75,1,85,False,57,musical,1,True,False,503,97.2104,2.3134,12,False,2,22,86.3426,winter,38,False,True,False,True,0.004,18,False,8.664
21,112,222,33.9938,True,2,8,14,False,5,50,80,1,91,False,64,drama,1,True,True,335,93.8354,15.5328,11,False,20,90,62.5663,spring,19,False,True,True,True,0.004,16,True,9.134
41,21,52,86.0481,True,39,4,0,False,1,97,92,2,89,False,98,drama,1,True,True,495,99.4852,17.0995,18,False,2,91,116.8712,winter,30,False,True,False,False,0.004,16,False,8.7751
63,118,21,45.7088,False,10,2,15,True,5,41,88,1,90,True,73,classical,1,False,False,118,92.9867,15.687,24,True,5,48,113.2102,summer,28,True,True,False,False,0.004,9,True,6.7992
16,164,103,6.9758,True,30,1,5,True,1,66,85,3,77,False,125,drama,2,True,True,447,100.0,14.2679,16,False,25,33,14.0798,autumn,34,True,False,False,False,0.004,6,True,4.7607
92,18,99,1.234,False,30,5,9,False,2,36,89,3,100,False,209,musical,2,False,False,936,100.0,2.9981,16,False,9,83,23.1555,autumn,35,True,True,True,False,0.004,2,False,6.6464
19,182,184,96.0952,False,29,7,7,True,6,33,90,3,95,True,121,musical,2,False,False,444,91.5952,7.0644,15,False,5,96,44.6787,spring,38,False,True,False,False,0.004,25,False,4.8193
84,123,217,75.2235,True,29,1,10,False,4,90,80,2,87,True,155,drama,1,,True,600,100.0,16.8936,15,False,3,68,66.1995,summer,28,False,True,False,True,0.004,25,True,5.2509
15,135,146,68.9689,True,34,9,7,False,4,99,82,4,86,True,174,classical,2,,True,183,94.008,0.3579,12,True,23,100,37.0844,autumn,31,True,True,False,True,0.004,26,True,3.1245
86,117,138,50.964,False,4,6,4,False,2,28,81,3,90,False,52,classical,2,True,False,257,96.6262,2.4987,19,True,13,15,26.3106,autumn,40,False,True,False,False,10.0,8,True,6.4019
69,125,181,92.2902,False,46,1,3,True,6,61,76,4,94,True,85,classical,1,False,True,609,98.1494,5.7507,21,True,23,67,83.6379,autumn,34,False,False,True,True,0.004,36,False,2.8602
70,26,182,94.4026,False,3,8,9,True,6,23,85,3,90,False,124,classical,2,False,True,324,99.4241,18.8761,12,True,11,79,46.518,summer,20,False,False,False,True,0.0442,16,False,8.9152
48,87,219,11.8958,False,27,2,6,True,5,42,75,1,92,True,227,musical,1,False,True,761,99.6143,11.3482,21,False,26,87,113.395,spring,23,True,False,False,True,0.004,2,False,4.1955
21,61,98,37.117,False,32,6,0,False,5,66,81,4,90,False,125,comedy,2,False,False,514,98.8315,7.464,14,False,16,87,105.9623,spring,28,True,False,False,False,0.004,28,True,7.3019
87,176,222,6.2699,False,29,7,19,False,5,93,77,3,85,True,82,drama,1,False,False,561,98.7532,17.9985,21,True,28,28,119.7304,spring,33,False,False,False,True,0.004,10,True,4.3826
52,96,274,23.5728,False,5,5,3,False,4,7,84,4,85,True,165,classical,2,True,True,820,95.2757,16.74,22,True,16,50,23.7679,winter,29,False,True,False,False,0.0098,5,True,2.2204
23,27,147,75.1196,False,34,7,19,True,4,80,75,2,88,False,142,musical,1,False,False,665,100.0,2.3225,20,False,14,80,41.1915,winter,35,False,True,False,True,0.004,6,True,8.3326
87,5,285,29.3459,False,45,5,16,False,5,70,81,3,89,False,199,comedy,1,True,True,250,93.0098,18.8282,18,False,15,56,80.8415,spring,27,False,True,False,False,0.004,27,True,5.5119
59,171,173,72.6521,False,19,4,4,True,2,83,92,4,91,True,91,drama,2,False,False,219,100.0,0.9439,13,True,27,60,80.8524,summer,27,False,True,True,True,0.004,15,True,1.0934
12,151,275,51.4591,True,23,9,1,False,1,90,85,4,88,False,120,comedy,2,True,True,977,96.4554,3.4501,13,True,25,52,95.589,summer,34,False,True,False,False,0.004,27,True,2.2205
59,102,162,86.0654,False,49,2,18,False,5,4,80,1,92,True,179,classical,1,True,False,1000,100.0,15.4973,12,False,20,11,77.9512,winter,37,True,False,False,False,0.004,29,True,2.4817
40,142,239,31.4849,False,30,6,10,True,6,87,91,4,91,True,37,musical,2,True,False,683,95.0403,8.4669,21,True,24,97,82.3693,autumn,39,True,False,False,False,0.004,36,False,4.9582
73,194,100,65.1401,True,34,6,0,True,3,23,72,2,94,False,173,comedy,2,False,True,760,99.399,16.0795,20,False,28,43,100.7497,spring,32,False,True,True,True,0.004,29,False,7.3735
59,143,67,51.0922,True,13,6,17,False,5,57,88,4,97,True,179,musical,2,True,True,601,98.9597,13.5039,17,False,9,97,36.6069,spring,36,False,True,False,True,0.004,23,False,9.9524
15,132,188,57.5816,True,47,5,13,True,1,32,86,2,88,False,187,musical,1,False,False,883,100.0,16.9576,16,True,20,100,46.4523,winter,31,True,False,True,False,0.004,5,False,1.7625
1,89,127,45.4569,True,0,7,11,True,2,31,88,4,94,True,213,musical,2,True,True,862,96.0104,3.2813,16,False,17,90,14.3617,autumn,29,False,True,True,True,0.004,33,True,6.649
69,2,114,57.3419,True,24,7,6,True,1,44,84,2,93,False,88,comedy,1,True,True,250,91.0004,12.8101,11,False,8,44,95.9302,autumn,27,True,False,False,False,0.004,11,True,3.6966
87,171,123,9.6471,True,43,2,9,False,5,82,78,4,87,False,174,classical,1,False,True,776,98.7658,4.7611,11,True,12,69,24.493,winter,38,True,True,False,True,0.004,24,False,9.4124
1,115,133,70.2448,True,36,5,14,True,2,37,92,3,95,False,47,comedy,1,True,False,246,93.2036,15.2341,13,False,6,28,84.5206,summer,41,,True,False,False,0.004,21,False,6.2168
54,168,33,97.0932,True,11,1,14,True,2,70,83,1,90,True,42,musical,2,True,True,324,97.0057,8.6604,12,True,13,52,66.1789,winter,33,True,True,True,True,0.004,7,False,5.0356
61,121,131,29.274,True,40,6,2,False,3,79,80,1,90,False,208,musical,1,True,False,679,88.7258,10.4635,11,False,6,61,37.7218,spring,31,,True,False,True,0.004,40,True,6.6397
94,190,26,81.6501,False,35,5,1,False,1,90,81,1,90,True,162,musical,2,True,False,470,94.6233,12.8162,14,False,22,17,55.268,summer,36,False,True,False,False,0.004,2,True,3.5243
25,115,123,71.7434,True,14,5,2,True,3,55,74,1,98,True,79,musical,2,True,True,608,95.4782,4.9322,13,False,13,56,24.8749,autumn,28,False,False,False,False,0.004,28,False,3.7644
10,123,104,37.9564,True,35,2,11,False,6,2,88,3,99,True,211,classical,1,False,True,806,93.7611,1.8377,12,False,14,3,31.3197,summer,37,True,True,True,False,0.004,10,True,8.769
75,103,97,47.9958,False,28,6,18,True,2,19,83,2,88,True,240,classical,1,True,False,429,96.6652,0.7859,18,False,27,73,43.7345,summer,30,,True,True,False,0.004,16,False,7.4461
69,180,108,48.578,False,23,10,10,True,1,35,75,4,93,True,222,classical,1,True,True,185,93.9785,4.1544,9,False,23,61,98.5877,summer,22,True,True,True,True,0.004,34,False,7.7816
36,17,99,96.8924,True,28,3,11,False,2,92,91,3,92,False,106,drama,1,True,False,369,100.0,6.1618,24,False,25,74,95.0644,summer,28,False,True,False,False,0.004,28,True,5.1256
30,0,259,15.1584,True,9,6,14,False,3,82,84,3,93,True,108,classical,1,False,False,546,98.837,5.4001,21,True,19,30,73.9424,winter,21,False,False,True,False,0.0073,38,True,2.0198
82,45,177,97.7469,True,22,2,4,False,2,93,88,1,92,False,54,comedy,1,False,True,177,100.0,3.3332,9,False,13,65,76.3322,spring,29,True,True,False,False,0.004,21,True,5.5229
91,122,288,57.3348,True,36,2,10,False,4,54,84,1,96,True,208,drama,1,True,False,472,92.8534,16.3885,9,True,1,77,18.5053,summer,32,False,True,False,False,0.004,33,True,3.1946
10,154,154,69.0648,True,36,5,17,True,5,75,77,1,98,False,129,drama,2,False,False,380,93.3316,10.769,17,True,12,28,53.8202,autumn,27,False,True,False,True,0.004,20,False,5.0635
70,172,292,32.6186,True,39,1,7,True,5,46,89,2,87,True,145,musical,1,True,True,893,100.0,4.3039,13,True,20,90,88.3382,autumn,29,True,True,False,True,0.004,13,True,4.012
68,87,27,19.1555,True,20,4,1,True,4,3,78,1,96,True,201,musical,1,,False,363,90.9801,14.2479,16,False,19,79,42.0617,autumn,28,False,True,True,True,0.004,21,False,4.3675
38,2,181,57.7399,True,35,4,18,True,3,79,83,1,91,True,127,classical,1,False,False,882,100.0,10.5052,20,False,9,14,56.1804,spring,19,False,True,True,True,0.004,2,False,4.3653
46,131,247,31.9495,True,36,2,5,True,4,97,86,2,93,True,157,drama,1,True,False,940,100.0,19.6794,18,False,15,68,10.0,autumn,17,True,True,True,True,0.004,17,False,4.3288
54,98,158,76.5586,False,38,3,1,False,6,61,90,2,93,False,76,drama,1,False,False,373,94.3843,1.6757,11,False,4,8,93.2138,spring,37,True,True,False,True,0.004,16,True,6.302
70,152,49,94.7372,True,2,8,1,False,1,16,76,4,84,False,109,comedy,1,False,False,903,91.1424,18.658,19,False,13,32,76.4038,autumn,22,True,False,False,True,0.0111,15,False,6.9772
86,39,70,66.594,True,33,9,11,False,5,72,84,4,93,False,67,comedy,2,True,True,719,98.5071,15.6838,17,False,3,64,87.9711,autumn,31,,False,True,False,0.004,5,True,9.1169
79,154,223,76.4397,True,9,9,4,True,1,23,81,4,90,True,61,classical,2,False,True,767,91.7244,12.4424,20,False,0,61,41.1922,winter,30,False,True,False,True,0.004,20,True,5.8684
99,156,296,34.2911,True,24,6,14,False,7,67,84,4,82,True,130,comedy,1,True,False,828,100.0,1.7956,21,False,6,67,104.8621,autumn,42,True,False,False,True,0.004,35,False,6.7556
29,142,77,27.3228,True,49,6,8,False,3,57,78,3,91,False,77,classical,2,True,True,629,93.545,11.5442,18,True,10,45,75.1282,autumn,33,False,False,True,True,0.004,11,False,6.3697
64,114,279,99.9366,False,4,8,0,True,4,66,83,3,96,True,69,comedy,2,True,False,548,100.0,12.3098,22,False,21,66,101.411,autumn,42,False,True,True,False,0.004,23,True,3.0161
9,81,127,13.685,False,9,6,9,False,1,40,82,2,92,False,75,drama,1,False,True,358,96.3438,4.3757,16,True,22,100,77.5286,autumn,28,True,True,False,True,0.0042,6,True,1.8943
98,62,280,79.6418,False,44,9,17,False,6,46,80,2,91,False,177,comedy,2,False,True,146,96.6511,20.0,15,True,17,94,16.6927,autumn,30,False,False,True,False,0.004,16,True,1.0325
75,27,195,1.5601,False,26,3,18,True,2,88,76,1,89,True,214,drama,1,False,False,100,100.0,18.764,14,True,16,91,93.8088,winter,34,False,False,True,True,0.004,8,True,4.0795
63,25,81,83.5331,False,10,9,2,True,5,4,84,4,88,False,188,comedy,1,,False,466,100.0,16.3498,15,True,20,79,112.9714,summer,36,True,False,False,False,0.004,26,False,9.146
29,153,280,88.1604,True,22,1,8,True,4,17,75,3,88,True,226,musical,2,True,False,712,92.5118,7.7896,12,False,12,15,58.1739,autumn,31,False,True,True,True,0.004,37,False,4.0394
31,30,194,26.1363,False,38,6,8,True,3,44,74,4,100,False,191,classical,2,True,False,963,93.2597,5.2255,9,False,4,95,114.3578,summer,33,False,False,True,False,0.004,24,True,3.4073
94,152,200,29.3019,True,8,2,11,False,6,96,92,1,92,False,104,classical,2,False,False,958,100.0,2.9918,12,False,5,34,42.8178,spring,23,True,True,False,False,0.004,22,True,3.2629
6,180,269,89.9615,False,1,4,12,True,4,9,94,3,93,True,171,musical,1,False,True,210,93.155,13.5368,21,False,7,64,17.0711,winter,32,True,True,True,True,0.004,8,True,6.883
88,112,142,68.9368,False,7,2,4,True,4,10,93,1,90,False,64,musical,2,False,True,654,92.819,3.3983,12,True,20,29,84.3599,winter,24,True,False,False,False,0.004,21,False,2.4633
91,152,221,32.2362,True,49,7,15,False,5,6,75,1,92,True,113,musical,2,False,True,180,95.9201,19.3931,9,False,25,44,93.0834,autumn,24,,True,False,False,0.004,1,False,2.8284
33,113,103,63.3353,True,28,3,19,False,6,92,74,4,92,True,128,musical,1,False,False,390,96.2055,6.7514,12,False,1,68,18.4741,spring,31,True,True,False,False,0.004,36,False,8.5866
13,162,24,50.8556,False,10,6,0,False,6,52,90,4,89,False,165,drama,1,False,False,873,98.0928,11.4821,17,False,18,88,57.6592,summer,33,True,False,True,False,0.0111,15,False,2.2341
4,25,21,55.6048,False,39,7,8,True,1,12,92,4,92,False,30,drama,1,False,False,792,92.9426,10.6956,14,False,4,16,84.8206,spring,33,False,True,False,True,0.004,8,True,2.8116
6,74,42,31.8033,False,2,7,8,True,3,50,91,2,97,False,111,musical,2,True,False,552,100.0,14.4983,22,False,23,60,26.6576,winter,34,True,False,True,True,0.0098,8,False,6.4241
8,72,157,5.177,False,5,1,13,False,1,7,84,3,92,True,59,drama,1,False,True,740,91.6385,19.1335,20,False,21,83,55.2474,winter,30,True,True,True,False,0.004,28,False,3.0708
69,140,49,91.1543,False,36,8,10,True,4,30,83,1,94,False,140,drama,2,False,False,952,93.9217,4.6484,26,False,30,27,36.1236,winter,27,False,False,True,False,0.004,26,True,2.356
32,42,132,21.1514,False,7,2,13,False,6,46,85,1,94,True,136,drama,1,False,True,535,96.3685,8.275,9,False,10,48,34.4781,spring,34,True,True,False,True,0.004,11,False,3.8349
73,157,300,38.5865,False,9,8,16,True,4,9,86,2,92,True,97,musical,1,False,False,771,96.6489,9.5247,12,False,1,58,101.732,autumn,32,True,True,True,True,0.004,27,True,8.9202
90,119,77,38.9372,True,15,7,11,True,1,58,88,3,93,False,222,drama,1,,True,356,97.2902,1.684,13,True,28,8,91.787,autumn,35,,True,True,True,0.004,30,False,3.675
19,50,219,37.2296,False,12,6,5,False,6,82,86,2,94,True,147,classical,2,True,True,234,91.2224,6.9686,13,False,17,78,85.0698,summer,37,False,True,False,False,0.004,25,False,5.0625
83,41,160,20.9021,True,50,3,6,False,4,37,86,4,96,False,60,musical,2,,False,955,95.8576,8.9983,15,True,4,38,51.6454,autumn,24,True,True,False,True,0.004,15,False,9.4967
49,130,134,63.6492,False,17,5,4,False,3,62,87,3,91,False,106,drama,2,True,True,281,100.0,12.2255,21,True,10,35,14.3295,winter,30,,True,True,True,0.004,35,True,8.1834
52,93,64,91.6443,False,5,8,13,True,2,58,87,3,94,True,175,classical,2,,True,864,98.5718,13.103,21,True,27,46,119.0778,winter,16,False,False,True,False,0.004,15,True,9.7489
96,50,220,80.5469,False,37,6,5,False,6,42,84,3,98,False,117,comedy,2,True,True,308,99.7722,19.417,16,False,17,72,79.4296,winter,36,,True,False,True,0.004,31,True,9.3355
21,187,249,21.316,True,38,3,18,False,1,10,89,3,98,True,189,classical,1,True,False,717,100.0,15.0603,22,True,11,21,21.8588,winter,28,True,True,False,True,0.004,21,False,8.3328
91,63,71,80.6344,True,36,2,3,False,6,94,81,1,87,False,182,drama,2,False,False,173,100.0,5.1404,21,True,26,92,12.5064,summer,28,True,True,True,False,0.004,2,False,1.4737
81,158,68,13.6824,True,30,7,8,True,1,14,80,4,95,True,159,comedy,1,,True,565,98.5935,5.4909,22,True,15,91,51.2553,summer,30,False,False,False,False,0.004,21,False,9.1382
29,138,71,59.0807,True,3,7,0,True,2,42,83,1,96,False,163,drama,2,False,True,428,99.5641,10.0246,9,True,19,8,65.6063,winter,26,True,False,True,False,0.0049,1,True,4.0648
39,29,102,69.403,True,41,6,15,True,4,12,88,2,92,False,83,comedy,1,True,True,186,90.6787,7.2673,22,False,28,72,10.0162,autumn,39,False,True,True,True,0.004,25,False,9.5864
90,200,144,45.2367,True,15,3,14,False,6,46,83,4,91,False,205,drama,2,,False,109,94.5131,10.1298,17,False,28,77,46.3588,spring,31,True,False,True,True,0.122,17,False,3.1633
80,98,239,16.9206,True,4,7,1,True,2,58,75,1,86,True,48,comedy,2,True,True,491,95.2927,10.2017,16,False,16,55,65.2314,summer,24,False,False,False,True,0.0173,6,False,7.4349
68,177,172,26.1127,True,49,6,6,True,5,27,87,4,95,True,221,drama,2,False,False,386,91.8764,19.3281,19,False,18,4,108.7168,spring,30,True,False,False,False,0.004,31,False,2.3822
38,38,242,41.2766,False,25,2,1,True,5,47,73,2,84,True,72,musical,1,False,False,421,98.7489,2.8754,18,False,8,33,73.9717,spring,33,True,True,False,False,0.004,35,False,4.7468
13,147,156,90.9496,True,44,6,0,False,2,28,82,1,100,False,33,drama,2,True,True,906,100.0,18.0248,22,False,26,36,101.8637,spring,27,True,True,True,True,0.004,1,True,4.1356
86,112,287,13.8413,False,22,7,1,True,2,77,86,4,90,True,149,drama,2,False,False,557,100.0,14.7819,20,False,0,69,97.757,autumn,32,True,False,True,False,0.004,25,True,2.4399
3,143,60,43.6907,True,1,1,2,True,3,48,84,3,94,False,201,comedy,2,False,True,771,96.9009,12.1231,12,True,27,25,44.4979,autumn,35,False,False,False,False,0.004,23,True,7.1018
1,187,65,11.14,True,5,3,0,True,2,86,89,3,82,True,82,comedy,1,False,False,887,94.9731,6.8156,20,False,0,34,18.2822,summer,35,True,True,False,True,0.004,26,False,6.2228
13,96,188,84.9061,True,17,1,13,True,4,77,81,1,95,False,158,musical,1,False,True,556,100.0,16.9477,14,True,28,91,13.5523,spring,21,False,False,False,True,0.004,37,True,4.0386
73,43,185,2.5568,True,6,2,0,False,2,100,82,2,96,True,49,musical,1,False,True,252,94.3747,1.1742,7,True,7,82,47.2464,summer,27,True,False,True,False,0.122,26,True,5.1476
36,70,248,7.3076,True,18,7,4,True,3,40,90,4,80,True,63,classical,2,False,False,656,94.6952,0.4129,18,True,22,44,48.1231,winter,29,True,False,False,True,0.004,26,True,8.6463
37,119,51,32.4561,True,31,7,12,True,2,38,85,2,91,True,228,drama,2,True,True,381,99.2935,6.5999,14,True,4,58,87.2836,autumn,28,False,False,True,False,0.004,11,True,7.7694
10,18,175,15.866,False,29,4,7,True,1,58,88,2,94,False,131,comedy,2,False,False,796,88.7915,15.359,18,True,21,17,107.0005,summer,24,True,False,False,False,0.004,6,False,7.7451
82,6,161,56.7692,False,40,3,12,False,5,59,80,3,86,False,32,classical,1,True,False,810,100.0,9.9655,18,True,13,25,89.2092,summer,21,False,True,True,True,0.004,21,True,8.4193
57,129,194,59.1652,False,43,6,5,True,6,29,90,3,92,False,152,musical,1,False,False,824,86.1613,6.6239,26,True,21,14,74.5619,winter,31,,True,False,False,0.004,40,True,4.7146
77,88,34,74.0282,True,46,3,2,True,3,27,83,1,93,False,205,comedy,2,,True,822,95.439,4.3625,5,False,19,34,90.283,autumn,31,True,True,False,False,0.004,10,True,3.5571
51,32,216,15.918,True,21,6,6,False,5,82,86,1,96,False,63,comedy,2,False,False,392,100.0,19.2467,14,False,23,2,34.9289,autumn,29,True,True,True,True,0.004,2,False,9.7015
81,19,78,47.9491,False,12,10,0,True,3,22,87,2,98,False,40,drama,1,False,True,430,100.0,5.3583,12,True,26,14,35.3394,winter,25,False,True,True,False,0.004,4,False,5.2931
71,130,34,41.5991,True,0,1,17,False,1,90,84,1,96,True,30,drama,1,False,True,874,100.0,0.928,14,False,13,7,65.1482,spring,30,False,False,False,True,0.0111,15,True,6.821
91,180,77,44.5642,True,29,8,19,False,2,96,88,3,91,True,49,classical,1,,True,278,96.7021,10.0987,23,True,13,81,90.3224,spring,36,True,True,True,False,0.004,32,False,8.4049
93,52,232,61.1477,True,3,2,19,True,5,69,85,2,94,True,126,comedy,1,False,True,704,100.0,14.3878,15,False,25,64,92.2453,spring,28,False,False,False,False,0.0049,1,False,3.6889
69,89,30,90.7574,True,0,9,14,False,7,79,85,4,91,False,57,drama,2,False,False,715,92.5517,18.7381,13,False,22,92,76.6061,spring,29,True,True,True,False,0.004,25,False,8.1657
71,96,101,94.8616,True,18,1,13,True,1,79,86,3,93,True,199,classical,2,True,True,759,99.3419,8.063,17,True,2,19,63.2603,autumn,29,True,True,True,True,0.004,35,True,9.2298
31,10,232,11.9785,False,8,3,8,True,5,81,86,1,98,False,197,musical,2,False,False,341,86.5036,3.3696,21,False,23,78,93.7344,spring,22,False,True,False,False,0.004,5,False,5.5601
91,60,43,34.8098,True,11,7,10,False,3,60,89,2,84,False,202,drama,2,True,True,772,99.3169,3.657,18,False,18,85,43.6455,spring,44,True,False,False,False,0.004,31,True,8.2432
40,133,219,88.98,True,29,7,10,False,4,100,84,3,98,False,90,comedy,1,True,False,980,92.3689,12.8137,10,True,24,83,27.1429,summer,32,True,True,True,True,0.004,25,False,6.1177
37,72,263,73.9452,True,25,2,16,True,7,45,86,4,89,False,57,drama,1,True,True,839,99.5208,3.1324,16,True,28,73,96.3732,autumn,31,True,True,True,False,0.004,26,False,3.2218
86,71,162,35.4019,True,48,4,3,True,6,36,88,4,87,False,164,comedy,1,True,True,653,95.0917,15.0653,17,True,24,59,35.7431,summer,27,True,True,False,True,0.004,1,False,5.6087
28,35,134,25.363,False,30,6,15,True,4,34,80,1,90,True,64,drama,1,False,True,557,99.0298,10.7136,12,False,15,50,10.5444,spring,41,True,False,False,False,0.004,22,False,5.7781
35,77,222,37.2227,True,40,1,7,False,5,45,80,1,87,True,227,classical,2,False,True,636,97.7849,10.8715,12,True,26,41,30.5177,winter,23,False,False,True,True,0.004,28,False,4.3427
32,179,251,21.9957,False,48,1,18,True,3,100,79,1,92,False,73,musical,2,True,False,172,93.9853,6.7119,10,False,26,21,18.9351,spring,29,False,False,False,True,0.004,8,False,2.7734
76,124,159,89.9351,True,12,5,14,False,4,29,88,1,89,False,72,musical,2,False,False,488,100.0,16.8975,19,False,4,68,118.1555,spring,43,True,False,True,False,2.0,16,False,5.1055
70,193,44,30.0157,False,11,3,11,True,2,75,85,3,88,False,43,musical,1,True,False,591,100.0,7.8487,16,True,14,4,116.7296,summer,35,True,True,True,True,0.004,23,True,6.7029
2,121,58,0.0,True,32,1,1,False,5,44,83,3,94,False,197,drama,1,False,False,751,92.2967,9.5298,15,True,17,10,15.5517,autumn,30,False,False,False,False,0.004,13,False,2.6139
47,3,277,13.3614,False,29,4,8,True,3,52,82,1,80,True,49,musical,1,False,False,906,100.0,3.9136,15,False,4,41,120.0,spring,33,,True,False,True,0.004,7,False,8.5649
23,53,21,94.8467,False,27,2,17,True,3,15,82,1,94,False,84,classical,2,False,True,883,92.1375,19.7394,19,False,14,0,77.9421,autumn,37,True,False,False,False,0.004,32,False,2.8737
1,102,212,21.2819,False,19,3,17,False,4,97,88,2,98,True,93,classical,2,False,False,600,94.654,15.0956,26,True,18,84,80.4763,autumn,31,,False,True,True,0.004,23,False,1.9168
30,5,291,79.8989,True,13,9,15,False,2,100,87,2,95,False,64,comedy,1,False,True,496,91.071,18.9442,12,True,16,17,61.1488,winter,33,False,True,False,True,0.004,31,True,3.2518
97,167,96,21.7571,True,42,7,11,False,5,20,75,1,97,True,141,musical,2,True,False,898,92.5573,18.3993,18,False,8,13,15.3531,autumn,29,False,False,True,True,0.004,11,True,5.0774
19,135,126,53.067,False,16,8,11,True,3,2,77,4,79,False,73,drama,2,False,True,701,92.3089,4.2409,11,True,23,70,112.7679,winter,33,True,False,True,False,0.004,25,True,2.1189
77,93,217,87.7993,False,12,6,16,True,4,64,75,3,90,True,63,comedy,2,True,True,796,99.8944,11.8557,12,False,12,37,15.723,winter,37,True,False,True,True,0.004,12,False,5.8194
71,141,148,39.0117,False,38,5,5,False,4,93,80,2,96,True,139,musical,2,True,False,338,99.7391,14.1565,12,False,8,7,15.7638,summer,28,False,False,True,False,0.004,17,False,7.9313
87,173,33,41.9755,False,12,5,15,True,1,50,83,4,94,False,116,drama,1,False,True,231,95.7138,4.5373,19,True,26,23,37.0162,winter,27,True,True,False,True,0.004,14,False,4.0016
12,48,31,16.9732,False,24,9,8,True,3,76,92,1,85,True,180,classical,1,False,True,568,98.9004,6.8182,11,False,20,79,37.4859,autumn,32,True,True,False,False,0.004,35,True,7.1654
54,82,265,86.0425,True,29,4,12,False,3,6,84,1,81,True,104,drama,1,True,True,643,98.6965,5.978,12,False,14,8,10.0,spring,35,False,True,True,True,0.004,35,True,1.0415
41,109,286,9.0942,True,5,7,5,True,6,61,87,2,92,False,51,musical,1,,False,710,87.9605,5.6905,19,False,27,30,17.5914,spring,26,False,False,True,True,0.0066,12,True,9.0641
99,164,123,77.3674,False,49,1,0,False,1,10,81,1,86,False,181,classical,1,True,True,442,94.5152,11.0152,11,False,1,18,96.5238,summer,39,True,True,True,True,0.004,13,False,3.7466
25,189,284,74.0264,True,25,6,9,False,6,28,87,1,77,True,235,classical,2,False,True,483,97.9818,1.5114,19,False,7,12,118.5873,winter,32,False,False,True,True,0.004,24,True,1.2425
4,156,223,97.1618,False,2,6,13,True,3,59,92,3,93,True,39,comedy,2,True,True,423,96.3646,11.9365,6,True,28,3,10.0,summer,37,False,False,True,True,0.0066,24,False,7.8589
58,63,164,13.0395,False,14,6,5,True,3,19,85,4,89,True,121,drama,1,False,True,794,94.7121,11.1178,14,False,5,49,44.787,winter,37,True,True,True,False,0.004,5,True,10.0
1,36,133,68.1023,True,28,8,0,False,2,90,74,3,92,True,102,comedy,1,True,False,805,100.0,11.4298,16,False,9,61,40.9507,summer,35,False,True,True,False,0.004,38,False,5.1432
50,117,209,44.684,False,36,7,0,False,6,100,84,4,97,True,203,classical,2,False,True,510,98.4332,15.2556,12,False,4,1,57.9351,winter,29,False,True,True,True,0.004,4,False,9.2425
4,54,135,29.7824,False,35,4,8,True,1,35,85,2,92,False,100,drama,1,False,True,737,95.2418,14.6307,16,True,0,72,55.0928,spring,35,False,True,False,True,0.004,1,True,8.0075
14,129,96,69.7503,True,12,2,5,False,6,57,90,1,88,False,142,classical,2,False,True,458,99.6439,19.5554,22,True,21,83,78.5555,spring,30,True,True,False,True,0.004,11,True,5.0938
23,39,128,15.0786,False,14,3,18,True,4,53,89,2,96,False,199,musical,1,False,True,205,94.5531,3.7101,27,True,17,45,18.5219,spring,37,False,False,True,True,0.004,11,True,5.509
8,141,297,51.4,False,2,1,13,True,4,27,88,4,100,True,174,drama,1,False,True,171,100.0,14.7067,22,True,15,26,72.0423,summer,34,True,True,False,True,0.004,4,True,5.5561
60,78,29,89.3019,True,47,1,6,False,3,64,79,1,100,False,222,musical,1,True,True,112,97.4171,17.5999,12,True,6,38,48.8316,autumn,36,False,False,True,True,0.004,33,True,6.9199
69,77,281,43.8967,False,2,4,2,True,6,26,72,4,95,False,153,classical,1,True,True,657,99.9356,17.4342,16,False,18,34,74.9592,autumn,24,True,False,True,False,0.004,31,True,1.8329
42,96,248,56.382,True,38,3,17,True,6,83,87,2,89,True,159,musical,1,True,False,706,89.3754,12.6081,16,False,26,0,29.5713,winter,39,False,True,True,False,0.004,15,True,8.2638
65,61,206,92.7189,False,27,3,0,True,2,60,80,3,94,True,64,drama,2,False,True,360,99.8411,5.464,15,False,9,88,97.999,spring,20,False,False,True,True,0.004,1,True,3.9342
85,2,100,8.5938,True,29,6,16,True,5,57,84,3,96,False,68,classical,2,False,False,144,88.771,17.9331,20,True,28,76,29.5703,summer,38,True,True,True,False,0.004,5,True,3.7325
75,64,135,39.8926,False,42,6,13,True,3,78,86,4,90,False,238,comedy,1,True,True,322,100.0,5.9504,16,False,9,14,87.7287,spring,24,True,True,True,False,0.004,37,True,6.8795
59,43,138,27.2338,True,23,8,11,False,2,22,79,2,89,False,83,musical,2,,False,474,100.0,3.9323,17,False,0,45,50.0369,summer,33,True,True,True,False,0.004,16,True,4.0706
10,37,70,20.8362,False,34,2,16,True,4,76,84,2,94,False,106,musical,2,True,False,611,100.0,18.2074,19,False,0,40,26.8403,winter,25,True,False,False,False,0.004,37,False,5.7489
6,192,57,78.1141,True,18,3,17,True,3,67,91,1,83,False,43,drama,1,False,True,817,98.3911,14.4027,14,False,4,90,16.2232,spring,31,False,True,True,False,0.004,21,False,7.9982
39,198,210,98.2697,False,45,6,13,True,2,15,78,3,92,True,195,musical,1,False,False,984,99.7658,18.2637,26,True,18,88,24.7371,autumn,31,False,False,True,False,0.004,8,True,3.2099
64,33,223,39.6132,False,16,8,7,False,5,58,82,2,84,True,129,musical,1,False,True,554,100.0,7.5363,16,False,23,40,70.097,summer,27,,False,True,True,0.004,37,True,5.1641
45,49,296,34.9574,True,7,7,5,False,2,6,81,4,87,True,33,musical,2,False,True,511,94.9198,10.1716,14,False,22,66,89.0923,summer,37,True,True,True,False,0.004,2,True,1.2385
36,137,31,21.4507,True,17,5,10,True,5,39,90,4,87,True,167,drama,2,True,True,546,96.892,1.0468,15,True,27,76,77.5998,winter,29,False,False,False,False,0.004,21,True,7.8652
92,27,53,48.993,True,48,2,7,False,6,67,85,3,91,False,187,classical,2,False,False,799,89.6931,13.9282,19,True,30,20,29.1865,autumn,32,False,True,False,True,0.004,11,True,7.6563
51,94,153,63.8654,True,32,9,6,True,3,85,86,4,84,False,223,comedy,1,False,False,485,95.6175,5.4496,22,False,10,7,80.7146,winter,26,True,False,True,True,0.004,25,True,6.2802
14,164,131,35.9998,False,15,1,18,False,7,93,88,3,88,False,153,classical,2,True,True,232,100.0,9.1039,12,True,7,98,61.6595,summer,34,False,True,True,False,0.004,19,False,2.6215
55,80,228,60.7038,False,35,1,8,False,6,83,90,3,88,True,30,musical,1,True,True,110,97.3861,6.2808,13,True,11,40,26.3784,winter,30,True,True,True,True,0.004,24,False,5.7906
19,111,289,87.1111,True,46,2,1,True,3,66,85,2,97,False,144,musical,2,True,True,297,100.0,0.0,8,False,16,88,28.8325,autumn,16,True,True,True,False,0.004,26,False,4.6924
37,58,250,2.9362,True,5,7,15,False,3,80,89,1,91,False,78,comedy,2,True,True,430,93.1467,5.8241,20,True,22,23,116.5169,spring,30,False,True,False,True,0.004,37,True,2.6254
19,104,97,25.0223,False,40,1,14,True,3,67,85,5,92,True,93,drama,2,False,True,931,98.3352,6.4455,15,False,9,51,61.6104,summer,24,False,False,True,False,0.004,23,True,7.2561
57,38,20,17.1809,True,26,3,17,True,6,32,82,4,89,False,107,classical,1,False,False,370,100.0,11.2251,16,True,28,58,120.0,winter,31,False,False,True,True,0.004,15,False,8.1769
46,166,207,21.1786,True,13,1,17,False,3,26,82,2,90,True,46,comedy,2,True,False,769,97.5855,13.8163,32,False,7,91,50.58,summer,26,True,False,True,False,0.004,23,False,4.9605
23,153,52,17.1305,True,32,9,3,False,6,11,86,3,91,True,62,comedy,2,False,True,198,89.6495,15.1274,15,True,6,52,85.5567,autumn,30,False,False,True,False,0.004,32,False,2.9479
89,123,279,33.2428,False,34,5,19,True,4,19,84,4,85,False,182,comedy,1,True,False,1000,95.3844,16.5043,20,False,22,89,18.2027,autumn,34,True,False,False,True,0.004,1,True,4.0172
41,170,87,81.0072,False,37,8,11,True,5,93,83,4,96,True,137,musical,1,False,True,234,99.094,13.1862,24,True,20,100,84.3622,spring,35,True,False,False,False,0.004,36,True,2.6429
90,185,261,79.2077,True,15,5,6,False,3,36,87,2,89,True,164,musical,2,,False,332,100.0,14.5953,19,False,18,31,22.5936,autumn,35,True,True,True,False,0.004,10,False,8.2783
31,173,120,21.1504,True,15,5,18,False,6,67,85,4,95,True,47,drama,2,,True,155,92.6478,11.5785,18,False,16,23,101.7844,winter,32,False,True,False,False,0.004,4,False,3.1942
82,150,59,81.4787,False,6,3,15,True,6,40,81,4,89,True,223,musical,1,False,False,795,100.0,2.5062,27,True,2,4,99.7924,spring,26,False,True,False,False,0.004,27,True,2.2027
29,197,63,19.4298,True,34,2,5,True,2,41,92,3,88,False,188,drama,1,True,True,805,100.0,6.1595,7,False,9,19,55.2019,winter,27,True,True,True,True,0.004,36,True,3.8946
32,162,251,23.4016,False,0,7,0,True,5,87,93,3,95,False,57,musical,2,False,True,968,99.3429,11.4254,20,True,8,20,14.4032,winter,31,True,True,False,False,0.004,14,False,7.7674
19,25,261,97.9978,False,42,9,4,True,1,18,85,4,79,False,133,drama,1,False,False,121,96.058,19.53,17,False,20,62,116.5267,winter,25,False,True,False,True,0.004,34,False,3.9507
29,95,208,52.7967,True,19,2,14,True,6,30,82,3,89,False,126,comedy,2,False,True,266,93.3778,7.2538,20,False,28,84,45.9998,winter,30,False,False,False,True,0.004,17,True,8.9514
60,117,224,22.8796,False,17,6,6,False,7,50,77,4,96,True,91,classical,1,True,True,945,100.0,0.2419,24,False,12,5,37.9812,spring,37,True,True,True,False,0.004,8,True,1.8592
65,64,177,26.1741,False,43,7,14,True,3,36,87,3,94,True,196,musical,1,False,True,708,96.3031,17.0111,19,True,24,52,21.5936,spring,27,True,True,True,True,0.004,21,False,2.1978
71,52,172,67.852,False,22,2,14,False,6,32,83,4,100,True,66,classical,1,,False,489,97.898,8.7497,4,True,1,33,82.1259,autumn,27,True,True,False,False,0.004,9,True,9.1009
33,82,170,80.903,True,8,7,15,True,1,19,87,4,85,True,233,comedy,1,True,True,773,94.821,11.3101,20,False,21,63,32.779,autumn,41,False,True,True,True,0.004,17,False,9.412
65,9,217,98.8123,True,5,7,9,True,3,33,82,4,92,False,44,drama,2,False,True,397,94.7593,6.532,12,False,14,15,103.3283,summer,28,,False,True,False,0.0077,12,True,5.8159
77,169,112,0.0,True,14,1,3,False,6,90,83,3,95,True,116,comedy,2,False,False,383,100.0,17.2275,15,False,1,21,65.2193,winter,30,,False,True,True,0.0104,33,True,8.0551
24,87,246,27.7965,True,24,5,4,False,2,7,82,3,85,False,211,comedy,1,True,False,551,99.3085,2.2738,14,False,16,50,86.8872,winter,25,True,True,True,True,0.004,27,True,7.4246
10,183,104,14.6208,False,38,1,15,False,1,86,88,3,99,False,235,drama,1,False,True,919,95.2241,9.708,17,False,10,91,87.5559,autumn,24,,False,True,False,0.004,21,True,3.645
79,86,287,81.9978,True,6,8,18,True,1,19,78,4,90,True,41,comedy,2,True,False,677,99.2673,17.7654,14,False,19,70,23.5153,summer,31,True,True,False,True,0.004,7,False,5.7957
5,3,126,45.4197,True,3,7,18,True,4,21,93,1,92,True,216,musical,1,True,True,810,100.0,13.5012,13,True,24,24,45.6943,autumn,33,True,False,True,False,0.004,25,False,7.79
26,31,114,13.837,True,46,1,18,True,3,20,84,5,97,True,39,comedy,2,True,True,846,93.1057,7.7212,20,False,14,39,91.561,spring,35,False,False,True,False,0.004,4,True,3.1288
60,9,75,46.2043,True,18,9,14,True,4,92,93,2,94,True,121,musical,1,False,False,928,100.0,3.0922,19,False,26,82,24.0938,winter,28,False,True,False,False,0.004,6,False,3.5957
45,167,91,87.4681,True,40,1,2,True,2,98,91,4,92,False,224,musical,2,True,True,360,91.2559,15.4404,14,True,12,79,41.8215,spring,22,False,False,False,False,0.004,12,True,7.7465
86,40,57,11.6084,False,39,3,15,False,5,87,92,2,88,False,70,classical,2,True,True,831,100.0,1.5412,28,True,7,53,84.254,spring,26,True,True,False,True,0.004,14,True,2.7676
81,46,179,32.6107,True,42,6,0,False,2,32,88,1,96,False,137,drama,2,True,True,684,100.0,6.0691,13,False,23,47,85.9473,spring,43,False,False,False,True,0.004,14,False,9.121
9,187,182,7.5932,True,44,5,11,True,2,75,79,3,99,False,212,musical,1,False,False,885,94.7184,4.0419,13,True,4,87,16.3532,spring,26,,True,False,False,0.004,38,True,5.201
70,118,137,8.8733,False,8,8,20,False,6,15,85,1,94,True,235,drama,2,True,False,949,100.0,6.7845,12,False,11,67,36.7916,spring,27,True,False,True,False,0.0111,7,False,4.0056
59,97,207,76.7869,True,11,9,8,True,1,96,89,3,91,True,56,drama,2,True,True,237,95.8498,9.8367,24,True,3,27,60.6934,summer,26,False,True,True,False,0.004,39,False,8.7019
16,157,279,88.9125,True,9,1,0,False,4,37,80,2,86,True,167,comedy,2,True,False,368,92.1927,4.6033,9,True,21,89,56.5954,summer,32,,False,False,False,0.0111,1,False,5.3784
86,95,244,84.1599,False,11,6,14,True,4,8,89,4,91,True,40,classical,2,False,True,626,92.7471,8.6145,22,True,20,11,107.0245,spring,33,True,False,False,True,0.004,1,False,9.4773
43,178,229,47.7262,True,35,4,5,False,3,36,85,3,90,True,171,classical,2,True,False,381,89.8933,7.5947,13,True,20,52,104.1741,autumn,46,False,False,False,True,0.004,1,True,6.5566
79,175,91,56.5728,False,41,4,0,False,4,44,88,1,100,False,223,drama,1,,True,699,100.0,7.9152,18,False,26,48,82.2757,summer,32,False,True,False,True,0.004,16,True,9.2101
72,131,96,97.3399,False,17,6,1,True,1,87,83,3,89,False,51,comedy,2,True,False,428,91.4518,9.5261,16,False,9,84,96.2768,autumn,34,False,False,True,False,0.004,14,False,8.066
