post_processing_skill,weekly_editing_hours,camera_resolution_megapixels,frequency_long_exposure,annual_travel_count,photography_experience_years,prefers_manual_settings,workshops_attended,technique_HDR,photography_focus,specializes_in_wildlife,number_of_outdoor_shoots,indoor_shoots_count,specialized_lenses_count,evening_shoots_count,client_rating,is_professional,primary_shooting_condition,hours_spent_photography_weekly,awards_won,sponsored_shoots,average_lens_cost,posts_on_social_media,frequent_photo_editing,outdoor_shoots_count,investment_in_equipment,active_in_online_forums,percentage_nature_photos,camera_weight_grams,percentage_of_studio_work,equipment_budget,social_media_popularity_percentile,participation_in_outdoor_workshops,follows_industry_news,competitions_participated
5,0,63.6829,22,0,39,True,3,True,events,True,28,300.0,4,144,3.8858,False,well_lit,48.286,44,False,2000,False,True,0.0,9146,False,75.9935,1528,4.4095,19,0.1063,19,False,16
7,0,60.5696,24,0,36,False,7,False,landscapes,True,26,300.0,4,182,4.0211,True,well_lit,6.5591,45,False,2000,True,False,181.7088,9966,False,37.0399,1446,6.6337,10,0.6246,18,False,16
3,0,82.6253,27,0,35,False,0,False,street,True,24,288.7245,8,127,3.8494,True,well_lit,51.2939,15,True,2000,False,False,247.876,4538,True,39.7243,1462,6.2998,24,0.4781,8,False,15
8,0,68.5124,24,0,35,True,3,True,events,True,25,300.0,6,37,4.014,False,low_light,41.448,32,True,2000,False,True,0.0,8434,True,83.645,1625,3.3471,5,0.2283,20,False,13
4,0,75.0178,28,0,36,False,8,True,events,True,27,300.0,3,135,3.4647,True,,38.7351,3,True,545,True,True,225.0534,7700,False,40.1604,1520,5.1188,33,0.2226,19,False,9
2,0,67.9264,27,0,36,True,8,True,street,True,24,148.9629,5,66,4.2556,True,low_light,42.0942,24,True,2000,False,True,203.7792,1661,False,91.9941,1601,5.9271,28,1.0,7,False,8
1,0,64.5747,24,0,35,False,6,False,events,False,24,300.0,0,192,3.6356,True,low_light,32.4201,10,True,2000,True,False,0.0,8057,True,38.1042,1598,6.485,10,0.0608,15,False,10
3,0,71.6059,23,0,39,False,3,True,street,False,27,166.6183,2,65,4.0653,True,well_lit,62.9513,16,True,2000,False,True,0.0,8447,False,35.1295,1606,5.6772,48,0.7239,19,False,10
6,0,76.028,26,0,38,True,8,False,astro,False,30,295.7411,1,43,4.279,False,low_light,1.7136,22,True,2000,True,True,0.0,509,False,89.9076,1527,8.5351,29,0.8897,6,False,6
3,0,73.6223,24,0,34,False,0,False,portraits,False,25,44.2788,6,7,3.3524,True,low_light,60.6261,45,True,2000,True,True,0.0,5106,True,36.5451,1648,6.3923,12,0.4472,15,False,9
1,0,59.7786,24,0,40,True,2,False,events,False,26,300.0,8,175,3.7008,True,well_lit,28.3441,39,True,2000,False,False,0.0,2738,True,82.2867,1644,7.3682,16,0.4468,4,False,7
4,0,64.3272,27,0,36,True,0,False,portraits,False,26,300.0,5,174,3.8725,False,low_light,21.7942,18,True,2000,True,True,0.0,9233,True,91.0393,1473,5.3922,44,0.8509,19,False,12
1,0,69.329,24,0,35,True,1,False,events,False,26,20.7419,6,3,3.6949,True,low_light,41.5358,24,True,2000,True,False,0.0,810,False,79.3044,1598,7.4513,9,0.0439,0,False,17
8,0,68.3552,24,0,36,False,5,True,landscapes,True,25,300.0,5,87,4.036,False,well_lit,10.9072,43,False,2000,False,False,0.0,6588,True,37.5811,1572,5.9066,11,0.2672,12,False,15
3,0,65.4281,24,0,37,True,0,True,astro,False,26,222.1189,6,76,4.394,False,low_light,33.5973,4,True,670,False,False,0.0,6688,True,79.6856,1493,7.8868,26,0.7235,13,False,7
3,0,68.4646,26,50,37,False,6,True,wildlife,True,27,300.0,2,156,3.8956,True,well_lit,44.5824,39,False,2000,True,False,205.3939,993,True,38.2841,1659,5.5171,16,0.4837,1,False,9
4,0,58.8286,24,0,40,True,3,False,portraits,False,25,234.5141,0,65,4.1515,False,low_light,24.6823,11,False,2000,True,False,0.0,7765,True,78.9743,1580,5.8907,15,0.9752,15,False,0
1,0,70.089,23,0,39,True,0,False,street,False,26,140.3932,0,68,4.3896,True,low_light,24.7365,13,True,2000,True,False,0.0,2439,True,78.7283,1480,5.6357,17,0.1754,3,False,17
5,0,70.7424,25,0,36,False,2,False,street,False,27,235.3683,2,69,3.9047,True,low_light,42.3648,10,False,2000,True,True,0.0,6822,True,37.8535,1610,5.8892,41,0.8855,18,False,4
10,0,73.6012,23,50,33,True,4,True,wildlife,False,26,300.0,3,91,3.7635,True,low_light,45.1088,28,True,2000,True,False,0.0,2430,,79.8841,1556,5.8113,42,0.9915,4,False,9
2,0,67.9921,22,0,37,False,3,False,street,True,24,288.6292,7,126,4.0662,False,low_light,21.3174,12,False,2000,True,True,0.0,4186,True,34.8022,1475,3.8874,34,0.0287,12,False,1
9,0,66.2082,25,0,35,False,5,False,landscapes,True,23,300.0,0,197,4.063,False,well_lit,46.3056,22,True,2000,True,False,0.0,3459,False,38.9178,1629,7.5615,26,0.3454,6,False,13
1,0,64.2506,23,50,38,True,5,True,wildlife,False,25,220.6618,6,108,4.643,False,well_lit,56.1596,2,True,460,True,True,0.0,6315,True,81.7463,1610,3.9284,2,1.0,16,False,11
5,0,77.8099,21,0,35,True,3,False,events,True,28,258.031,1,78,4.0939,True,well_lit,8.465,14,True,2000,True,True,233.4296,6495,False,68.9868,1410,7.273,28,0.8694,17,False,6
1,0,67.7311,22,0,34,True,9,False,landscapes,False,25,25.9587,1,5,3.9658,True,,65.1229,35,True,2000,True,False,0.0,5806,True,76.7071,1576,6.4857,48,0.1357,10,False,11
9,0,64.4491,23,0,36,False,2,True,portraits,True,26,300.0,1,30,3.8963,True,,6.3519,21,True,2000,,True,193.3473,1164,False,34.8551,1510,7.1979,41,0.3006,6,False,3
7,0,69.3667,24,0,36,False,3,True,landscapes,False,28,300.0,2,188,4.3459,False,low_light,36.0503,40,False,2000,True,True,0.0,6333,False,37.1988,1566,5.4778,7,0.6119,17,False,14
7,0,76.7824,25,0,37,False,5,False,portraits,False,24,300.0,7,54,3.8781,False,,62.2338,22,True,2000,True,True,0.0,2107,False,37.4618,1517,5.9047,47,0.1989,9,False,5
6,0,71.2359,23,0,34,False,2,False,street,True,29,278.0879,2,34,4.3092,False,well_lit,19.9303,45,False,2000,False,False,0.0,4457,True,33.996,1600,6.765,11,0.3418,7,False,11
5,0,76.6045,25,0,38,False,1,False,street,False,26,180.2852,5,29,3.3774,False,low_light,50.6867,19,True,2000,True,False,0.0,9934,False,37.2112,1580,4.1008,5,0.2623,19,False,18
4,0,72.8965,25,0,37,True,0,False,events,False,27,300.0,7,120,4.8602,True,,4.2792,17,False,2000,True,True,0.0,8290,True,85.5295,1528,5.5444,13,0.3006,20,False,1
5,0,65.0658,28,0,34,True,9,True,astro,True,25,298.4513,9,83,3.71,False,low_light,34.3993,12,False,2000,True,False,0.0,2917,False,92.6614,1482,3.6579,9,0.3474,4,False,7
7,0,73.7535,21,0,37,True,7,True,sports,True,25,300.0,0,119,3.8509,False,low_light,44.9967,22,True,2000,False,True,0.0,2564,True,71.4926,1555,7.2571,9,0.5434,9,False,3
6,0,80.4411,23,0,37,True,9,False,events,False,26,300.0,7,192,3.5001,True,,37.3445,41,True,2000,True,False,0.0,5317,False,78.7575,1584,5.9348,13,0.7975,9,False,18
3,0,77.5703,24,0,36,False,0,False,astro,False,25,101.9726,1,14,4.6268,False,low_light,10.9595,37,True,2000,True,False,0.0,954,False,35.8858,1556,6.9368,30,0.5125,0,False,6
7,0,87.5335,24,0,36,True,0,False,events,True,26,247.7135,7,19,4.2693,False,well_lit,2.0623,6,False,790,True,True,0.0,4898,False,82.5876,1556,6.3846,30,0.2781,13,False,3
9,0,74.2235,28,0,38,False,5,True,street,True,23,300.0,0,116,3.997,True,well_lit,28.4186,46,True,2000,False,True,222.6705,4333,False,41.9374,1459,8.0257,27,0.7007,12,False,13
7,0,81.9877,22,0,35,True,0,True,astro,True,24,300.0,6,28,4.2254,False,well_lit,14.9192,24,False,2000,False,False,0.0,9696,True,77.7353,1565,5.3274,16,0.8101,19,False,10
3,0,71.4608,23,50,39,True,2,True,wildlife,False,25,300.0,7,126,3.5938,True,well_lit,25.4162,8,True,1570,False,False,0.0,350,True,79.936,1497,4.7062,48,0.6388,0,False,17
3,0,68.6432,24,0,36,True,9,True,sports,True,25,300.0,4,170,4.3166,False,low_light,58.5635,46,True,2000,True,False,0.0,8841,False,82.4935,1587,6.1151,14,0.7865,16,False,14
9,0,86.608,26,0,35,True,3,True,landscapes,True,30,300.0,3,146,3.9364,True,low_light,36.8146,22,False,2000,False,True,259.8241,9596,False,84.6281,1576,6.3821,19,0.4856,19,False,19
2,0,60.7496,25,0,39,True,9,True,sports,False,26,157.6628,1,58,4.6176,True,low_light,7.9704,6,False,790,False,False,0.0,6613,False,80.7435,1619,7.6337,20,0.9676,13,False,2
1,0,76.6106,25,0,34,True,1,False,events,True,26,300.0,0,163,4.8248,True,low_light,51.4335,39,True,2000,True,True,229.8318,5626,False,80.5091,1538,6.112,2,0.6191,15,False,2
4,0,79.0385,25,50,38,True,3,True,wildlife,True,25,269.9223,6,102,4.1417,True,low_light,31.9341,23,False,2000,True,True,237.1154,1771,False,83.653,1539,7.1317,19,0.743,8,False,18
3,0,78.6754,24,0,34,False,0,False,street,False,25,300.0,0,150,4.096,True,well_lit,3.7842,9,False,1645,True,True,0.0,7259,True,36.2062,1672,7.3885,19,0.1454,18,False,18
4,0,76.1297,25,0,35,True,6,True,sports,False,25,300.0,5,198,3.3755,False,low_light,50.7057,33,False,2000,False,True,0.0,7495,False,87.2546,1622,4.1861,1,0.6159,18,False,8
1,0,62.1976,23,0,38,True,3,True,landscapes,False,27,166.4592,0,81,4.4729,True,well_lit,63.4363,49,False,2000,False,False,0.0,6464,,77.6469,1538,3.3498,39,0.0422,11,False,9
1,0,56.0694,22,0,34,False,5,True,sports,True,24,196.8243,4,91,3.726,False,well_lit,51.6635,2,False,210,False,False,0.0,1273,False,34.4943,1651,4.1789,34,0.1147,1,False,7
7,0,71.5058,23,0,35,False,7,True,portraits,False,26,284.4231,1,49,3.8049,True,low_light,68.505,20,False,2000,True,True,0.0,8431,True,35.4646,1609,4.0476,15,0.678,20,False,15
3,0,61.9769,24,0,36,False,6,True,portraits,True,27,105.8909,5,22,3.8648,True,well_lit,11.9587,25,False,2000,,False,185.9308,2339,False,38.8641,1672,5.5997,15,0.6719,4,False,16
8,0,78.2224,23,0,38,False,6,True,landscapes,False,23,300.0,1,150,3.8732,True,low_light,37.1071,34,True,2000,True,True,0.0,3180,,35.4636,1631,4.5846,44,0.5336,10,False,3
5,0,65.8,26,0,34,True,5,False,sports,True,24,300.0,3,151,4.1912,False,,4.2589,11,True,2000,False,True,0.0,4144,False,89.7268,1586,6.6079,10,0.65,13,False,8
1,0,82.3226,24,50,38,False,7,True,wildlife,True,24,195.8488,6,96,3.8434,True,low_light,70.0,11,False,2000,True,True,246.9678,6817,True,38.4025,1532,6.7574,43,0.8166,18,False,3
9,0,77.4251,23,0,36,True,6,False,astro,True,26,300.0,6,147,3.7373,False,,13.5662,36,False,2000,True,False,0.0,5738,True,76.8192,1569,5.8279,5,0.8713,11,False,1
3,0,72.3015,25,0,38,False,8,True,landscapes,True,26,126.3607,6,45,4.0432,False,low_light,68.5654,33,False,2000,True,False,0.0,6696,True,36.1714,1493,6.7944,40,0.8766,13,False,1
3,0,63.0438,27,0,36,True,7,True,events,False,27,68.9704,5,3,3.9359,False,,31.4487,11,True,2000,False,True,0.0,6655,True,92.3902,1631,6.7044,24,0.8992,17,False,2
8,0,86.2563,27,0,35,True,2,True,events,True,23,300.0,8,2,3.8557,False,well_lit,53.6602,3,True,545,False,False,0.0,7458,True,88.972,1479,5.0014,37,0.5925,13,False,0
9,0,69.7932,23,0,36,False,5,False,astro,False,26,300.0,7,124,3.6949,True,low_light,68.8771,41,False,2000,True,False,0.0,3229,True,32.4865,1564,7.0049,5,0.3139,5,False,8
7,0,82.6511,22,0,36,True,8,False,landscapes,True,28,223.1772,7,12,4.061,False,well_lit,17.3455,34,False,2000,,False,0.0,6864,False,75.4798,1567,3.4075,20,0.0297,12,False,0
1,0,77.9987,22,0,35,False,9,False,events,False,24,300.0,0,166,4.0471,False,,58.3451,42,False,2000,False,False,0.0,7599,True,33.3454,1591,5.4576,22,0.8936,15,False,17
1,0,64.5831,25,0,37,True,4,True,street,True,26,288.1127,1,142,4.1121,False,low_light,60.2224,3,True,545,False,True,0.0,887,True,83.8954,1600,6.5496,23,0.2487,6,False,15
1,0,69.6869,27,0,34,True,3,True,portraits,True,27,300.0,5,169,3.5074,False,well_lit,39.379,23,True,2000,False,False,0.0,9436,True,93.6066,1589,4.3521,30,0.8263,17,False,15
7,0,79.1121,26,50,32,False,2,False,wildlife,False,28,300.0,2,141,3.8621,True,well_lit,41.9783,7,False,1035,,False,0.0,642,True,39.4341,1587,4.9384,19,0.2299,1,False,10
8,0,71.6007,24,50,37,True,1,False,wildlife,True,24,296.2109,5,6,4.4473,False,well_lit,31.7139,34,False,2000,False,True,0.0,7487,False,80.8494,1600,5.3626,21,0.2947,19,False,12
2,0,72.5177,24,50,34,True,1,False,wildlife,False,27,177.3506,6,72,3.7182,True,,28.2355,11,False,2000,True,True,0.0,6671,False,80.591,1481,5.7514,16,0.1758,18,False,1
1,0,79.1659,25,0,35,False,10,False,sports,True,26,155.8573,2,76,3.8732,True,low_light,13.6156,13,False,2000,True,True,237.4977,3520,True,41.3359,1675,5.8873,34,0.7689,12,False,0
3,0,57.5644,23,0,33,True,6,True,landscapes,False,24,300.0,8,119,4.1879,True,low_light,49.8356,37,False,2000,False,False,0.0,4909,True,79.9044,1654,6.8326,46,0.3888,9,False,19
8,0,65.6888,24,0,33,True,3,False,events,True,25,300.0,2,196,4.2541,False,low_light,11.9997,41,False,2000,True,True,0.0,9553,True,82.7189,1454,7.8524,5,0.9526,20,False,8
5,0,60.9407,27,0,36,False,2,True,sports,False,25,300.0,2,155,3.6258,True,low_light,14.5889,44,True,2000,False,False,0.0,8805,,41.4039,1680,5.716,15,0.8068,17,False,1
7,0,87.7849,22,0,34,False,2,False,events,False,30,300.0,5,51,4.5617,False,low_light,39.3059,6,True,1040,True,False,0.0,3812,True,31.8524,1399,6.102,10,0.559,7,False,3
6,0,71.9711,28,0,37,False,8,False,landscapes,False,28,196.6511,4,17,3.3362,False,low_light,31.9845,38,True,2000,False,True,0.0,3866,False,42.6886,1574,5.827,46,0.8001,12,False,17
8,0,82.4218,24,0,37,False,5,False,events,False,26,300.0,7,178,3.8889,False,low_light,46.0542,48,False,2000,False,True,0.0,2132,False,35.2783,1480,5.0551,29,0.819,8,False,4
9,0,69.7105,26,0,35,True,2,True,astro,True,25,300.0,1,112,3.6115,True,low_light,34.413,1,True,415,False,False,209.1314,3812,False,86.5631,1545,7.4328,9,0.9762,7,False,8
9,0,61.2548,24,0,36,False,7,True,sports,False,27,300.0,4,29,4.4241,True,low_light,20.58,45,True,2000,False,True,0.0,6335,False,36.9703,1625,5.9803,20,0.0589,16,False,12
5,0,80.5558,21,0,36,False,7,False,sports,False,24,300.0,6,176,3.4547,False,well_lit,2.4781,48,False,2000,True,True,0.0,4540,True,30.437,1672,4.4996,24,0.823,14,False,19
2,0,70.3917,26,0,38,False,4,False,sports,True,27,290.712,5,129,3.6011,True,low_light,41.3051,9,True,1895,True,False,211.1751,7357,False,41.9108,1581,7.3112,29,0.2117,14,False,0
7,0,67.9,26,50,36,False,6,False,wildlife,True,27,300.0,4,171,3.3255,False,,34.8692,17,False,2000,False,False,0.0,8108,False,38.0982,1529,7.0489,12,0.9118,15,False,9
5,0,71.9046,28,0,39,True,7,False,portraits,False,26,300.0,7,158,4.1268,True,well_lit,4.4999,16,False,2000,False,False,0.0,3505,True,91.0989,1477,6.6266,25,0.1928,7,False,20
7,0,81.1562,25,0,35,True,0,True,sports,False,25,300.0,7,98,4.3476,True,low_light,49.4239,47,True,2000,True,False,0.0,6692,False,86.6418,1578,6.3528,41,0.189,13,False,2
2,0,73.7212,24,0,38,False,8,False,portraits,True,25,274.9061,0,119,4.1229,True,well_lit,19.5562,3,True,545,True,True,221.1636,5313,True,36.5323,1457,5.9987,32,0.5052,14,False,2
6,0,66.3342,24,0,35,True,2,False,street,True,27,300.0,4,106,4.2804,False,low_light,2.7123,28,True,2000,False,True,0.0,948,False,80.6056,1600,5.6048,7,0.8554,5,False,1
1,0,57.9217,24,0,38,True,9,True,sports,False,26,39.1715,7,12,3.7859,False,low_light,2.6486,28,True,2000,,True,0.0,3094,False,82.7043,1568,7.5109,44,0.0809,10,False,9
1,0,76.6962,25,0,40,False,9,True,events,False,28,300.0,6,192,3.8005,False,well_lit,34.7653,31,False,2000,True,True,0.0,1031,False,39.068,1605,4.9046,16,0.0494,6,False,6
4,0,75.3056,27,0,34,False,0,True,landscapes,False,24,300.0,1,200,3.8271,False,well_lit,62.2707,11,True,2000,True,True,0.0,7991,True,40.087,1681,4.0904,23,0.7885,19,False,15
7,0,69.7725,21,0,35,True,6,False,street,False,24,284.6884,4,59,3.4055,True,low_light,60.434,24,True,2000,False,True,0.0,7164,True,72.501,1605,7.2625,36,0.837,19,False,11
3,0,72.2287,23,0,34,False,9,True,sports,False,26,300.0,4,154,3.4154,True,,7.5386,21,True,2000,,False,0.0,7814,True,36.0806,1657,6.0579,22,0.451,14,False,11
3,0,75.0684,23,50,35,True,5,True,wildlife,True,27,300.0,3,200,3.9467,True,well_lit,22.4177,20,True,2000,True,False,225.2053,6321,True,78.3081,1496,6.7761,28,0.6694,11,False,10
7,0,62.8902,23,0,34,False,6,False,astro,True,26,240.1758,6,0,3.747,False,,22.1161,17,False,2000,False,True,0.0,5232,True,34.1916,1529,5.8595,21,0.1492,15,False,18
9,0,66.158,24,0,33,True,9,False,street,False,28,300.0,4,60,3.426,False,low_light,57.7369,49,True,2000,False,False,0.0,4853,False,82.4917,1501,6.7199,16,0.5849,9,False,10
7,0,72.8957,23,0,38,True,5,True,sports,True,25,300.0,7,115,4.0641,True,well_lit,53.0824,32,True,2000,True,False,218.6872,3532,False,75.2519,1438,4.6476,21,0.0481,6,False,1
2,0,70.7292,25,0,37,True,2,False,events,True,26,181.7895,3,76,3.309,False,well_lit,69.1931,39,True,2000,,True,0.0,8782,False,83.1692,1487,7.1313,15,0.351,20,False,6
5,0,60.7651,24,0,35,False,4,False,events,True,27,300.0,0,190,3.9323,False,low_light,38.3294,17,True,2000,True,False,0.0,4687,True,37.761,1576,4.5303,20,0.0,8,False,14
7,0,65.5964,24,0,34,True,3,False,events,True,28,271.052,8,36,4.0543,True,well_lit,0.0,0,False,160,False,True,196.7892,2141,True,77.9447,1618,3.6349,11,0.3302,8,False,12
5,0,79.3423,26,0,33,True,1,False,events,False,26,300.0,6,84,3.7929,False,low_light,59.5177,48,True,2000,True,True,0.0,7784,False,88.0964,1520,5.1391,4,0.0158,19,False,13
4,0,44.5192,25,0,33,False,2,True,sports,True,30,300.0,1,144,3.8603,False,low_light,2.2654,43,False,2000,,True,0.0,3234,False,38.107,1645,5.3373,35,0.9626,11,False,18
4,0,55.8566,24,0,32,False,0,False,portraits,True,26,300.0,2,159,4.3154,True,well_lit,57.0545,21,True,2000,,False,167.5698,2563,,37.6669,1691,7.26,7,0.9572,4,False,9
6,0,68.9325,25,0,33,False,1,False,street,True,28,210.9017,0,26,4.4311,False,,37.7403,16,True,2000,True,True,0.0,7933,True,38.8079,1455,5.307,40,0.2046,19,False,0
7,0,79.2144,25,0,35,True,2,False,events,True,25,298.8063,3,42,4.3842,True,low_light,65.9567,24,False,2000,False,False,237.6432,4485,True,82.3417,1572,5.5661,16,0.9155,7,False,20
1,0,67.271,27,0,37,True,7,True,astro,False,26,45.8599,3,21,3.8753,False,low_light,18.2163,14,False,2000,True,True,0.0,2161,True,90.7591,1476,5.9366,10,0.8966,8,False,9
5,0,76.6653,24,0,37,True,3,True,events,False,28,300.0,0,98,3.9036,True,low_light,36.0701,29,True,2000,False,True,0.0,6542,False,78.8177,1645,4.7336,20,0.235,17,False,1
5,0,86.0592,25,0,35,False,6,True,sports,True,27,295.5346,0,96,4.1512,True,low_light,3.1877,48,True,2000,False,True,258.1776,8416,True,40.7134,1580,8.0342,10,0.7012,20,False,11
1,0,75.9603,26,0,36,True,9,False,landscapes,False,26,300.0,1,148,4.2953,True,well_lit,43.019,3,True,545,True,True,0.0,4211,True,84.3701,1416,5.2979,43,0.2031,13,False,12
1,0,62.7234,25,0,38,True,6,True,street,True,25,300.0,6,172,4.1671,False,well_lit,4.0536,39,False,2000,,False,0.0,2270,True,86.0247,1523,7.4255,8,0.6433,3,False,11
2,0,57.6603,24,0,36,True,6,False,astro,True,30,76.4018,2,21,3.811,False,well_lit,5.2172,2,False,210,True,False,0.0,463,False,80.8512,1734,5.8037,22,0.0877,0,False,19
3,0,74.007,23,50,38,True,5,True,wildlife,True,26,271.8784,5,117,4.2129,False,low_light,51.0247,42,True,2000,,False,0.0,8554,True,78.4946,1445,4.2713,7,0.9007,16,False,5
7,0,58.6081,20,50,37,False,3,False,wildlife,False,26,300.0,2,90,3.7268,True,low_light,10.3494,8,False,1320,False,False,0.0,4287,True,30.7299,1475,6.0166,1,0.8105,7,False,0
3,0,75.3264,21,0,36,True,1,True,astro,False,24,300.0,7,184,4.3677,False,,69.5009,23,False,2000,False,True,0.0,8964,False,68.1953,1594,5.3299,41,0.1677,19,False,18
7,0,73.1231,25,50,34,False,10,True,wildlife,True,25,300.0,7,108,3.3716,False,well_lit,27.6663,24,True,2000,True,False,0.0,7037,True,38.3798,1537,6.9775,29,0.4605,14,False,3
5,0,55.8649,23,0,33,False,5,True,landscapes,False,27,175.2759,9,43,3.6058,False,low_light,30.1844,31,False,2000,False,True,0.0,4962,True,36.9534,1459,7.1909,4,0.256,14,False,15
2,0,71.7662,25,0,36,False,9,True,astro,True,26,300.0,8,187,3.8617,True,well_lit,19.5535,30,False,2000,False,False,215.2987,7280,True,38.35,1610,7.6711,44,0.1536,14,False,4
6,0,70.7412,22,0,33,True,3,False,sports,True,30,300.0,0,184,4.3584,False,well_lit,18.5231,34,False,2000,True,True,0.0,3348,True,74.4977,1640,6.7165,18,0.0368,11,False,17
6,0,60.4316,27,0,37,True,1,True,landscapes,True,27,241.094,6,22,4.0124,False,well_lit,62.702,40,False,2000,False,False,0.0,2254,False,90.0508,1447,5.3058,20,0.2746,4,False,17
1,0,76.0985,23,0,39,False,6,False,events,True,25,300.0,1,168,4.1146,False,,61.4273,2,True,460,False,True,0.0,1360,,35.5601,1693,5.0684,25,0.8978,7,False,1
6,0,74.0801,25,0,37,False,8,False,sports,True,28,300.0,6,171,4.2252,True,well_lit,15.8952,35,False,2000,True,False,222.2403,9163,False,37.9678,1617,6.714,13,0.8908,17,False,2
5,0,66.1015,24,0,33,False,6,False,sports,False,29,300.0,6,119,4.4566,False,well_lit,4.1216,1,False,165,True,True,0.0,7647,True,34.962,1576,4.7386,27,0.4402,19,False,19
3,0,82.4942,28,50,37,True,7,True,wildlife,True,28,238.805,6,96,2.9253,False,,19.1135,40,False,2000,True,True,0.0,9643,False,95.7,1478,6.2423,13,0.307,19,False,15
6,0,65.3014,25,0,34,True,6,False,events,False,26,190.6231,5,28,3.7435,False,low_light,59.0485,39,False,2000,False,False,0.0,7649,True,87.1217,1535,6.7663,42,0.2754,14,False,0
2,0,68.6035,25,0,37,False,7,False,street,False,26,100.4379,2,43,3.5886,False,well_lit,34.7738,7,True,1285,True,False,0.0,3615,True,38.4671,1425,4.225,41,0.6962,7,False,3
5,0,67.6166,24,0,36,False,3,False,street,True,24,254.4164,8,46,4.5298,True,well_lit,53.9345,9,True,1895,,True,202.8499,9546,,35.1812,1436,5.7176,24,0.3052,19,False,7
1,0,67.6891,24,0,35,True,4,True,portraits,False,27,37.6096,2,10,4.4031,True,low_light,57.9392,5,False,585,False,True,0.0,6098,False,78.8535,1560,6.7714,25,0.7901,17,False,17
2,0,79.2434,27,0,38,True,7,True,sports,True,27,300.0,2,142,4.0037,True,well_lit,56.0162,11,True,2000,True,True,237.7302,9348,True,87.3713,1562,5.2415,50,0.3572,20,False,2
2,0,61.4343,24,0,37,False,8,False,sports,False,24,51.7431,2,18,3.9295,True,well_lit,42.1868,24,False,2000,False,False,0.0,2315,True,37.0005,1606,7.7351,41,0.0235,4,False,14
2,0,62.1416,22,0,37,True,0,False,astro,True,26,56.6617,7,21,3.6689,False,well_lit,12.7521,20,True,2000,,False,0.0,3449,True,75.3846,1624,5.0343,3,0.1399,6,False,1
1,0,60.8891,23,0,35,True,0,True,astro,True,28,55.9109,5,26,3.9228,True,low_light,46.869,10,True,2000,True,False,182.6674,4032,True,76.0041,1591,7.9697,9,0.812,8,False,9
9,0,67.6342,25,0,37,False,6,True,sports,True,26,300.0,1,149,3.8482,False,well_lit,21.1368,34,False,2000,True,True,0.0,277,False,37.6087,1564,8.2747,29,0.8494,4,False,15
9,0,75.7757,23,0,39,False,1,False,portraits,True,26,300.0,0,18,3.9156,False,well_lit,54.1776,26,True,2000,True,False,0.0,6774,False,35.3252,1489,7.0544,16,0.4416,12,False,0
6,0,71.4531,26,0,37,False,2,True,street,True,23,242.9222,1,41,3.2863,True,well_lit,14.8564,6,True,1040,True,False,214.3592,9335,False,40.0813,1607,7.6557,38,0.9683,18,False,3
6,0,63.2227,25,50,32,True,2,True,wildlife,True,28,300.0,3,194,3.9664,False,low_light,46.1663,14,True,2000,True,True,0.0,8798,False,84.7229,1543,4.8693,33,0.2433,20,False,15
2,0,62.6588,25,0,36,True,5,True,events,False,25,150.3171,4,57,4.0419,False,well_lit,6.7696,46,True,2000,True,False,0.0,8026,False,84.0687,1526,4.7852,49,0.1745,16,False,3
4,0,77.4637,26,0,38,False,2,True,portraits,True,25,300.0,3,132,4.0061,False,low_light,54.854,34,False,2000,True,True,0.0,2938,False,38.9442,1513,5.7645,1,0.5255,9,False,12
8,0,56.4178,24,0,39,True,1,False,astro,False,26,300.0,3,187,4.3663,True,,22.2759,47,True,2000,False,False,0.0,4428,False,80.17,1554,5.2423,23,0.5238,8,False,12
5,0,59.223,25,0,34,False,0,True,sports,True,26,109.9045,5,7,3.8233,True,low_light,68.1544,22,False,2000,True,False,177.6689,3119,True,39.5514,1488,5.5496,21,0.4244,6,False,9
6,0,58.2006,25,50,36,True,7,True,wildlife,False,27,300.0,4,83,4.1058,True,low_light,36.0111,1,True,415,False,False,0.0,4609,True,81.6472,1632,4.9344,23,0.5752,9,False,4
3,0,66.3575,24,0,38,False,1,True,events,False,25,280.8352,4,105,4.4104,False,well_lit,15.0564,40,True,2000,True,True,0.0,4581,True,37.0689,1440,4.6913,43,0.8441,13,False,8
4,0,80.9946,25,0,35,False,5,False,landscapes,False,25,300.0,4,145,3.3648,True,well_lit,10.1581,7,True,1285,False,False,0.0,8919,False,39.2098,1572,6.7361,19,0.458,16,False,13
8,0,70.0594,23,0,36,True,3,False,street,True,27,300.0,7,192,3.8857,True,well_lit,70.0,46,True,2000,False,False,210.1782,1166,True,77.8607,1575,5.3363,42,0.9712,2,False,17
3,0,65.5867,26,0,34,False,1,True,astro,False,22,89.3762,3,11,4.1854,False,well_lit,26.4229,18,False,2000,True,False,0.0,7708,,36.4866,1587,6.3065,31,0.9228,14,False,15
4,0,73.0921,26,50,38,True,3,True,wildlife,True,24,208.9621,9,75,3.6975,True,low_light,50.4292,35,False,2000,True,False,219.2764,6355,True,85.2761,1539,5.3849,23,0.7009,11,False,12
1,0,76.0838,23,0,37,False,2,False,events,False,26,187.8663,5,92,3.8756,False,well_lit,22.8014,44,True,2000,False,True,0.0,7213,False,35.3672,1562,5.6637,38,0.7204,19,False,4
4,0,74.0925,23,0,35,False,3,False,sports,False,27,300.0,3,195,3.8894,True,low_light,15.4918,22,False,2000,False,True,0.0,8570,True,34.2414,1642,2.2873,10,0.7315,19,False,5
6,0,72.282,23,0,34,False,7,True,events,False,27,300.0,8,147,3.9072,True,well_lit,40.1988,22,True,2000,False,False,0.0,9223,True,35.313,1486,4.8392,7,0.8521,18,False,16
3,0,66.8996,24,0,38,True,0,True,sports,False,22,300.0,0,183,4.6236,True,well_lit,28.0657,10,True,2000,True,False,0.0,395,True,83.1722,1624,6.9441,50,0.8448,0,False,13
5,0,80.9118,25,50,34,True,2,True,wildlife,True,25,223.2735,8,33,4.3445,True,well_lit,34.1347,35,True,2000,True,True,242.7353,8274,False,84.3155,1482,4.9788,20,0.7181,19,False,6
4,0,78.7556,23,0,38,False,0,True,landscapes,True,27,70.9639,0,3,4.0777,True,,47.3966,15,True,2000,True,True,236.2669,1622,,35.5922,1577,5.9061,15,0.8189,7,False,20
4,0,87.7737,24,50,37,False,9,False,wildlife,True,25,300.0,5,200,3.7596,False,low_light,20.5951,30,True,2000,False,False,0.0,1534,True,38.3627,1453,5.3464,13,0.4208,2,False,17
4,0,75.4871,24,0,36,False,5,True,sports,True,26,175.7694,9,60,3.4968,False,well_lit,7.8707,13,False,2000,True,False,0.0,9307,False,36.0374,1650,6.8573,30,0.4416,17,False,13
8,0,73.3769,23,0,37,True,8,True,portraits,False,27,300.0,1,137,4.4424,False,,36.9379,36,True,2000,False,True,0.0,9659,False,78.357,1743,4.4666,47,0.941,19,False,6
7,0,55.8206,24,50,36,False,2,False,wildlife,False,26,243.1857,9,22,4.0789,False,low_light,7.5643,37,True,2000,True,True,0.0,3795,True,37.9958,1524,5.9976,46,0.0221,12,False,6
4,0,82.0684,24,0,36,True,8,True,street,True,27,290.2497,3,94,4.0659,False,low_light,47.4411,1,True,415,False,True,0.0,237,True,83.7082,1526,5.6274,17,0.7904,4,False,18
6,0,65.3503,25,0,35,False,6,True,landscapes,True,26,300.0,4,190,3.9987,False,low_light,41.2867,5,True,835,True,False,0.0,8419,True,37.16,1631,8.4625,43,0.686,16,False,7
7,0,72.7066,27,0,40,False,4,True,portraits,False,27,300.0,3,129,4.1016,True,low_light,16.8963,3,True,545,False,False,0.0,8675,False,40.7836,1541,8.1603,23,0.2128,17,False,16
4,0,71.8465,26,0,37,False,5,False,portraits,False,27,248.4977,4,97,3.4169,True,well_lit,16.5869,2,False,210,False,True,0.0,2211,True,36.0937,1623,7.1113,6,0.4738,9,False,18
8,0,67.44,25,0,34,False,1,False,sports,True,27,300.0,3,190,3.2344,False,well_lit,13.1067,2,False,210,False,False,0.0,9795,False,38.7939,1455,6.6958,11,0.7617,19,False,8
1,0,76.7296,25,0,34,False,3,False,events,False,27,57.0223,0,21,3.7294,False,low_light,60.9005,15,True,2000,True,True,0.0,7871,True,37.1296,1485,5.7436,11,0.6966,19,False,12
4,0,59.396,25,0,36,True,5,False,landscapes,True,27,271.1922,4,91,3.5659,False,low_light,22.8373,38,False,2000,True,False,0.0,4559,True,81.6085,1594,5.3055,46,0.6641,8,False,1
3,0,81.3596,26,0,32,False,6,True,astro,True,25,263.1019,6,103,3.5684,False,low_light,66.7801,28,True,2000,False,True,0.0,4447,False,40.0597,1671,5.4001,47,0.1428,12,False,12
1,0,71.3692,21,0,39,False,2,True,sports,False,26,4.0072,0,0,4.03,False,well_lit,1.7718,4,True,670,False,False,0.0,3784,False,30.9561,1620,6.4648,11,0.7861,6,False,4
7,0,70.7077,23,0,39,True,9,False,street,True,26,263.4393,6,0,4.159,False,low_light,30.1932,1,True,415,True,True,0.0,6947,False,78.0719,1573,5.6392,21,0.1051,18,False,13
4,0,76.5024,26,0,33,True,7,True,landscapes,True,29,300.0,5,117,4.1578,True,well_lit,63.8049,2,True,460,True,False,229.5072,6497,,86.3165,1513,4.6287,49,0.9726,11,False,3
4,0,76.2797,26,0,37,True,5,False,events,True,26,300.0,0,131,4.0622,True,well_lit,49.0512,15,False,2000,False,True,228.8392,7620,True,90.5531,1556,5.0245,44,0.1638,19,False,9
4,0,85.8241,23,0,37,False,9,False,sports,False,28,300.0,7,200,4.0385,True,well_lit,4.6462,16,True,2000,True,False,0.0,4921,True,34.9078,1534,4.8278,20,0.5976,8,False,9
5,0,62.818,26,50,39,True,5,False,wildlife,True,28,217.9139,3,60,3.9171,False,well_lit,31.1378,36,True,2000,True,True,0.0,727,,85.4993,1587,4.6364,24,0.815,6,False,9
6,0,76.3534,23,0,39,True,9,False,astro,False,28,284.4628,3,68,4.1437,True,low_light,9.3598,33,False,2000,True,False,0.0,8918,True,79.1656,1574,8.2991,43,0.0026,16,False,15
7,0,65.3967,25,50,35,False,7,True,wildlife,False,28,300.0,2,120,3.8272,True,low_light,12.1187,43,False,2000,False,False,0.0,4518,True,37.2946,1534,6.9593,1,0.6839,8,False,14
8,0,76.3538,23,0,35,False,2,True,portraits,True,25,300.0,6,142,3.9818,False,low_light,29.3596,46,False,2000,False,False,0.0,7447,True,35.7799,1617,6.4177,47,0.2257,13,False,13
5,0,69.438,26,0,34,False,4,False,events,False,25,300.0,0,104,4.321,True,low_light,63.1427,0,False,160,False,True,0.0,2114,,40.6317,1540,5.3436,4,0.131,8,False,13
3,0,61.9991,25,0,34,True,2,True,street,False,25,300.0,5,120,4.1152,False,well_lit,23.9524,11,True,2000,True,True,0.0,2963,True,82.9862,1526,6.0704,43,0.0353,10,False,17
4,0,49.6066,26,0,34,True,7,False,street,True,27,207.937,6,49,4.3685,True,,47.6939,4,False,420,True,True,148.8199,3431,True,85.546,1530,7.2306,4,0.1255,10,False,11
7,0,65.3225,23,0,34,True,7,False,sports,False,26,300.0,4,140,3.4582,False,well_lit,14.0977,17,False,2000,False,True,0.0,3715,True,76.4707,1517,7.0259,46,0.5975,12,False,7
5,0,72.2576,22,0,42,False,6,False,events,True,25,262.8908,8,82,3.9563,False,low_light,28.2568,31,True,2000,True,True,0.0,2878,True,36.7962,1504,7.593,1,0.9718,9,False,1
3,0,68.6561,26,0,32,True,5,False,events,True,26,262.0743,4,114,3.7541,False,well_lit,13.1992,13,False,2000,True,False,0.0,3295,True,84.3277,1627,6.2727,47,0.5518,6,False,11
6,0,61.4021,25,50,36,False,4,False,wildlife,False,27,300.0,5,129,4.0276,False,well_lit,8.433,8,True,1570,True,False,0.0,1064,False,37.4934,1432,8.0054,4,0.6174,1,False,5
8,0,68.286,23,0,35,True,9,True,sports,False,25,262.9065,7,3,4.0215,True,well_lit,45.4671,19,True,2000,,True,0.0,700,False,78.0055,1661,5.2162,4,0.3563,6,False,7
1,0,63.3001,26,0,33,False,0,True,astro,True,25,228.0302,5,112,4.0185,True,low_light,0.8612,0,True,410,False,False,189.9004,10000,,37.8644,1649,3.7646,48,0.0291,19,False,1
1,0,63.0792,24,0,34,True,1,True,portraits,True,26,300.0,7,187,4.1174,True,well_lit,49.7334,47,False,2000,False,False,189.2377,645,True,82.9349,1470,5.8094,42,0.7029,1,False,12
9,0,75.8931,23,0,38,True,5,True,sports,True,27,300.0,1,18,3.4523,True,low_light,62.463,49,True,2000,False,False,227.6792,3971,True,78.0983,1592,5.1364,40,0.0616,7,False,16
7,0,66.3815,24,0,38,True,7,True,astro,True,24,257.1351,7,32,3.9601,False,low_light,16.709,5,True,835,True,True,0.0,8280,False,81.959,1593,6.411,22,0.7108,19,False,6
3,0,75.9688,24,0,39,False,9,False,astro,False,26,134.1676,0,39,3.5234,False,low_light,61.7447,8,False,1320,False,False,0.0,100,False,35.4099,1581,6.7086,4,0.85,0,False,15
1,0,55.827,25,0,36,False,5,False,astro,False,25,49.6466,6,23,3.6336,True,well_lit,50.605,26,False,2000,False,False,0.0,7501,True,41.3549,1567,4.1013,7,0.2289,14,False,2
9,0,64.0151,24,50,32,False,2,False,wildlife,True,27,300.0,9,167,4.0248,False,well_lit,60.4235,15,True,2000,False,True,0.0,4207,False,35.6761,1558,7.6182,45,0.7552,12,False,14
7,0,85.6308,28,0,35,False,8,True,portraits,True,26,300.0,6,174,3.6838,False,low_light,55.5291,2,False,210,,True,0.0,2206,False,44.8035,1487,5.816,21,0.9279,9,False,1
5,0,51.6926,26,0,37,False,4,False,street,True,25,300.0,3,100,4.0805,True,,0.3577,3,False,295,True,True,155.0778,1397,False,40.2763,1522,8.2661,40,0.4982,6,False,4
7,0,74.9805,26,0,36,True,1,True,astro,True,29,300.0,5,159,3.7082,True,low_light,48.7386,34,False,2000,True,True,224.9415,8550,False,89.951,1633,5.0131,34,0.4162,19,False,7
5,0,76.7224,27,0,35,False,5,False,astro,False,28,236.0023,8,70,3.8132,False,well_lit,33.9591,9,False,1645,False,False,0.0,3336,,40.5647,1677,7.6993,25,0.5325,6,False,3
7,0,68.4112,24,0,35,False,4,False,portraits,False,26,300.0,4,98,4.0318,False,low_light,70.0,26,True,2000,True,False,0.0,4984,False,36.893,1385,4.8696,41,0.8527,9,False,3
9,0,78.5502,23,0,37,False,2,False,landscapes,True,27,300.0,7,117,4.238,False,well_lit,42.1379,11,False,2000,True,False,0.0,3237,False,37.2504,1587,6.0277,31,0.6361,6,False,13
3,0,79.0232,26,0,38,False,1,False,sports,True,25,185.8767,0,61,4.0094,False,,44.4338,27,True,2000,True,True,0.0,8317,False,37.0419,1560,6.059,34,0.5776,19,False,1
6,0,62.2282,23,0,37,True,0,True,astro,False,26,300.0,7,116,4.0104,True,low_light,69.9833,50,True,2000,False,True,0.0,1577,True,75.0796,1552,3.3921,40,0.3945,8,False,19
6,0,77.0993,26,0,40,True,8,True,street,False,29,300.0,1,170,3.725,True,well_lit,22.3104,35,True,2000,True,True,0.0,10000,True,89.4939,1520,5.2949,11,0.0399,19,False,14
2,0,66.4683,24,0,34,True,4,False,landscapes,False,28,300.0,10,187,3.9784,True,well_lit,55.4181,19,False,2000,True,False,0.0,228,False,80.6986,1610,7.2997,15,0.1421,0,False,6
5,0,71.7178,25,50,35,False,7,True,wildlife,True,25,287.1628,1,65,4.3613,False,well_lit,4.8665,48,True,2000,False,True,0.0,2097,False,38.861,1620,5.9333,37,0.5072,9,False,11
4,0,69.0058,24,0,36,False,9,True,street,False,27,300.0,4,184,3.7713,True,low_light,34.2532,0,True,410,True,False,0.0,4800,True,36.5964,1622,8.0081,43,0.7141,8,False,13
1,0,83.9489,25,0,36,False,7,False,sports,True,26,247.863,5,122,3.8374,True,low_light,41.5207,8,False,1320,True,False,251.8466,1755,False,37.5217,1398,4.7057,28,0.1414,2,False,11
2,0,66.4037,24,0,38,True,1,True,sports,False,27,254.5148,6,119,4.1473,True,low_light,14.6111,26,False,2000,True,False,0.0,2673,False,79.4519,1527,6.9865,47,0.5825,4,False,12
1,0,63.3551,27,0,38,False,3,False,sports,False,28,40.4485,1,12,4.115,True,low_light,31.7406,15,False,2000,False,False,0.0,9953,True,40.2558,1540,5.787,42,0.5285,18,False,17
5,0,79.7919,23,0,35,True,4,True,astro,True,25,300.0,6,138,3.8698,False,well_lit,31.2031,36,True,2000,True,True,0.0,6413,True,80.7355,1484,4.9877,40,0.6417,16,False,17
1,0,66.7015,22,0,37,True,7,False,landscapes,False,26,144.3969,0,63,4.5969,False,well_lit,19.9216,1,False,165,,True,0.0,278,False,71.4588,1584,6.6472,12,0.4982,4,False,18
4,0,78.8174,25,0,36,True,9,False,events,True,25,274.7193,0,91,3.6909,True,well_lit,44.9098,15,False,2000,False,False,236.4521,4389,False,83.023,1428,5.8995,17,0.4754,7,False,17
7,0,73.6501,26,0,37,True,2,True,astro,True,26,241.1113,1,32,3.6024,True,low_light,47.1919,41,False,2000,True,False,220.9503,5852,True,87.8476,1729,6.503,15,0.3298,11,False,14
5,0,62.1272,25,0,36,False,8,False,events,True,26,232.7838,4,47,3.8807,True,low_light,4.4608,18,False,2000,True,False,186.3816,3250,False,36.6949,1759,6.6314,5,0.156,6,False,9
7,0,72.5128,22,0,36,True,0,False,events,False,29,300.0,4,124,3.4303,False,well_lit,8.3836,11,False,2000,True,True,0.0,8726,True,75.0522,1601,7.096,34,0.1171,19,False,9
5,0,68.1558,26,0,37,True,8,False,landscapes,False,25,300.0,0,121,4.31,False,low_light,65.1553,26,True,2000,True,False,0.0,7895,False,85.2012,1531,7.1203,19,0.8852,14,False,15
6,0,63.7779,23,0,36,False,6,True,landscapes,False,27,300.0,3,91,4.08,True,well_lit,6.4492,19,True,2000,True,False,0.0,4347,False,36.7673,1618,4.7342,29,0.5584,8,False,18
7,0,76.2136,25,0,36,True,0,True,portraits,False,23,300.0,8,129,3.8092,True,low_light,6.6345,12,True,2000,False,True,0.0,7567,False,81.3261,1519,5.0025,37,0.9715,20,False,3
3,0,65.5622,22,0,37,True,6,True,astro,False,28,300.0,6,169,4.0677,True,low_light,53.8224,43,True,2000,True,True,0.0,5927,True,73.5803,1669,4.9653,1,0.8148,16,False,17
7,0,67.743,25,0,36,False,9,False,events,False,26,272.7052,2,6,4.0759,False,low_light,57.1437,43,True,2000,True,True,0.0,8086,False,38.6656,1722,4.8169,2,0.1262,20,False,16
9,0,67.6326,27,0,35,False,4,False,landscapes,False,26,300.0,1,46,4.396,False,low_light,65.7656,22,True,2000,True,False,0.0,4766,True,41.2678,1541,4.4691,18,0.8846,9,False,1
6,0,70.1301,25,0,39,False,1,False,portraits,True,26,300.0,4,63,3.5612,False,low_light,60.5945,30,False,2000,,True,0.0,1440,False,38.7405,1646,6.1003,34,0.8122,7,False,14
9,0,78.3633,22,50,37,True,9,False,wildlife,True,27,300.0,2,117,3.7386,False,low_light,16.6681,37,True,2000,,False,0.0,3676,True,73.3891,1679,5.564,23,0.9906,7,False,19
1,0,64.8035,26,50,36,True,4,False,wildlife,True,25,259.6286,9,128,3.6372,True,low_light,49.7573,33,True,2000,True,False,194.4105,6150,False,86.6341,1523,7.0561,47,0.8927,11,False,16
1,0,84.0565,26,0,36,True,5,True,landscapes,False,26,243.594,2,115,3.3867,True,,13.6903,17,True,2000,True,False,0.0,9808,True,85.0176,1541,8.2932,12,0.3754,19,False,1
7,0,70.3051,23,0,37,True,9,False,portraits,False,28,300.0,0,129,3.8154,False,low_light,58.2917,32,True,2000,True,True,0.0,8511,False,81.1726,1540,6.1454,7,0.6513,20,False,19
1,0,79.0698,24,0,38,False,5,True,portraits,False,26,173.3864,6,85,3.3688,True,well_lit,38.8188,46,True,2000,False,False,0.0,8347,,35.2897,1619,7.1192,7,0.6663,15,False,3
5,0,74.4527,24,0,35,True,6,True,astro,False,26,300.0,6,160,4.1231,False,well_lit,31.1372,1,False,165,False,False,0.0,5232,False,81.7092,1523,5.736,12,0.9501,9,False,1
2,0,64.5894,26,0,36,True,7,True,landscapes,True,25,70.1294,7,18,3.7981,False,well_lit,32.8901,3,False,295,False,True,0.0,2065,,88.9427,1540,7.6056,11,0.2021,8,False,3
4,0,63.0622,23,0,37,False,7,True,astro,False,27,300.0,7,121,3.9397,True,well_lit,2.5518,43,False,2000,False,True,0.0,225,True,36.5654,1695,7.85,18,0.4304,5,False,10
3,0,72.92,24,0,41,True,7,True,sports,False,26,86.2257,2,11,3.9973,True,low_light,48.3766,30,True,2000,True,True,0.0,3415,False,77.6782,1563,5.0747,26,0.5446,10,False,16
3,0,71.0275,24,0,34,False,0,False,astro,False,25,114.8696,6,40,3.8799,False,well_lit,10.9632,1,True,415,True,True,0.0,7962,False,37.2042,1496,6.8219,13,0.0174,19,False,5
5,0,74.8931,23,50,37,False,9,False,wildlife,False,26,119.4161,7,14,3.6538,False,low_light,9.6008,37,False,2000,True,True,0.0,2278,False,36.3269,1669,6.3477,23,0.172,9,False,8
3,0,78.9234,24,0,33,True,5,True,astro,True,27,282.7474,7,124,3.8774,False,well_lit,21.4272,4,False,420,False,True,0.0,3511,True,80.4466,1527,5.0477,27,0.5961,12,False,2
3,0,72.202,24,50,35,False,5,False,wildlife,True,24,152.8405,3,41,4.4341,True,well_lit,33.7794,39,False,2000,True,True,216.6061,1440,False,36.4758,1577,4.5201,15,0.4938,7,False,5
7,0,76.6707,25,0,36,True,8,True,sports,False,27,261.6049,6,26,4.26,False,low_light,37.3583,23,False,2000,False,False,0.0,7369,,86.4978,1569,6.1731,21,0.2836,14,False,18
6,0,71.8194,24,50,37,True,3,False,wildlife,False,27,300.0,9,156,3.7602,True,low_light,45.8626,14,False,2000,,True,0.0,3261,,82.4629,1597,5.6332,19,0.1428,11,False,12
6,0,77.066,24,50,34,False,6,False,wildlife,True,27,162.6709,6,3,4.34,True,well_lit,1.7921,30,False,2000,False,True,231.1979,6542,True,36.3952,1402,5.6432,46,0.7541,18,False,13
5,0,75.574,22,50,37,True,3,True,wildlife,True,26,300.0,2,111,4.4419,True,well_lit,24.0913,7,True,1285,,True,226.722,4839,,76.8536,1605,4.5555,4,0.4824,14,False,5
1,0,95.1804,24,50,36,True,8,True,wildlife,True,26,300.0,0,173,4.1079,False,well_lit,17.3778,28,False,2000,True,True,0.0,9516,False,78.5106,1636,9.0842,38,0.3051,19,False,2
4,0,62.5288,23,0,35,True,4,True,events,False,27,300.0,1,163,3.8451,True,low_light,27.7065,24,False,2000,False,True,0.0,9215,True,79.2317,1646,5.2482,15,0.287,20,False,17
5,0,72.1097,26,0,38,False,1,True,landscapes,False,24,300.0,3,123,3.8295,True,,35.2265,12,True,2000,True,False,0.0,3891,False,39.0126,1729,6.89,11,0.7264,6,False,18
2,0,65.0531,24,0,37,False,9,False,sports,False,25,56.2424,5,21,3.5511,True,low_light,58.6082,32,False,2000,True,False,0.0,8384,True,36.3349,1473,6.9613,42,0.3642,16,False,0
5,0,72.6193,27,0,39,False,7,False,astro,True,24,300.0,2,152,4.0509,True,low_light,58.757,16,False,2000,True,False,217.858,3769,True,40.248,1490,7.8105,24,0.4309,6,False,10
5,0,76.357,23,50,33,False,0,False,wildlife,True,28,235.6974,1,66,4.141,True,low_light,40.025,43,True,2000,False,True,229.0709,2521,True,36.865,1620,2.6311,23,0.5095,9,False,8
2,0,87.3887,26,0,36,False,0,False,street,True,28,86.2118,0,28,3.3503,False,low_light,56.0908,5,False,585,False,True,0.0,100,True,39.3956,1532,7.8213,20,0.0443,5,False,15
2,0,67.3899,23,0,34,True,3,True,astro,True,23,300.0,2,187,4.2144,True,low_light,29.4334,37,False,2000,False,True,202.1696,7240,,79.3135,1685,5.1751,20,0.7541,19,False,6
1,0,69.2638,24,0,37,False,7,True,events,False,27,74.4821,5,29,4.1264,True,well_lit,68.7804,19,False,2000,True,True,0.0,3008,False,38.3684,1608,4.5785,36,0.0718,11,False,12
8,0,57.1667,27,0,35,False,2,True,landscapes,True,26,300.0,6,150,3.7681,False,low_light,7.3033,16,True,2000,False,False,0.0,4605,False,40.4695,1616,8.2034,36,0.925,8,False,1
8,0,81.6452,25,0,34,True,9,False,sports,False,27,300.0,8,66,3.6671,False,well_lit,4.8109,49,False,2000,False,False,0.0,2137,True,85.6696,1544,7.2325,39,0.5419,3,False,16
8,0,60.5481,25,0,37,False,9,False,astro,False,26,300.0,6,164,4.0728,False,well_lit,22.4898,8,False,1320,False,True,0.0,878,False,38.0591,1546,6.1045,26,1.0,6,False,4
5,0,52.5005,25,50,40,False,8,True,wildlife,False,26,300.0,1,110,4.419,False,well_lit,10.8351,21,True,2000,True,False,0.0,7563,True,39.0592,1612,4.6899,37,0.4203,15,False,6
8,0,69.1742,21,50,32,True,0,False,wildlife,False,26,300.0,6,182,3.7168,False,well_lit,0.0,23,False,2000,False,False,0.0,3039,False,70.2932,1623,4.775,38,1.0,6,False,7
3,0,66.9528,26,0,35,True,9,False,street,True,28,287.8738,9,110,4.2668,False,well_lit,19.4983,14,False,2000,False,True,0.0,2249,False,84.9274,1651,6.8063,34,0.5943,8,False,3
1,0,60.209,24,50,38,False,6,True,wildlife,True,25,135.3062,1,66,3.2819,False,low_light,4.3674,6,True,1040,False,True,0.0,2635,True,35.8749,1540,5.6808,8,0.1213,9,False,15
2,0,63.0083,24,0,35,False,5,False,street,False,25,300.0,6,188,4.0852,True,low_light,43.8445,43,True,2000,False,True,0.0,1151,,36.9045,1400,3.6241,34,0.5614,6,False,1
1,0,86.6195,24,0,38,True,0,True,astro,False,27,188.4033,7,87,3.6147,False,low_light,57.1827,46,True,2000,True,False,0.0,619,True,79.0861,1519,7.6595,32,0.1219,1,False,19
7,0,80.9122,23,0,38,True,6,False,portraits,False,27,300.0,2,167,4.4858,False,low_light,16.119,31,True,2000,False,True,0.0,2138,True,79.4854,1541,5.141,7,0.4313,9,False,18
3,0,65.6985,28,0,39,True,5,False,events,True,26,300.0,3,165,4.2079,True,low_light,42.9104,16,False,2000,False,True,197.0956,8390,False,93.1683,1599,7.5629,34,0.7036,19,False,16
5,0,67.6601,22,0,33,True,5,False,landscapes,True,25,300.0,3,105,3.977,False,low_light,12.6435,31,False,2000,False,False,0.0,9878,False,76.4496,1696,5.7163,42,0.1803,18,False,19
8,0,59.1193,24,0,37,True,1,False,sports,True,24,300.0,2,100,4.318,False,low_light,39.0512,48,False,2000,True,True,0.0,4889,True,78.8083,1458,6.19,22,0.1204,14,False,16
9,0,66.9556,24,0,38,True,5,True,astro,False,24,300.0,5,66,3.9642,True,well_lit,36.9926,43,False,2000,,False,0.0,8371,True,83.2468,1533,7.8069,8,0.7376,16,False,12
6,0,73.1671,24,0,38,False,1,False,street,False,26,300.0,8,106,3.9023,True,well_lit,3.384,8,True,1570,False,True,0.0,3049,True,36.5139,1515,5.8946,30,0.2495,10,False,14
2,0,81.9839,23,0,35,False,0,True,astro,True,26,257.9833,0,112,3.7821,True,well_lit,64.6279,43,False,2000,False,False,245.9516,7023,,35.3097,1524,5.1811,14,0.9173,14,False,0
3,0,75.3904,24,0,40,True,1,False,sports,False,26,157.035,7,44,4.328,False,well_lit,12.5779,41,False,2000,False,False,0.0,9339,True,82.0485,1614,4.2759,25,0.5829,18,False,12
8,0,71.366,22,0,35,False,8,False,events,False,25,300.0,0,155,4.449,False,well_lit,38.8557,45,False,2000,False,True,0.0,6279,True,34.9744,1633,5.9604,34,0.5255,16,False,1
3,0,72.0049,24,0,36,True,5,False,street,True,24,137.837,3,52,3.7792,True,low_light,30.0611,3,True,545,True,False,216.0148,6934,False,82.3304,1547,6.0759,25,0.3813,13,False,18
1,0,71.8312,27,0,37,True,9,False,events,True,26,297.9309,0,147,3.9261,False,well_lit,57.3364,39,True,2000,False,False,0.0,958,False,88.9483,1625,6.8924,14,0.9429,0,False,17
7,0,77.4949,26,50,36,True,3,True,wildlife,True,28,300.0,7,194,3.8758,False,well_lit,24.2776,24,True,2000,False,False,0.0,3294,False,91.2011,1784,5.9583,39,0.5998,5,False,2
5,0,64.9029,24,0,37,False,3,True,sports,False,25,300.0,0,200,4.1745,False,well_lit,49.2315,26,False,2000,False,True,0.0,358,False,37.4606,1588,6.368,7,0.0758,5,False,13
8,0,59.0853,22,50,37,False,7,True,wildlife,False,26,300.0,8,172,3.8463,True,well_lit,50.8001,15,True,2000,,False,0.0,1439,True,33.8446,1397,6.5388,1,0.4412,1,False,13
6,0,77.4816,27,0,37,True,4,True,events,True,25,300.0,8,175,4.0536,False,well_lit,13.1723,39,False,2000,False,False,0.0,3663,False,88.9205,1599,5.1869,39,0.1724,7,False,9
1,0,68.4302,27,0,41,False,3,True,street,False,27,300.0,3,161,3.5677,False,low_light,51.1864,22,True,2000,True,False,0.0,9316,False,42.0897,1602,6.9592,2,0.7497,18,False,0
8,0,76.123,28,0,36,True,4,True,events,True,26,300.0,9,137,3.7424,True,low_light,28.2734,18,False,2000,True,False,228.3691,777,True,91.2955,1504,4.7589,22,0.2774,1,False,2
1,0,78.8388,24,0,38,False,0,False,events,True,27,109.3765,3,46,4.3309,False,,65.5953,48,False,2000,False,True,0.0,4200,True,37.646,1572,3.5195,26,0.0181,13,False,13
1,0,67.6468,25,0,36,True,2,True,landscapes,True,26,55.5083,3,19,4.3789,False,well_lit,69.1392,22,True,2000,True,True,0.0,7627,False,81.4632,1605,5.6616,14,0.9858,19,False,10
5,0,77.0408,25,0,36,True,6,True,landscapes,True,26,300.0,3,114,3.8332,True,well_lit,50.4477,37,True,2000,False,False,231.1223,5065,True,87.6972,1560,3.4204,13,0.4708,9,False,1
5,0,87.0759,24,50,36,True,6,True,wildlife,True,25,300.0,5,132,4.0466,False,well_lit,39.3367,7,True,1285,True,True,0.0,5824,False,80.5045,1658,6.7405,37,0.0116,15,False,10
2,0,71.5812,22,0,37,True,5,True,events,False,25,187.758,9,77,3.7483,False,low_light,25.0557,37,False,2000,False,False,0.0,9331,True,76.5693,1602,5.6629,18,0.429,18,False,17
6,0,83.9105,25,50,33,True,1,True,wildlife,False,27,300.0,0,195,3.8238,False,well_lit,17.1002,33,False,2000,,True,0.0,6787,True,82.2587,1553,7.03,3,0.2593,18,False,18
6,0,67.5644,27,50,36,True,4,True,wildlife,True,27,279.0578,3,50,3.6392,True,low_light,33.5484,25,True,2000,True,False,202.6933,8021,False,88.7378,1463,5.8555,24,0.7615,15,False,13
5,0,74.793,26,0,37,True,9,True,street,False,29,188.6558,2,45,3.9383,False,well_lit,37.5361,7,False,1035,True,False,0.0,556,False,85.1901,1448,3.898,37,0.0236,0,False,13
8,0,79.3873,22,0,36,False,8,False,street,True,25,300.0,0,175,3.4296,False,low_light,35.1696,5,True,835,,True,0.0,7927,True,32.8314,1493,6.1389,15,0.1133,20,False,16
4,0,67.2675,26,0,38,False,5,False,landscapes,False,27,283.6607,6,107,4.3533,False,low_light,56.3831,34,False,2000,,True,0.0,4021,False,37.3473,1617,8.7491,7,0.3912,13,False,2
4,0,71.9559,25,0,36,True,9,False,portraits,False,26,105.3448,1,3,3.9739,False,well_lit,59.5524,42,True,2000,True,False,0.0,265,True,85.4791,1537,7.5199,15,0.3992,0,False,3
4,0,69.2884,27,0,36,True,6,False,landscapes,False,25,172.0731,0,35,4.0921,True,low_light,22.1665,29,True,2000,True,True,0.0,8153,True,90.809,1410,7.1663,27,0.5231,19,False,9
2,0,64.3717,26,50,30,True,4,False,wildlife,True,22,251.6744,8,109,3.7245,True,well_lit,34.5163,22,True,2000,True,True,193.1152,9518,True,84.2084,1532,8.2388,6,0.3064,19,False,9
3,0,81.1078,24,0,33,False,7,False,landscapes,False,25,158.0468,7,63,3.5566,True,,56.141,28,True,2000,False,False,0.0,6682,False,36.6262,1558,6.6179,11,0.4283,12,False,3
5,0,65.842,22,0,40,False,2,False,events,True,25,297.0632,6,100,3.868,True,,59.7435,8,False,1320,False,False,197.5259,9344,False,33.3376,1518,5.1129,49,0.4987,17,False,12
7,0,67.3416,29,0,34,True,8,False,events,False,25,300.0,5,159,4.011,True,,10.7155,0,True,410,False,False,0.0,2110,False,95.7,1585,7.4465,11,0.9103,4,False,14
4,0,78.1336,26,0,40,True,3,True,sports,True,27,292.9982,1,100,3.7254,True,well_lit,51.7674,44,False,2000,,True,234.4007,6338,True,87.122,1681,6.9633,2,0.5162,17,False,6
1,0,66.6031,27,0,37,True,7,True,portraits,True,26,203.804,5,100,3.8053,True,low_light,63.284,44,True,2000,True,False,199.8093,4404,False,89.5789,1461,5.8947,23,0.4436,7,False,6
6,0,65.6303,23,0,39,False,2,True,landscapes,False,26,258.1238,7,35,3.8308,False,low_light,15.507,34,False,2000,True,True,0.0,251,False,36.2255,1583,4.7677,3,0.0424,4,False,4
4,0,66.9244,23,0,37,True,9,True,portraits,True,24,167.3716,7,33,4.0456,True,low_light,34.8476,38,False,2000,False,False,200.7732,6105,False,76.6341,1471,5.7409,1,0.17,11,False,5
3,0,66.8494,24,0,40,False,1,True,sports,False,26,235.9756,5,83,4.3531,True,low_light,0.0,8,False,1320,True,False,0.0,5754,True,36.8894,1670,4.3491,1,0.7372,10,False,7
7,0,69.1223,25,0,34,False,6,True,events,True,24,300.0,0,44,4.6683,False,well_lit,56.8626,3,True,545,True,True,0.0,807,False,39.7185,1480,5.0106,14,0.9683,5,False,8
1,0,79.9215,24,50,37,False,4,True,wildlife,True,27,180.738,5,81,4.6824,True,well_lit,61.0972,6,False,790,False,False,239.7645,1873,False,33.9023,1410,6.3146,2,0.4008,3,False,9
7,0,55.1022,24,0,39,True,0,False,landscapes,False,27,300.0,0,111,3.9822,False,well_lit,62.447,32,False,2000,False,False,0.0,3119,False,79.3377,1590,4.333,8,0.9649,6,False,9
6,0,83.3028,24,0,36,False,2,True,astro,True,24,247.1837,9,24,4.0661,True,low_light,53.0864,19,False,2000,False,True,249.9085,2249,,38.3103,1454,5.8082,34,0.3599,9,False,12
3,0,77.6734,24,0,38,False,1,True,street,True,29,99.9952,8,31,4.2098,False,low_light,22.9426,1,False,165,True,False,0.0,6594,False,35.1755,1704,3.8482,13,0.986,12,False,8
7,0,54.5086,23,0,36,True,5,True,events,False,25,300.0,0,173,4.511,False,well_lit,12.3031,49,False,2000,True,False,0.0,5195,False,77.9761,1484,4.2959,29,0.6229,9,False,9
1,0,74.8985,25,0,37,True,2,False,sports,False,27,255.4894,0,119,4.3878,True,well_lit,24.4567,9,True,1895,False,False,0.0,3842,False,85.6664,1450,3.1198,19,0.0359,6,False,9
6,0,62.415,24,50,35,True,0,False,wildlife,True,27,300.0,5,155,4.0945,False,low_light,13.504,1,True,415,False,True,0.0,4431,False,79.0959,1589,6.7177,44,0.0753,12,False,2
3,0,71.3903,23,0,36,False,9,False,events,False,25,256.0194,0,96,4.0271,True,low_light,8.8216,20,False,2000,True,True,0.0,9850,,36.1983,1376,5.4581,33,0.947,19,False,12
6,0,57.3675,23,0,33,False,8,True,events,True,25,300.0,8,133,3.7957,True,well_lit,30.9091,8,True,1570,True,True,172.1024,1509,False,36.7782,1461,8.5686,44,0.2567,7,False,5
1,0,64.8259,26,0,35,False,0,True,events,False,25,195.026,8,90,3.7779,False,low_light,14.6106,20,True,2000,True,True,0.0,1656,False,41.3956,1483,4.9875,27,0.0068,7,False,0
3,0,70.2051,23,0,34,True,2,False,landscapes,True,26,90.1024,1,27,3.9949,True,low_light,2.5446,47,False,2000,False,True,210.6152,5537,False,81.1239,1459,5.9336,38,0.1625,15,False,12
3,0,75.3137,26,0,36,False,6,True,landscapes,False,27,235.7819,8,87,3.8833,True,,39.5595,31,False,2000,False,False,0.0,9933,True,41.1143,1517,5.9699,28,0.5453,18,False,1
7,0,69.2881,26,0,39,True,2,False,street,True,28,300.0,5,111,3.8254,True,well_lit,37.4627,31,False,2000,True,False,207.8643,7537,False,88.9126,1517,4.2225,37,0.2191,15,False,8
6,0,69.7291,24,50,33,False,2,True,wildlife,False,28,233.97,4,55,3.4514,True,well_lit,34.5898,46,True,2000,False,True,0.0,8349,True,37.3038,1495,5.5284,34,0.7911,20,False,11
8,0,74.1167,25,0,34,False,5,True,landscapes,False,28,300.0,3,141,3.8167,True,low_light,11.3586,4,False,420,True,True,0.0,7269,False,35.266,1604,6.108,13,0.9263,19,False,20
6,0,73.292,24,0,35,False,1,True,sports,False,27,192.8548,2,23,4.0618,False,,30.1375,8,True,1570,,False,0.0,608,False,38.3679,1541,6.6498,7,0.3509,1,False,10
3,0,71.3148,22,0,39,False,6,True,astro,False,27,117.1028,5,41,3.9022,True,well_lit,51.6809,39,False,2000,False,True,0.0,2616,True,32.3861,1581,5.6721,40,0.6637,9,False,5
5,0,68.8019,20,0,38,True,0,True,astro,True,25,300.0,6,151,4.1571,False,low_light,49.6234,6,False,790,False,True,0.0,5710,False,70.204,1545,5.6774,2,0.6942,15,False,9
1,0,84.5351,23,50,36,True,3,False,wildlife,True,25,99.9164,1,48,3.9028,True,well_lit,41.4925,36,False,2000,False,False,253.6053,717,,79.2511,1549,3.6903,31,0.4763,0,False,3
1,0,78.6547,23,0,39,True,1,False,events,True,24,283.1997,3,134,3.7716,True,low_light,57.0651,11,False,2000,True,True,235.9641,4139,,79.9186,1545,6.6705,50,0.2651,13,False,8
5,0,59.7021,23,0,33,False,2,True,sports,True,28,300.0,1,147,3.9807,False,low_light,45.8891,22,True,2000,False,False,0.0,2222,False,34.9413,1614,5.9262,9,0.742,3,False,17
9,0,74.0714,23,0,34,False,7,True,events,True,26,300.0,7,43,3.711,True,,3.6577,18,True,2000,True,False,222.2141,6511,False,34.7673,1634,7.7265,38,0.0238,12,False,2
3,0,73.631,26,50,39,True,7,True,wildlife,True,27,242.5258,7,103,4.0686,True,low_light,54.6931,5,True,835,True,True,220.893,1346,True,89.6907,1664,6.8128,49,0.047,7,False,9
8,0,75.6328,28,0,40,True,1,True,street,False,22,300.0,8,180,4.1116,False,low_light,27.623,32,True,2000,False,True,0.0,7810,False,92.4625,1770,5.4918,22,0.1144,19,False,12
3,0,71.9321,26,0,31,False,7,False,astro,False,25,279.4463,0,121,4.1816,True,low_light,14.0622,43,False,2000,False,True,0.0,5935,False,39.4866,1490,5.8269,30,0.3071,16,False,5
1,0,81.5026,24,0,38,False,0,True,events,True,27,19.4404,5,8,3.4228,False,low_light,3.3781,2,True,460,True,True,0.0,3768,False,35.8697,1471,6.4739,18,0.3665,12,False,15
2,0,80.6132,26,0,35,True,2,False,astro,False,26,91.6005,7,38,3.8989,False,low_light,24.8091,16,True,2000,False,False,0.0,930,,90.91,1621,7.149,22,0.3025,0,False,13
6,0,57.69,25,0,39,False,5,True,portraits,True,25,300.0,2,161,3.7213,True,well_lit,42.0258,0,False,160,True,True,173.07,6595,False,37.0505,1445,5.5802,29,0.0476,18,False,8
3,0,52.409,27,0,36,True,9,False,sports,False,26,235.4822,7,99,4.1536,False,well_lit,61.361,11,False,2000,False,True,0.0,8687,True,86.7925,1551,6.4142,42,0.456,19,False,12
7,0,58.9725,24,0,33,True,9,False,street,True,29,244.5168,0,11,3.5024,False,well_lit,22.3846,12,True,2000,True,True,0.0,8263,True,81.7439,1767,6.0029,45,0.5317,19,False,17
3,0,70.0552,24,0,37,True,4,True,street,True,26,196.1552,5,66,3.9975,False,low_light,33.4825,43,True,2000,False,False,0.0,1549,False,79.791,1684,8.4879,27,0.9224,2,False,12
3,0,76.7901,25,0,38,True,7,False,street,True,26,300.0,1,137,4.1416,False,well_lit,13.631,37,True,2000,True,False,0.0,9891,False,84.8082,1480,5.6219,35,0.8903,19,False,10
8,0,80.5371,24,0,37,False,5,True,astro,True,26,300.0,0,142,4.0799,False,well_lit,32.8395,41,True,2000,False,True,0.0,3299,True,37.4205,1445,7.9642,36,0.3126,11,False,12
2,0,71.3902,26,50,38,False,7,True,wildlife,True,26,260.7301,4,122,4.1906,False,low_light,17.6845,3,False,295,False,False,0.0,2532,False,39.2178,1403,6.8946,11,0.9038,4,False,13
8,0,68.091,23,50,37,True,6,False,wildlife,True,28,300.0,2,148,4.014,True,,8.6038,7,False,1035,True,True,204.2729,3928,False,77.7516,1562,6.8609,24,0.4958,12,False,8
2,0,83.37,24,0,36,False,6,True,events,False,29,198.6558,6,84,3.3978,True,well_lit,36.524,13,True,2000,False,False,0.0,4398,False,36.0906,1567,7.4048,33,0.8621,7,False,16
7,0,67.4251,24,0,32,False,4,True,events,True,28,300.0,7,102,4.1934,False,well_lit,64.8987,35,False,2000,True,True,0.0,5637,,36.2566,1560,6.6569,8,0.0074,15,False,17
4,0,72.1361,25,0,37,True,8,False,sports,True,26,268.3293,2,81,4.242,False,low_light,40.4642,0,False,160,False,False,0.0,5824,True,84.9046,1537,3.8716,42,0.1211,10,False,13
7,0,65.542,26,0,36,False,4,False,landscapes,False,28,296.0503,8,52,3.9423,True,well_lit,47.5577,6,True,1040,True,True,0.0,2238,True,40.4734,1530,5.2742,19,0.4164,9,False,17
1,0,69.6219,22,0,36,True,6,True,sports,True,24,275.4993,2,130,3.8628,False,low_light,14.2983,26,False,2000,False,True,0.0,2529,False,76.1249,1521,5.8453,24,0.4307,10,False,15
2,0,71.6288,25,0,34,True,8,True,street,False,26,273.1183,6,129,3.7815,False,well_lit,31.1678,0,True,410,,False,0.0,7323,False,82.4375,1589,5.7775,42,0.4203,13,False,8
1,0,77.2991,24,0,34,False,6,True,portraits,True,25,300.0,6,178,3.9513,True,well_lit,61.5693,3,False,295,True,True,231.8974,2629,False,34.2017,1665,6.6967,8,0.2726,10,False,10
2,0,77.3593,26,0,34,False,4,False,astro,False,25,141.3631,4,63,3.8447,False,low_light,27.9946,16,False,2000,False,False,0.0,6822,False,39.3499,1351,5.4111,3,0.5808,12,False,11
3,0,83.4721,24,0,37,False,5,False,sports,True,28,280.1089,4,124,3.5289,False,well_lit,21.0826,13,False,2000,True,True,0.0,7724,False,36.7651,1551,3.1191,16,0.7433,20,False,18
7,0,80.4448,24,0,38,True,7,True,events,False,28,300.0,9,65,3.9537,False,well_lit,12.1506,18,True,2000,False,True,0.0,7529,False,84.2345,1490,5.111,10,0.0926,19,False,13
7,0,64.4745,23,0,40,False,0,False,landscapes,True,24,300.0,5,185,4.0985,False,well_lit,39.2565,38,False,2000,False,True,0.0,7780,False,35.5551,1633,6.5207,50,0.5796,19,False,10
2,0,71.0744,24,0,37,False,6,False,landscapes,True,26,162.6413,2,63,4.0913,False,low_light,4.6568,12,True,2000,,False,0.0,2604,False,35.5867,1531,5.9325,28,0.2412,4,False,2
3,0,67.5297,25,0,37,True,3,False,sports,False,25,300.0,4,159,4.0395,False,low_light,16.1143,30,True,2000,True,False,0.0,3847,,81.291,1640,4.3381,27,0.9231,6,False,13
6,0,79.0474,24,0,33,True,1,True,portraits,False,27,300.0,4,162,3.7268,True,,14.2695,42,False,2000,False,False,0.0,4899,True,81.9133,1653,6.4447,37,0.8521,9,False,10
8,0,67.3928,23,0,36,True,9,False,sports,False,28,300.0,8,66,4.3182,True,well_lit,5.4363,15,True,2000,False,True,0.0,9768,,78.6372,1487,6.359,12,0.7188,20,False,18
4,0,68.8681,25,50,36,True,5,False,wildlife,True,29,144.8783,0,37,4.4453,False,low_light,5.2116,2,True,460,False,False,0.0,3462,,85.2677,1590,5.9113,25,0.1413,5,False,6
7,0,77.1505,25,0,33,False,5,True,landscapes,True,28,202.9638,3,11,3.6666,True,well_lit,28.9425,30,False,2000,True,True,231.4516,9189,False,36.1536,1684,9.1929,10,0.938,19,False,15
5,0,79.7903,25,50,39,False,5,False,wildlife,False,27,300.0,3,185,4.2607,True,low_light,2.6971,33,False,2000,False,False,0.0,8678,False,38.3229,1539,3.6247,2,0.7297,16,False,5
10,0,72.7905,23,0,34,False,6,True,astro,False,25,300.0,1,123,4.0346,False,,32.4991,25,False,2000,,False,0.0,7739,True,35.5407,1563,4.5089,21,0.0294,14,False,2
6,0,72.8811,25,0,35,True,1,False,portraits,True,25,300.0,0,158,4.4128,False,well_lit,65.731,20,True,2000,,False,0.0,7062,False,82.0941,1504,6.6848,45,0.5914,13,False,0
6,0,60.5025,27,0,37,True,6,True,portraits,False,26,300.0,0,126,3.8303,True,well_lit,35.358,37,True,2000,True,True,0.0,5210,False,88.2871,1513,5.8315,19,0.6455,14,False,18
7,0,70.718,25,0,34,True,3,True,events,True,29,300.0,9,34,3.9115,False,,57.2456,20,True,2000,True,True,0.0,1230,True,83.4279,1603,5.3566,22,0.5929,7,False,7
1,0,72.1197,24,0,34,True,6,True,sports,True,26,143.5258,0,63,4.4212,False,low_light,3.4151,1,True,415,,True,0.0,5044,False,83.4585,1622,4.7368,44,0.5783,14,False,5
3,0,78.7022,26,0,37,False,7,False,sports,True,28,193.6179,1,61,4.4906,False,low_light,50.873,45,True,2000,True,False,0.0,161,False,42.045,1636,4.1609,15,0.0535,0,False,8
4,0,61.8461,24,0,36,True,0,False,street,True,25,274.379,1,85,4.1822,True,well_lit,31.8731,13,True,2000,True,False,185.5383,5353,False,79.4036,1529,6.9398,26,0.1784,10,False,14
2,0,72.5226,27,0,38,True,7,False,sports,True,26,19.504,9,2,3.8991,True,well_lit,21.6359,30,True,2000,True,True,217.5677,5874,,89.6225,1478,5.9243,9,1.0,16,False,8
3,0,68.71,24,50,35,False,3,False,wildlife,False,26,300.0,6,126,3.3169,False,well_lit,2.6767,25,True,2000,True,True,0.0,4553,False,37.3968,1533,7.2624,41,0.7906,13,False,4
6,0,72.8869,28,0,39,True,3,False,street,True,25,241.8147,3,52,3.8108,False,well_lit,42.8863,25,True,2000,False,False,0.0,966,False,95.1308,1649,4.0253,2,0.5197,0,False,2
2,0,67.8451,24,0,36,False,4,True,portraits,False,27,209.2179,9,97,3.7857,False,low_light,50.2096,11,False,2000,False,False,0.0,6865,False,35.5915,1647,7.6156,20,0.5532,13,False,12
4,0,73.7388,26,0,36,True,5,False,street,False,24,105.2376,4,17,4.45,True,well_lit,10.6858,37,False,2000,False,True,0.0,8041,,91.2282,1531,6.3956,13,0.2997,19,False,18
2,0,80.84,27,0,36,True,1,False,portraits,True,23,289.1614,8,137,3.786,False,low_light,55.3264,12,True,2000,,True,0.0,6585,True,93.6017,1572,5.6323,13,0.3326,17,False,13
1,0,67.1345,22,0,38,True,6,True,street,True,26,228.193,0,112,4.2259,True,low_light,62.2264,45,False,2000,True,False,201.4035,5943,False,75.3593,1555,6.8258,13,0.1323,11,False,18
4,0,71.6403,24,50,36,False,4,True,wildlife,False,27,300.0,9,176,4.4608,True,low_light,52.1859,27,True,2000,False,True,0.0,4141,True,37.9071,1535,7.0807,19,0.8799,13,False,16
6,0,71.0107,25,0,36,True,1,True,sports,True,25,272.71,10,46,3.7152,True,low_light,56.0331,36,False,2000,False,False,213.0321,6413,False,85.5954,1358,6.9969,43,0.6308,11,False,3
5,0,55.4375,23,0,37,True,5,False,sports,False,29,300.0,7,195,4.1814,False,,46.969,38,True,2000,,False,0.0,3449,False,76.9133,1464,5.3532,36,0.295,5,False,17
6,0,69.3245,23,50,37,True,5,False,wildlife,False,26,300.0,1,177,4.223,False,well_lit,53.8421,48,False,2000,True,True,0.0,5773,False,77.68,1617,4.2082,41,0.7181,15,False,0
3,0,59.7832,25,0,32,True,3,False,astro,False,26,172.0226,0,56,3.7055,False,low_light,59.5623,25,True,2000,True,False,0.0,3418,False,81.1656,1552,4.4461,11,0.8835,5,False,10
6,0,60.4782,22,0,39,True,9,True,street,False,25,300.0,8,180,3.7197,True,low_light,37.0931,2,False,210,False,True,0.0,5969,True,76.0225,1656,4.7926,39,0.7085,15,False,9
5,0,74.8167,25,0,38,True,7,True,street,False,27,212.7358,1,55,4.0977,True,low_light,58.15,1,False,165,True,True,0.0,4903,False,82.8664,1556,3.8218,20,0.2866,14,False,15
3,0,75.5966,23,0,38,True,6,False,events,True,27,180.5149,3,61,3.6745,True,well_lit,53.3,17,False,2000,True,False,226.7899,2291,False,78.7646,1458,7.0867,48,0.2369,3,False,14
1,0,74.9209,26,0,37,False,0,True,events,False,26,300.0,3,183,3.2813,True,low_light,14.0746,17,True,2000,True,False,0.0,2850,True,37.6302,1569,5.327,30,0.0924,4,False,3
7,0,74.5527,23,0,36,False,4,True,street,True,26,300.0,3,157,4.4554,False,well_lit,20.8228,12,True,2000,False,False,0.0,7122,False,34.5392,1639,4.5623,25,0.4044,14,False,17
8,0,78.5089,22,0,37,False,8,True,street,False,26,300.0,6,85,4.0064,True,well_lit,63.7743,46,False,2000,True,False,0.0,1888,False,34.3719,1556,7.6571,46,0.9339,2,False,2
4,0,72.0869,24,0,36,False,6,False,astro,False,25,153.6364,3,23,4.2901,False,,27.6682,25,True,2000,False,False,0.0,2927,True,35.0102,1409,5.6857,19,0.1897,5,False,19
4,0,69.9989,26,0,36,True,2,False,sports,False,28,216.1795,7,84,3.0041,False,low_light,70.0,45,False,2000,False,False,0.0,6821,False,86.9037,1503,5.7706,35,0.4383,13,False,20
6,0,63.4322,26,0,38,False,8,True,sports,False,25,300.0,0,170,3.668,False,low_light,42.7128,4,True,670,False,False,0.0,460,False,38.1574,1493,7.6729,24,0.0,0,False,13
1,0,81.018,24,0,38,False,3,False,astro,False,28,241.4676,1,119,3.4624,False,well_lit,3.1604,16,True,2000,False,True,0.0,285,False,38.0794,1455,7.1071,32,0.8634,5,False,13
2,0,62.5595,24,50,36,False,9,True,wildlife,False,24,24.1171,7,5,3.5351,False,low_light,26.2124,18,False,2000,True,False,0.0,3753,True,37.5767,1536,6.3958,16,0.6428,6,False,19
2,0,73.4288,26,0,34,True,4,False,astro,False,27,179.8153,0,72,3.9627,True,well_lit,54.5705,1,True,415,True,True,0.0,9848,False,85.7556,1624,5.7927,19,0.2859,19,False,4
1,0,78.2943,23,0,34,False,7,False,astro,False,26,287.812,3,142,3.8171,False,low_light,26.5723,33,True,2000,True,False,0.0,308,False,36.9912,1452,4.0656,18,0.1038,0,False,13
1,0,55.845,22,0,37,False,6,True,landscapes,False,26,300.0,0,172,4.0531,False,well_lit,23.2127,6,False,790,False,False,0.0,9103,,36.0741,1625,4.2906,43,0.6228,17,False,8
8,0,70.6073,29,0,33,True,3,False,portraits,True,25,300.0,7,198,3.7873,False,low_light,21.1893,16,True,2000,False,True,0.0,6111,False,95.7,1580,4.6683,47,0.5639,16,False,2
3,0,48.6418,26,0,43,True,6,False,sports,False,27,300.0,5,171,4.0526,True,low_light,24.0694,49,False,2000,False,True,0.0,1572,,87.4458,1537,3.505,35,0.9814,7,False,3
5,0,73.7984,23,0,36,False,0,False,street,False,27,300.0,6,184,3.7113,True,low_light,13.9027,45,False,2000,True,False,0.0,8047,False,37.1124,1604,5.6507,40,0.4882,16,False,14
4,0,69.4222,25,0,36,False,8,False,sports,False,28,167.5852,8,33,4.0367,False,low_light,12.0077,14,True,2000,False,False,0.0,756,False,38.0498,1505,8.7653,18,0.118,1,False,5
2,0,66.6569,23,0,35,True,9,True,landscapes,False,27,300.0,6,175,4.1878,False,low_light,57.8156,16,False,2000,False,False,0.0,5064,False,81.6494,1609,5.3244,9,0.8354,9,False,12
6,0,65.2247,25,0,35,False,2,True,events,False,25,300.0,4,180,3.8999,False,low_light,44.8458,30,False,2000,,True,0.0,5987,False,40.2646,1749,6.2669,33,0.8505,16,False,4
2,0,69.9291,25,0,38,True,8,True,portraits,False,26,298.3101,3,129,4.4736,True,well_lit,19.7261,15,False,2000,True,True,0.0,6881,False,86.5455,1703,6.9648,31,0.0723,17,False,9
4,0,78.541,23,0,40,False,1,True,landscapes,False,27,290.1711,5,98,3.7703,True,low_light,52.3934,36,True,2000,True,False,0.0,2687,True,36.2123,1371,5.7567,13,0.7823,5,False,14
3,0,66.8044,22,50,40,False,4,True,wildlife,False,28,300.0,6,170,3.8958,True,low_light,43.9925,27,True,2000,False,True,0.0,2730,True,33.4946,1541,5.9995,43,0.2446,10,False,11
9,0,68.1231,22,0,35,True,2,False,events,False,26,300.0,2,125,4.1587,True,low_light,30.1323,24,False,2000,True,True,0.0,8124,True,75.7892,1491,4.9471,18,0.5306,19,False,16
9,0,71.6574,25,0,37,True,1,True,portraits,False,27,300.0,6,172,4.3439,True,well_lit,41.3684,47,False,2000,True,False,0.0,3293,False,82.5465,1573,4.5369,40,0.5581,5,False,11
3,0,71.4593,25,0,36,False,7,True,events,False,26,245.0502,0,90,4.064,True,well_lit,22.6814,13,False,2000,True,True,0.0,5511,False,36.5892,1609,6.4161,4,0.8674,16,False,4
2,0,72.9281,25,0,37,True,8,True,astro,False,24,98.0337,8,31,4.0027,True,well_lit,49.3143,42,True,2000,True,False,0.0,4640,False,82.1021,1610,5.2299,16,0.2151,8,False,17
6,0,64.9467,23,0,34,True,7,True,landscapes,False,27,300.0,5,195,3.6319,False,well_lit,18.9008,34,True,2000,False,True,0.0,2015,False,79.7847,1592,4.756,32,0.0459,8,False,8
2,0,65.4659,24,0,35,False,0,True,portraits,True,26,300.0,4,195,3.9322,False,well_lit,42.2803,10,False,2000,False,True,0.0,3801,True,38.3227,1472,5.6045,13,0.6131,12,False,17
5,0,68.2281,26,0,35,True,8,False,astro,False,28,300.0,4,192,3.8271,False,low_light,60.1814,9,True,1895,True,False,0.0,365,True,85.3284,1649,5.0237,46,0.6207,0,False,5
4,0,54.8954,24,0,34,True,0,True,sports,False,28,300.0,0,188,4.2053,False,low_light,35.3233,29,True,2000,True,False,0.0,1443,True,78.1287,1522,7.2419,27,1.0,2,False,12
9,0,65.6608,24,0,34,True,4,False,astro,False,28,300.0,8,103,4.4144,False,low_light,33.2874,5,True,835,False,True,0.0,8031,True,82.9792,1435,6.4319,36,0.1049,20,False,2
4,0,68.2724,26,50,33,False,1,False,wildlife,True,26,293.3506,7,115,3.9396,False,well_lit,42.7362,22,False,2000,True,False,0.0,9286,False,40.0123,1433,6.9421,26,0.357,18,False,1
4,0,74.0668,22,0,35,False,8,False,events,True,26,300.0,6,169,3.5431,True,well_lit,22.4916,17,True,2000,True,True,222.2005,125,True,31.3595,1555,5.2503,23,0.7377,4,False,20
1,0,76.5715,22,0,39,False,5,True,street,False,26,11.8908,6,4,3.874,True,low_light,69.4135,41,False,2000,True,False,0.0,3221,False,33.167,1661,4.091,42,0.5202,5,False,0
6,0,76.7298,23,50,36,True,4,False,wildlife,False,26,183.9242,4,21,3.9336,True,well_lit,49.4429,26,True,2000,False,True,0.0,9156,True,78.7833,1489,7.3036,2,0.9705,20,False,10
1,0,73.049,25,0,34,True,4,True,events,False,26,71.1671,5,28,3.7862,True,,25.913,31,False,2000,,True,0.0,6928,False,87.0519,1612,3.3908,24,0.1161,17,False,0
5,0,62.7882,26,0,36,True,4,True,astro,True,25,251.0594,8,44,4.5258,False,low_light,45.7523,15,True,2000,False,True,0.0,100,True,94.4937,1499,7.7934,46,0.1646,4,False,11
3,0,60.1984,24,0,36,False,4,True,events,False,26,205.317,2,85,3.8981,False,well_lit,61.9835,12,False,2000,True,False,0.0,946,,33.9167,1515,8.5784,7,0.64,1,False,2
9,0,73.145,25,0,35,True,5,False,street,False,23,300.0,5,97,4.198,False,well_lit,59.137,26,True,2000,,True,0.0,7475,True,84.2817,1448,7.2565,10,0.662,18,False,16
1,0,78.0061,25,0,36,True,8,True,events,True,29,165.4083,3,81,3.4154,False,well_lit,64.3818,47,False,2000,True,True,0.0,6608,False,84.6765,1634,6.345,45,0.4598,17,False,6
9,0,66.8915,24,0,37,True,2,True,astro,True,26,300.0,1,167,4.0362,True,well_lit,11.6329,30,False,2000,False,False,200.6744,8807,True,83.8527,1535,4.7451,46,0.7543,16,False,7
5,0,83.5594,22,50,36,True,7,True,wildlife,False,26,181.8912,0,45,3.6666,False,low_light,22.6895,1,False,165,True,False,0.0,7885,True,76.1412,1575,5.0184,20,0.347,14,False,5
9,0,80.6638,23,0,36,True,8,True,sports,True,27,300.0,0,146,4.1161,True,well_lit,68.0046,50,True,2000,True,True,241.9914,9467,False,79.3399,1574,5.4785,36,0.2921,19,False,2
4,0,78.9875,24,0,37,True,8,True,events,False,27,300.0,3,200,3.8859,False,low_light,46.072,40,False,2000,False,False,0.0,5146,True,82.3208,1535,6.3479,30,0.1722,10,False,9
1,0,73.0107,25,0,39,True,9,False,landscapes,True,23,272.1263,3,134,4.1339,False,low_light,68.2496,41,True,2000,True,True,0.0,2571,False,81.2854,1570,6.5762,25,0.5987,10,False,9
1,0,65.5283,26,0,38,True,9,True,street,True,25,32.895,1,9,3.7278,False,low_light,19.8878,22,True,2000,True,True,0.0,1675,False,85.7507,1598,7.3414,36,0.8425,8,False,10
3,0,71.7593,27,0,37,False,1,True,landscapes,False,28,86.4107,4,12,3.8941,False,,48.7677,44,True,2000,True,False,0.0,146,,40.101,1612,5.524,33,0.0227,0,False,12
9,0,66.077,24,0,38,True,9,False,street,True,27,300.0,0,171,4.1249,True,well_lit,36.4698,13,False,2000,True,True,198.2311,1141,False,84.424,1517,7.2641,7,0.1368,6,False,2
7,0,71.0257,24,50,38,False,8,False,wildlife,False,25,300.0,0,69,3.806,False,low_light,47.739,42,False,2000,True,False,0.0,5896,,35.4668,1512,6.5544,42,0.8742,11,False,7
6,0,74.1553,25,50,40,True,4,False,wildlife,False,27,300.0,2,77,4.171,False,,38.583,31,False,2000,True,True,0.0,4469,True,86.739,1699,5.855,14,0.0579,12,False,11
4,0,64.962,23,0,35,True,6,False,astro,False,27,300.0,5,180,4.2522,True,low_light,50.0823,47,True,2000,False,True,0.0,8199,False,78.8466,1553,6.3545,29,0.0333,20,False,6
3,0,70.3538,24,0,40,True,9,True,landscapes,True,25,300.0,0,137,3.9397,True,,17.2788,15,True,2000,True,False,211.0614,3324,True,80.4889,1588,7.2979,40,0.5067,6,False,3
7,0,69.0551,22,0,42,True,0,False,street,False,26,300.0,5,143,3.2367,False,well_lit,66.6055,5,False,585,False,True,0.0,3581,True,73.4212,1493,3.806,45,0.3729,12,False,13
7,0,65.1609,27,0,33,True,3,False,sports,True,24,300.0,0,135,4.2584,True,well_lit,36.739,33,True,2000,,False,195.4828,6298,True,88.3117,1481,4.5198,45,0.7711,11,False,14
4,0,66.0624,22,0,39,False,10,True,sports,False,27,300.0,7,136,4.4769,False,well_lit,57.2303,48,True,2000,True,False,0.0,9216,False,33.949,1519,4.6082,43,0.6207,18,False,14
7,0,62.935,23,0,34,True,5,False,portraits,True,28,300.0,0,148,3.7551,False,low_light,2.6161,7,True,1285,True,False,0.0,6193,True,74.847,1505,6.1421,30,0.1592,11,False,6
5,0,63.4208,23,0,38,False,0,False,astro,True,26,300.0,2,144,3.7161,True,low_light,9.6191,7,False,1035,False,False,190.2624,2401,False,38.0955,1543,6.2507,30,0.2903,3,False,2
5,0,84.0813,24,0,35,False,10,True,events,True,26,129.8789,1,13,4.1875,True,low_light,22.1774,21,True,2000,True,True,252.244,3678,False,39.1664,1746,4.6921,1,0.0936,11,False,17
6,0,66.6173,25,0,37,False,8,False,street,False,26,296.3735,5,44,4.2415,True,well_lit,51.5735,36,True,2000,False,False,0.0,9468,False,39.3005,1577,6.6386,5,0.037,17,False,13
7,0,74.2624,26,0,30,False,7,False,landscapes,False,26,280.1222,8,19,3.8026,False,well_lit,24.3511,31,False,2000,False,False,0.0,7819,True,38.2931,1478,6.1797,20,1.0,14,False,18
6,0,67.178,25,0,33,False,7,True,street,True,23,300.0,3,162,3.9097,False,well_lit,54.0582,48,False,2000,True,True,0.0,100,False,37.3802,1536,5.9026,42,0.0766,5,False,3
9,0,66.5165,25,50,35,False,4,False,wildlife,False,27,300.0,6,120,4.3807,True,well_lit,9.9539,41,True,2000,True,False,0.0,2883,True,36.901,1483,6.8391,30,0.1594,4,False,12
9,0,67.6901,24,0,36,False,8,True,landscapes,True,28,300.0,7,199,4.2301,False,low_light,32.5322,29,True,2000,True,True,0.0,6317,False,35.4285,1416,4.8891,13,0.3974,16,False,3
6,0,68.1689,25,0,37,True,2,False,landscapes,False,27,300.0,4,144,4.264,True,well_lit,22.6782,16,False,2000,False,False,0.0,7229,True,80.3755,1528,6.5785,8,0.596,14,False,17
3,0,70.2262,26,50,34,True,3,True,wildlife,False,28,260.1598,1,94,4.4945,False,low_light,8.0735,42,True,2000,False,False,0.0,1783,False,86.1889,1437,8.9876,22,0.9592,2,False,9
5,0,70.7662,28,0,37,False,2,False,landscapes,False,26,300.0,1,178,3.9255,False,well_lit,53.7255,25,False,2000,False,True,0.0,5422,True,45.0995,1600,5.3317,44,0.3693,15,False,11
5,0,78.2151,21,0,36,True,3,True,street,False,27,300.0,6,190,4.0691,False,low_light,59.1969,40,False,2000,False,False,0.0,5128,False,72.9184,1530,7.6368,1,0.198,10,False,18
1,0,58.5974,26,0,34,False,1,True,sports,True,25,264.3098,7,130,4.3394,False,low_light,62.9642,30,False,2000,True,False,0.0,1100,False,36.6182,1540,7.3185,23,0.4742,2,False,6
5,0,70.5917,25,0,36,False,3,True,events,True,25,300.0,1,128,4.3862,True,low_light,22.3057,35,True,2000,True,True,211.775,4783,,37.5266,1533,5.2799,6,0.7722,13,False,12
9,0,49.3173,25,0,34,True,7,True,sports,False,25,300.0,9,114,4.3193,False,well_lit,69.5372,1,False,165,False,True,0.0,679,False,85.6403,1592,6.6353,13,0.3192,5,False,2
4,0,68.3147,26,0,38,True,4,True,landscapes,True,27,123.2525,0,13,3.8901,False,low_light,53.9187,49,False,2000,True,False,0.0,6999,True,86.3796,1659,5.747,46,0.1596,12,False,6
2,0,88.8436,25,0,37,True,7,True,sports,False,26,300.0,0,152,4.2293,True,well_lit,19.5754,37,True,2000,False,False,0.0,1055,False,83.0612,1485,7.7231,5,0.6973,2,False,3
4,0,56.2996,24,0,37,False,4,False,portraits,True,28,300.0,6,169,3.9192,False,low_light,61.348,31,True,2000,False,True,0.0,1415,False,34.4125,1555,7.7743,1,0.5184,7,False,3
1,0,80.6278,24,0,41,True,0,False,landscapes,False,24,230.0162,3,113,4.0306,False,well_lit,14.4169,26,True,2000,,True,0.0,8055,True,82.1842,1668,6.0574,3,0.7139,20,False,13
7,0,73.5259,24,0,35,False,7,False,portraits,True,26,300.0,6,40,3.8032,True,low_light,12.1625,28,True,2000,False,True,220.5777,4108,False,37.3777,1662,4.7358,34,0.3654,13,False,6
6,0,62.8823,25,0,40,True,0,True,astro,False,28,300.0,0,170,4.2764,True,,64.1115,4,True,670,,False,0.0,6551,False,81.7,1611,6.5904,1,0.8311,12,False,5
5,0,64.3272,23,0,35,True,9,False,street,True,26,300.0,1,183,3.5629,True,well_lit,63.3071,16,True,2000,True,True,192.9815,6537,False,79.1259,1588,5.7204,17,0.534,18,False,17
4,0,65.5749,25,0,36,True,8,False,sports,True,27,300.0,5,150,3.6857,False,low_light,31.7848,7,False,1035,True,False,0.0,2320,False,87.1653,1582,5.9847,46,0.649,3,False,9
3,0,66.2969,25,0,36,False,9,True,street,False,29,163.0654,8,47,4.314,False,low_light,46.2222,9,False,1645,True,True,0.0,1668,True,39.9429,1502,5.4181,2,0.3265,8,False,7
2,0,64.5521,25,50,37,False,2,True,wildlife,True,28,123.5371,3,44,3.9614,True,low_light,20.9288,15,False,2000,False,False,193.6564,6658,,40.3455,1460,7.3953,43,0.5939,13,False,15
8,0,51.7084,24,0,35,True,4,False,events,True,24,300.0,0,90,4.2038,True,,54.9052,34,True,2000,True,False,155.1252,2565,False,82.613,1553,5.1264,7,0.5183,5,False,9
3,0,74.0808,25,50,32,True,1,False,wildlife,False,26,118.4076,7,32,3.4024,False,well_lit,58.163,46,True,2000,False,True,0.0,4436,False,86.5554,1560,6.0414,5,0.783,13,False,16
6,0,74.3429,25,0,36,True,3,False,portraits,True,26,300.0,8,138,4.1779,False,low_light,14.1998,48,False,2000,False,True,0.0,8047,False,83.6198,1569,7.6715,30,0.1152,20,False,6
5,0,59.2672,25,0,40,True,2,True,street,True,26,300.0,3,145,4.2296,True,low_light,47.6683,36,False,2000,True,True,177.8017,2907,True,83.045,1576,5.5625,11,0.2192,9,False,18
6,0,62.0143,24,0,36,True,8,False,astro,True,28,300.0,3,194,4.0627,True,,63.0726,15,False,2000,True,False,186.043,3625,False,81.796,1539,4.489,2,0.2623,7,False,18
9,0,66.1841,24,50,40,False,1,False,wildlife,False,26,300.0,9,80,3.7677,True,low_light,52.7274,16,False,2000,True,True,0.0,3229,,37.056,1640,6.6173,38,0.4774,11,False,16
6,0,75.524,25,0,39,False,2,False,portraits,True,26,300.0,6,159,3.6514,False,low_light,55.4443,13,True,2000,True,True,0.0,7336,False,38.8825,1619,6.7588,17,0.9217,18,False,5
4,0,79.0089,22,0,38,False,2,True,astro,False,27,254.8148,6,93,4.2859,False,,16.1336,43,False,2000,True,False,0.0,3201,True,34.4277,1450,4.582,43,0.7874,5,False,14
5,0,72.1969,26,50,34,True,7,False,wildlife,False,24,196.0907,1,29,3.8422,False,well_lit,56.8974,39,True,2000,True,False,0.0,3700,True,85.2046,1504,4.3292,11,0.8309,6,False,16
1,0,66.7969,23,0,34,False,5,True,events,True,27,300.0,4,182,4.0789,False,,32.432,0,False,160,True,True,0.0,5762,False,35.4599,1567,6.7576,33,0.3099,16,False,7
8,0,85.7021,27,0,37,False,1,True,landscapes,True,25,300.0,8,4,3.9439,True,low_light,2.0142,26,False,2000,True,False,257.1063,5230,False,40.8673,1688,4.8671,16,0.319,9,False,2
1,0,72.5253,23,0,37,False,6,False,events,False,27,30.3159,7,7,4.0575,False,well_lit,46.6966,33,True,2000,False,False,0.0,2857,True,34.5934,1516,6.5531,7,0.6474,5,False,5
5,0,70.4029,25,0,38,True,8,False,sports,True,26,208.4383,0,57,3.7797,True,low_light,53.713,0,True,410,True,False,211.2086,5883,True,83.4004,1611,5.089,47,0.8863,11,False,11
3,0,76.7384,24,0,35,True,4,True,street,False,27,300.0,6,199,4.0663,False,low_light,54.6712,30,False,2000,True,False,0.0,3294,False,77.5703,1460,7.2361,31,0.927,6,False,5
8,0,69.9708,24,0,34,True,5,True,sports,True,25,230.1299,6,0,3.6045,False,well_lit,66.7516,49,True,2000,,False,0.0,4601,False,80.8694,1532,6.7163,43,0.3714,9,False,13
9,0,53.5128,24,50,36,False,5,True,wildlife,False,23,300.0,4,89,4.3239,False,low_light,9.7138,1,True,415,True,True,0.0,3313,True,36.6837,1616,4.489,12,0.5682,11,False,9
1,0,77.2215,24,0,35,True,3,False,events,True,26,214.3273,7,105,4.3336,False,well_lit,10.1986,10,True,2000,False,False,0.0,7986,False,78.5569,1606,6.6384,18,0.6745,15,False,5
1,0,72.3593,25,0,37,True,0,False,sports,False,24,146.9048,5,65,4.2446,True,low_light,65.5667,6,True,1040,True,True,0.0,5389,False,84.9238,1676,7.1158,25,0.912,14,False,12
7,0,56.0322,26,0,37,True,2,True,landscapes,False,28,300.0,3,144,3.991,False,low_light,51.7345,17,True,2000,False,True,0.0,9669,False,85.8452,1633,5.9703,29,0.7044,20,False,2
5,0,72.1895,24,50,35,False,9,True,wildlife,False,27,274.7772,7,79,4.6886,False,well_lit,31.6526,16,False,2000,False,False,0.0,4597,True,34.8405,1625,5.6463,19,0.3996,8,False,11
6,0,66.0175,26,0,40,False,3,True,portraits,False,27,300.0,5,132,3.6743,False,,7.4309,47,True,2000,True,False,0.0,8938,False,37.6092,1556,6.0228,12,0.7697,16,False,19
4,0,71.7336,24,50,38,False,2,False,wildlife,True,26,206.7182,3,70,4.1977,True,low_light,58.7753,38,True,2000,True,False,215.2007,5870,True,36.9667,1535,6.7866,9,0.4445,11,False,14
4,0,53.4067,23,0,37,True,6,True,astro,False,26,165.7066,4,32,4.0627,False,low_light,21.4863,30,True,2000,False,False,0.0,9306,False,78.9328,1601,6.9749,29,1.0,18,False,6
3,0,78.7637,22,0,38,False,9,True,astro,False,23,265.0453,4,114,4.1387,True,low_light,56.4565,33,True,2000,False,False,0.0,6541,True,34.244,1648,5.8276,12,0.3813,13,False,17
5,0,64.7103,26,0,39,True,3,True,events,False,27,300.0,0,109,3.5816,False,low_light,37.8908,34,False,2000,,True,0.0,1645,True,87.708,1539,7.102,18,0.0902,8,False,9
3,0,59.9913,26,0,37,True,1,False,astro,True,24,174.0116,6,54,4.1156,False,well_lit,37.0579,9,True,1895,False,False,0.0,1067,False,89.3557,1550,4.1708,1,0.7336,2,False,9
6,0,75.1277,21,0,37,False,8,False,events,True,27,300.0,0,64,4.1798,True,low_light,42.4434,17,True,2000,True,True,225.3832,7715,False,34.9278,1610,4.8932,11,0.2661,19,False,7
6,0,80.5216,22,0,35,False,7,True,landscapes,True,24,300.0,2,90,4.1377,True,low_light,25.2787,35,False,2000,,True,241.5648,7345,,32.6229,1689,5.9277,24,0.7247,19,False,0
2,0,73.505,24,50,38,True,6,False,wildlife,False,27,239.5743,8,113,3.3683,False,low_light,7.2147,3,True,545,True,True,0.0,4699,False,82.5799,1629,8.7314,40,0.1095,14,False,5
2,0,81.3771,22,50,39,True,5,True,wildlife,False,26,287.2466,1,125,4.1419,True,well_lit,42.3185,24,True,2000,False,False,0.0,4456,True,76.8461,1501,8.0055,18,0.9925,7,False,16
1,0,61.7466,26,0,38,True,4,True,street,True,24,35.7557,3,16,3.7405,True,low_light,31.7906,42,False,2000,True,True,185.2397,6506,False,83.1208,1594,7.3736,15,0.7932,17,False,5
4,0,61.9858,25,0,38,True,6,True,events,False,28,118.6999,9,29,3.8062,False,low_light,32.6852,27,False,2000,,True,0.0,5280,,82.7342,1706,5.2644,23,0.6691,15,False,7
2,0,78.1751,23,47,37,False,2,True,wildlife,True,26,166.8459,6,67,3.6288,False,low_light,42.9591,43,True,2000,True,False,0.0,2218,True,34.0097,1462,4.1592,3,0.6272,3,False,13
1,0,59.4817,23,0,36,False,7,True,astro,False,25,158.3634,5,77,4.3932,True,low_light,7.7703,38,False,2000,True,False,0.0,8867,False,36.5817,1719,6.6645,16,0.1485,17,False,5
6,0,58.4754,25,0,35,True,4,False,sports,False,27,291.977,7,55,3.718,False,low_light,16.1795,26,True,2000,False,False,0.0,7006,,86.3869,1509,5.2052,8,0.1364,13,False,16
7,0,71.101,23,0,36,True,7,False,sports,True,25,300.0,0,135,4.3601,False,well_lit,17.9782,18,True,2000,,False,0.0,6478,,78.6396,1501,6.6382,12,0.1295,12,False,18
6,0,62.8105,26,50,39,False,8,False,wildlife,True,26,300.0,7,185,4.4582,True,low_light,26.0813,33,False,2000,True,False,188.4316,4477,True,37.912,1520,6.7505,20,0.7473,7,False,1
2,0,77.0604,24,0,40,True,0,False,sports,False,28,271.8565,1,128,3.939,True,low_light,10.7597,24,False,2000,True,True,0.0,9340,True,79.4592,1541,8.5494,2,0.7268,19,False,12
6,0,65.9557,22,0,39,True,6,True,events,False,27,209.4126,1,41,3.5484,False,well_lit,13.4582,49,True,2000,True,False,0.0,430,False,71.8201,1550,8.3293,39,0.8565,0,False,7
4,0,73.2511,21,0,34,True,3,False,portraits,False,27,183.1153,8,63,3.5569,False,well_lit,19.2116,28,True,2000,True,True,0.0,7008,,74.7016,1531,4.5306,12,0.6371,19,False,10
1,0,78.9932,20,0,35,False,3,False,astro,True,26,217.9971,3,107,4.0324,True,well_lit,49.1777,13,False,2000,True,True,236.9796,9511,True,30.0,1435,6.5091,10,0.4032,20,False,11
9,0,76.7085,26,50,36,False,7,False,wildlife,False,25,300.0,2,63,3.7161,False,,46.511,48,False,2000,False,True,0.0,5969,True,40.1468,1614,5.6017,15,0.8216,16,False,0
6,0,58.6758,25,0,34,False,9,True,street,False,26,300.0,7,88,4.2772,False,well_lit,1.7603,14,False,2000,,True,0.0,6523,False,38.7949,1682,5.3261,17,0.6058,18,False,14
2,0,70.386,23,0,35,True,7,True,landscapes,True,23,267.3331,0,114,4.3675,True,low_light,3.9115,44,False,2000,True,True,211.158,8474,False,76.4628,1403,6.0337,38,0.0572,19,False,4
2,0,60.4274,24,50,35,False,2,True,wildlife,True,27,300.0,1,136,3.732,False,low_light,38.6505,25,False,2000,,True,0.0,100,False,38.1558,1553,3.9304,15,0.8908,5,False,11
8,0,81.2706,21,0,35,True,7,True,events,True,27,300.0,8,42,3.6216,True,low_light,31.181,35,True,2000,False,True,243.8118,939,True,73.7847,1481,5.1759,23,0.8317,6,False,19
3,0,69.3335,21,0,37,True,3,True,landscapes,False,24,241.4315,4,103,3.9418,False,low_light,22.2641,9,True,1895,False,True,0.0,8318,False,69.1835,1443,7.489,24,0.769,20,False,4
1,0,72.5451,24,0,34,True,4,False,astro,True,26,182.7699,7,83,4.1858,True,low_light,34.2013,29,True,2000,True,False,217.6352,6479,True,78.5068,1610,1.5653,15,0.8958,12,False,4
7,0,65.8215,24,0,36,True,1,False,landscapes,True,22,242.7883,7,22,3.1126,True,well_lit,13.2053,8,False,1320,False,False,197.4646,9751,False,81.0542,1693,3.9253,40,0.403,18,False,2
7,0,66.8459,21,0,36,False,8,False,portraits,False,29,300.0,3,118,3.8502,True,low_light,8.191,13,False,2000,False,False,0.0,3737,False,32.6825,1546,7.4684,30,0.8412,7,False,9
6,0,78.0204,24,0,35,True,6,True,astro,False,25,300.0,7,152,3.8862,True,low_light,2.732,8,True,1570,False,True,0.0,4603,True,79.0024,1607,7.5501,37,0.9311,13,False,17
5,0,70.2649,27,0,38,True,8,False,astro,False,25,300.0,1,164,4.2265,True,well_lit,7.4118,23,True,2000,False,True,0.0,6465,False,90.2999,1350,4.7269,1,0.7807,17,False,11
6,0,62.8836,26,50,36,False,2,True,wildlife,False,27,248.9788,0,16,4.4494,False,low_light,15.0113,25,False,2000,False,False,0.0,1891,True,41.0026,1489,7.2758,40,0.7287,2,False,6
8,0,59.1334,26,50,35,True,1,True,wildlife,True,27,300.0,8,109,3.9405,False,low_light,54.6619,12,False,2000,False,True,0.0,2855,False,87.0784,1452,7.4417,12,0.3937,10,False,18
7,0,67.114,26,0,38,True,7,False,landscapes,False,24,300.0,2,200,3.7077,False,well_lit,55.1453,30,True,2000,False,True,0.0,8493,False,85.6032,1620,6.1971,2,0.3398,20,False,10
2,0,70.6285,23,0,37,False,8,False,sports,True,26,300.0,0,148,3.9949,False,well_lit,66.3835,14,False,2000,True,False,0.0,7679,True,32.5433,1638,5.8686,34,0.9095,14,False,18
6,0,77.3587,27,50,37,False,2,True,wildlife,False,26,300.0,9,121,3.6484,False,low_light,47.1789,26,True,2000,True,True,0.0,5623,True,40.0594,1643,7.419,11,0.1797,16,False,15
6,0,69.873,23,0,38,False,6,False,astro,False,25,184.9253,6,9,4.6324,False,well_lit,25.5848,33,True,2000,False,False,0.0,3355,True,35.8229,1600,5.9178,20,0.0,5,False,17
7,0,59.3912,24,0,36,False,1,False,astro,True,27,296.2015,7,23,3.911,True,well_lit,10.9954,2,True,460,False,True,178.1735,6088,True,37.5695,1480,5.926,33,0.6193,17,False,12
9,0,59.8227,22,0,35,False,0,True,astro,False,24,300.0,7,7,4.4329,True,well_lit,18.6065,42,False,2000,True,True,0.0,1492,True,33.9023,1488,7.3454,7,0.3757,6,False,18
1,0,70.7637,24,50,33,True,5,False,wildlife,True,27,300.0,4,156,4.1712,False,,29.7831,19,False,2000,True,True,0.0,4438,False,78.6014,1750,5.4452,5,0.7723,13,False,10
1,0,69.0813,24,0,35,False,9,False,sports,False,24,219.8869,3,108,3.8899,True,low_light,16.7284,24,False,2000,False,False,0.0,4605,True,36.2272,1478,5.5545,32,0.9447,9,False,13
1,0,63.7746,26,0,33,False,5,False,street,True,25,137.9319,0,67,3.9449,False,low_light,21.6736,22,False,2000,True,True,0.0,4950,True,40.2363,1474,7.7149,24,0.1877,13,False,2
6,0,76.1792,25,0,36,True,4,False,astro,False,24,300.0,1,175,4.0452,True,well_lit,66.5984,48,False,2000,,True,0.0,4508,True,83.8529,1492,4.9203,10,0.2635,13,False,18
9,0,74.3749,25,0,37,False,2,False,street,True,27,300.0,3,156,3.9432,True,well_lit,26.9565,7,True,1285,False,True,223.1248,4320,True,38.1046,1634,6.7176,30,0.6148,13,False,7
