investment_likelihood,types_of_cryptocurrencies_invested,job_sector,research_hours_per_week,digital_literacy_score,uses_blockchain_technology,monthly_blockchain_transactions,number_of_cryptocurrencies_owned,age,investment_experience_years,has_crypto_certifications,follows_crypto_news,online_course_enrollment_frequency,forum_participation_level,has_regular_access_to_internet,decentralized_finance_participation,economic_condition,blockchain_conference_attendances,tech_workshops_attended,investment_in_crypto,annual_income,uses_defi_services,trading_frequency_per_month,holds_multiple_currencies,number_of_trading_platforms
Low,7,technology,27.3754,100,True,443,33,60,30,True,False,13,1,True,True,normal,20.0,28,417966.5129,190000.0,True,35,True,5
Low,31,finance,23.3913,58,False,363,37,43,29,True,False,12,1,True,True,normal,20.0,11,249133.3236,190000.0,True,5,,6
Low,9,finance,30.0122,1,False,414,35,39,30,False,True,11,2,False,False,downturn,20.0,46,541762.6306,150000.0,True,120,True,6
Low,18,technology,25.6953,0,True,382,36,53,29,,False,11,1,False,False,upturn,20.0,11,25243.1669,150000.0,True,35,True,6
Low,40,technology,28.7822,0,False,369,34,63,30,False,False,10,1,False,False,upturn,20.0,39,649140.1964,150000.0,True,35,True,5
Low,15,finance,27.2088,76,True,392,38,49,30,True,False,9,2,True,False,upturn,20.0,19,832492.582,190000.0,True,40,False,6
Low,12,technology,27.3891,0,False,398,37,22,29,,True,9,1,False,False,upturn,20.0,43,976840.9297,150000.0,False,85,True,5
Low,36,education,26.6279,70,True,367,32,45,29,True,False,13,2,True,True,upturn,20.0,15,925991.226,190000.0,False,70,True,6
Low,28,others,29.4022,27,False,379,40,57,30,True,True,10,2,True,False,normal,20.0,2,66638.2569,190000.0,False,120,True,6
Low,29,others,31.0226,0,True,367,34,42,29,True,True,9,2,False,False,normal,20.0,5,149653.4739,190000.0,True,120,True,5
Low,5,healthcare,24.3689,3,True,414,32,63,30,True,True,11,2,False,False,upturn,20.0,3,172779.6343,190000.0,True,120,True,5
Low,13,finance,25.9934,62,True,443,32,59,30,True,False,11,2,True,False,downturn,20.0,13,566006.986,190000.0,True,40,False,6
Low,19,others,29.1451,0,True,389,34,42,29,True,True,12,2,False,False,downturn,20.0,33,48790.0715,190000.0,True,90,False,6
Low,48,others,32.5866,0,True,423,42,32,29,False,True,14,2,False,True,upturn,20.0,25,943616.4801,150000.0,False,120,True,5
Low,3,others,29.7654,0,False,445,34,20,30,True,True,13,2,False,False,upturn,20.0,11,60044.5999,190000.0,False,90,False,6
Low,44,technology,25.6572,2,True,408,31,47,29,True,True,11,1,False,False,normal,20.0,50,339228.0679,190000.0,True,55,False,5
Low,9,,32.3846,1,False,438,35,31,29,False,False,10,2,False,False,downturn,20.0,2,912299.1587,150000.0,False,70,True,6
Low,50,others,25.7737,100,True,388,35,47,29,False,False,12,2,True,True,upturn,20.0,30,965005.9535,150000.0,False,70,True,5
Low,8,education,26.8609,0,False,385,35,53,30,True,False,12,1,False,True,normal,20.0,40,469824.7437,190000.0,True,35,True,7
Low,14,technology,24.0948,96,False,375,34,40,30,False,True,11,2,True,False,normal,20.0,47,471467.5109,150000.0,True,120,True,6
Low,43,others,26.5646,74,True,401,34,18,29,,True,11,2,True,False,upturn,20.0,17,680152.1586,150000.0,True,120,True,5
Low,20,healthcare,23.7702,100,True,391,32,56,29,True,True,10,2,True,False,upturn,20.0,28,395915.0957,190000.0,False,120,True,6
Low,32,others,32.5593,0,True,366,34,45,30,False,False,13,2,False,True,normal,20.0,11,305123.0554,150000.0,False,70,True,6
Low,30,finance,23.3904,2,True,409,41,33,30,True,True,12,1,False,True,normal,20.0,2,741980.8214,190000.0,True,85,True,6
Low,35,,29.0514,3,False,372,35,46,29,False,False,12,2,False,False,normal,20.0,24,612873.6588,150000.0,False,40,False,6
Low,42,finance,33.8733,0,False,381,40,49,29,True,True,13,1,False,False,upturn,20.0,28,493992.2934,190000.0,False,85,True,5
Low,17,healthcare,28.7414,3,False,382,36,24,29,,False,10,2,False,True,normal,20.0,13,114958.986,150000.0,False,40,False,6
Low,40,healthcare,31.2202,51,False,406,37,48,29,True,True,11,2,True,False,normal,20.0,11,98220.5052,190000.0,False,120,True,6
Low,49,education,23.1976,61,False,458,37,32,29,False,True,11,1,True,False,downturn,20.0,13,518107.6541,150000.0,True,55,False,6
Low,33,others,28.5589,99,True,388,35,55,30,False,False,12,2,True,False,upturn,20.0,25,652665.7908,150000.0,True,40,False,6
Low,29,technology,25.5502,100,False,385,34,64,30,True,False,13,1,True,True,normal,20.0,33,669936.5872,190000.0,True,35,,6
Low,48,education,28.5583,1,True,443,40,23,29,,True,12,2,False,False,upturn,20.0,35,892972.7043,150000.0,True,120,True,5
Low,4,education,23.0397,69,False,429,36,55,29,False,False,11,2,True,False,downturn,20.0,15,805418.021,150000.0,False,40,False,5
Low,19,,29.5371,0,False,417,35,60,29,True,True,14,2,False,False,normal,20.0,43,175110.0147,190000.0,True,120,True,5
Low,13,,34.6974,85,False,401,37,34,29,,False,11,2,True,False,upturn,20.0,22,810721.98,190000.0,True,70,True,6
Low,3,education,24.9865,1,True,412,35,22,29,,False,9,1,False,False,downturn,20.0,28,668343.3781,150000.0,True,5,False,6
Low,43,education,23.2643,51,False,407,38,45,29,False,False,13,2,True,False,upturn,20.0,9,817398.0579,150000.0,False,40,False,5
Low,19,,27.1006,0,True,436,35,30,30,True,False,10,1,False,False,downturn,20.0,20,818217.7445,190000.0,False,5,False,5
Low,10,healthcare,30.9481,31,False,407,38,26,30,,True,11,2,True,True,upturn,20.0,3,387493.1365,190000.0,False,90,False,5
Low,19,education,29.656,0,True,442,40,20,30,False,True,12,1,False,False,normal,20.0,28,275213.9481,150000.0,True,55,,5
Low,19,healthcare,36.0007,0,True,441,38,30,30,False,False,11,1,False,False,upturn,20.0,38,588986.9278,150000.0,True,35,,6
Low,6,healthcare,26.7385,96,False,438,37,31,30,True,False,11,2,True,False,downturn,20.0,27,350640.2279,190000.0,False,70,,6
Low,27,finance,29.2781,69,False,449,38,54,29,True,False,11,3,True,True,normal,20.0,16,395998.0403,190000.0,True,165,True,5
Low,6,healthcare,22.2019,99,True,401,39,54,29,False,False,11,2,True,False,downturn,20.0,40,59276.4121,150000.0,False,70,True,6
Low,10,finance,33.3903,0,True,435,36,40,30,False,False,10,2,False,False,upturn,20.0,2,1000000.0,150000.0,False,40,False,5
Low,35,education,30.4744,0,False,352,38,40,30,,True,12,1,False,True,upturn,20.0,10,328393.8715,150000.0,False,55,False,6
Low,14,technology,28.5621,0,True,374,35,57,30,True,False,13,2,False,True,normal,20.0,0,751603.9354,190000.0,True,40,False,5
Low,32,finance,23.2914,82,False,354,37,57,30,False,False,12,1,True,True,upturn,20.0,20,999562.3471,150000.0,True,5,False,6
Low,12,technology,25.7481,0,True,398,36,55,30,,False,11,1,False,False,downturn,20.0,12,972023.2721,190000.0,False,5,False,5
Low,25,education,26.0734,0,True,434,36,37,29,True,False,11,2,False,False,normal,20.0,33,644714.2516,190000.0,True,40,False,5
Low,5,technology,27.3512,0,True,387,42,36,29,True,False,12,2,False,True,downturn,20.0,4,546289.1606,190000.0,True,40,,6
Low,2,others,28.5786,29,True,434,40,64,30,False,True,12,2,True,False,normal,20.0,1,324919.5907,150000.0,True,90,,7
Low,26,others,35.6738,98,True,431,34,59,29,False,True,12,3,True,False,normal,20.0,28,844437.6858,150000.0,True,185,False,6
Low,41,education,20.4517,100,True,360,35,53,30,True,False,12,1,True,True,normal,20.0,38,346112.9318,190000.0,False,35,True,6
Low,36,healthcare,30.7621,82,True,384,33,52,30,False,False,11,2,True,False,upturn,20.0,20,96511.4091,150000.0,False,70,,7
Low,39,healthcare,20.6641,0,True,388,38,45,29,False,False,12,2,False,False,upturn,20.0,10,299233.0948,150000.0,True,40,False,6
Low,23,finance,28.5984,100,True,425,28,34,30,,False,13,1,True,False,normal,20.0,25,311204.1629,190000.0,False,5,False,5
Low,34,others,31.6232,69,True,395,38,31,30,False,False,10,2,True,False,normal,20.0,17,708584.3042,150000.0,False,70,True,6
Low,5,finance,25.0074,69,False,392,36,25,30,True,False,13,2,True,False,upturn,20.0,14,188407.5384,190000.0,False,70,True,6
Low,42,education,30.4594,90,True,411,35,50,30,False,True,13,2,True,True,upturn,20.0,21,329600.4318,150000.0,False,120,True,7
Low,21,technology,29.5384,1,True,407,37,53,30,False,True,12,1,False,False,downturn,20.0,29,87317.8256,150000.0,True,85,True,5
Low,44,others,28.0155,0,False,381,35,37,29,True,False,10,1,False,True,downturn,20.0,28,837763.3267,190000.0,False,35,True,5
Low,28,healthcare,27.8051,31,True,403,33,18,30,False,True,11,2,True,True,normal,20.0,4,739318.6323,150000.0,False,90,False,5
Low,5,finance,27.148,57,True,395,38,61,29,False,True,12,2,True,True,normal,20.0,11,436868.6201,150000.0,False,120,,6
Low,22,,27.0136,3,False,365,38,40,30,False,False,10,2,False,False,downturn,20.0,0,420037.6702,150000.0,False,40,False,6
Low,41,healthcare,34.5453,3,True,430,34,61,30,False,True,11,2,False,False,normal,20.0,21,191318.9521,150000.0,False,120,True,6
Low,9,healthcare,26.9383,0,False,431,38,46,29,,False,12,2,False,True,downturn,20.0,39,404850.7526,190000.0,False,70,True,5
Low,8,education,23.5766,89,False,362,36,23,29,True,True,13,2,True,False,downturn,20.0,21,832824.0353,190000.0,True,120,True,5
High,2,,32.4682,98,False,382,37,33,29,,False,11,1,True,True,downturn,20.0,50,85992.1036,190000.0,False,5,False,6
Low,31,healthcare,30.5549,100,False,398,38,48,29,True,False,11,3,True,True,upturn,20.0,36,803807.5593,190000.0,True,165,True,5
Low,20,healthcare,28.6892,80,False,387,33,49,29,False,False,11,2,True,False,normal,20.0,19,16409.041,150000.0,False,70,True,5
Low,9,technology,26.0555,0,True,426,34,24,30,False,False,10,3,False,False,downturn,20.0,49,279322.2652,150000.0,False,135,False,5
Low,30,technology,32.3357,100,True,329,35,24,29,True,True,14,2,True,False,upturn,20.0,31,843421.7617,190000.0,True,120,,6
Low,6,healthcare,26.6183,95,True,377,31,33,29,False,True,13,2,True,False,upturn,20.0,46,451508.3794,150000.0,False,90,,6
Low,38,education,29.0429,0,True,378,33,49,30,True,True,10,2,False,True,normal,20.0,2,690754.5379,190000.0,False,90,False,5
Low,27,healthcare,28.9163,100,True,341,41,33,30,True,False,14,1,True,False,downturn,20.0,25,28263.7938,190000.0,False,35,True,5
Low,14,others,31.4975,98,True,357,38,50,29,False,True,13,2,True,False,normal,20.0,46,687264.1671,150000.0,True,90,False,6
Low,46,,30.5749,99,False,353,35,62,30,False,True,12,2,True,False,downturn,20.0,32,863469.5069,150000.0,True,120,True,7
Low,30,finance,28.1879,100,True,406,37,38,29,True,False,10,2,True,True,downturn,20.0,48,771311.4947,190000.0,True,40,False,6
Low,7,others,27.0316,100,False,401,40,18,30,False,False,11,1,True,True,upturn,20.0,50,479533.8938,150000.0,True,35,True,6
High,35,finance,23.2587,0,True,356,39,24,29,True,False,12,2,False,True,downturn,20.0,38,897267.0414,190000.0,False,70,True,6
Low,17,finance,30.3986,0,True,445,39,36,30,False,False,10,1,False,False,upturn,20.0,13,618983.3009,150000.0,False,35,,6
Low,38,finance,25.714,97,False,339,37,24,30,True,True,12,1,True,True,downturn,20.0,39,833256.9351,190000.0,True,85,True,7
Low,21,finance,26.0759,0,True,395,33,30,29,False,False,11,2,False,True,normal,20.0,35,199998.5819,150000.0,True,40,False,5
Low,3,healthcare,30.8644,43,True,381,38,42,30,False,False,12,1,True,False,downturn,20.0,6,225780.0766,150000.0,False,35,True,5
Low,33,technology,27.5253,0,False,351,39,18,30,,True,10,2,False,False,upturn,20.0,18,786717.7227,150000.0,True,90,False,6
Low,15,others,25.1635,2,False,405,33,23,29,,False,12,2,False,True,upturn,20.0,44,610595.7104,190000.0,True,70,,6
Low,48,others,28.27,100,False,444,34,58,30,,False,11,2,True,False,upturn,20.0,36,679023.2818,190000.0,True,40,False,6
Low,40,others,27.6774,1,False,425,38,42,29,,True,12,2,False,True,upturn,20.0,21,262103.6233,190000.0,True,90,False,5
Low,17,finance,20.7935,100,False,388,36,62,29,True,False,13,2,True,True,upturn,20.0,31,391162.5122,190000.0,False,40,False,5
Low,2,education,20.5614,97,False,474,35,19,29,,False,12,2,True,False,upturn,20.0,45,225924.0623,190000.0,False,70,True,6
Low,26,technology,27.6635,1,True,410,32,18,30,True,False,13,1,False,False,normal,20.0,30,118658.2524,190000.0,True,5,False,6
Low,31,education,32.284,0,False,455,32,53,30,True,False,13,2,False,True,downturn,20.0,10,159391.102,190000.0,False,40,False,6
Low,34,education,29.3606,0,True,394,32,40,30,,False,11,2,False,True,normal,20.0,32,987408.623,190000.0,False,40,False,6
Low,17,others,31.9553,60,True,446,36,59,29,,True,12,2,True,True,normal,20.0,12,232263.498,150000.0,True,90,,6
Low,7,,31.1469,3,False,385,34,55,30,False,False,10,2,False,True,normal,20.0,32,210943.7866,150000.0,False,40,False,6
Low,28,,29.9902,0,True,391,38,39,30,False,False,12,2,False,True,downturn,20.0,33,641994.7919,150000.0,True,70,True,5
Low,26,education,25.9142,1,True,457,33,39,29,False,False,12,2,False,False,normal,20.0,15,601767.1034,150000.0,True,40,False,5
Low,50,education,27.3033,100,True,365,34,56,30,True,True,11,2,True,False,upturn,20.0,38,730284.7496,190000.0,False,120,True,6
Low,28,others,26.3901,72,True,424,36,54,29,False,False,12,1,True,True,downturn,20.0,16,637792.118,150000.0,True,35,True,6
Low,10,,26.4835,0,True,386,33,30,30,False,True,11,2,False,True,normal,20.0,0,261578.6951,150000.0,True,90,False,5
Low,19,finance,30.5686,0,False,393,36,50,29,False,False,11,1,False,False,normal,20.0,17,476921.2835,150000.0,True,5,False,5
Low,28,technology,29.3314,3,False,406,38,47,30,,True,11,1,False,True,downturn,20.0,43,145638.6844,190000.0,True,85,True,6
Low,44,healthcare,28.7536,100,False,457,36,53,29,False,False,12,1,True,False,downturn,20.0,30,224517.5579,150000.0,True,35,True,6
Low,21,technology,28.0239,95,False,405,33,60,29,False,True,12,2,True,False,upturn,20.0,41,990970.7242,150000.0,False,90,False,6
Low,37,,31.4883,2,False,459,33,29,29,True,False,12,2,False,False,upturn,20.0,6,728060.6667,190000.0,True,70,True,6
Low,8,education,28.7691,47,True,423,34,58,29,False,False,12,3,True,False,downturn,20.0,8,776245.7446,150000.0,True,135,False,5
Low,18,others,24.5177,2,False,407,36,63,29,True,True,13,2,False,True,upturn,20.0,10,16911.7975,189140.4165,True,90,False,6
Low,25,technology,26.7867,0,False,416,42,19,29,True,True,12,2,False,False,upturn,20.0,39,417182.5227,190000.0,True,120,True,6
Low,1,education,23.4503,98,False,415,37,45,30,True,True,11,2,True,True,normal,20.0,29,506672.1175,190000.0,True,120,True,5
Low,38,technology,26.2756,73,False,356,35,36,29,False,True,11,3,True,True,upturn,20.0,17,179526.2118,150000.0,False,215,True,5
Low,41,education,27.8149,100,True,398,37,37,30,False,False,14,1,True,False,normal,20.0,38,814035.4922,150000.0,False,5,False,5
Low,18,others,26.8686,89,False,395,31,48,29,,True,12,2,True,False,upturn,20.0,22,166090.2827,150000.0,False,120,True,6
Low,47,finance,26.5878,98,False,421,30,18,30,True,True,13,3,True,True,normal,20.0,27,656491.3078,190000.0,True,185,False,6
Low,36,technology,26.7251,99,False,374,34,57,29,False,True,9,2,True,True,upturn,20.0,42,568749.4108,150000.0,True,120,True,5
Low,43,healthcare,17.0427,88,True,406,30,20,29,False,False,12,2,True,True,upturn,20.0,20,847076.9859,150000.0,False,40,False,6
Low,33,finance,25.4123,97,True,441,36,43,29,False,True,11,2,True,False,upturn,20.0,40,301228.8642,150000.0,False,120,True,5
Low,41,,28.1013,94,True,370,35,27,29,,False,10,2,True,True,normal,20.0,25,288758.1088,150000.0,True,40,False,5
Low,47,healthcare,28.0026,97,True,423,33,44,30,False,False,13,2,True,True,downturn,20.0,45,874183.5709,150000.0,True,40,,5
Low,42,education,26.9389,91,False,394,36,42,29,True,False,12,2,True,False,upturn,20.0,22,213556.0622,190000.0,True,70,,5
Low,23,technology,27.3787,67,True,415,32,64,30,True,False,14,2,True,True,upturn,20.0,14,733402.2233,190000.0,False,40,,5
Low,32,healthcare,23.6071,0,False,392,36,56,30,False,False,13,1,False,False,downturn,20.0,12,190087.8519,147926.5134,True,35,True,5
Low,27,finance,31.0025,0,False,361,31,32,30,,True,12,3,False,True,normal,20.0,9,869289.5934,150000.0,False,215,True,6
Low,25,healthcare,28.3359,0,True,382,35,38,30,True,True,12,1,False,True,upturn,20.0,15,835042.0507,190000.0,True,55,False,5
Low,37,others,25.1788,85,False,425,38,28,30,False,False,11,2,True,True,normal,20.0,21,828301.9592,150000.0,True,40,False,6
Low,24,,31.1962,41,True,415,36,53,29,True,True,11,2,True,True,upturn,20.0,6,472418.9729,190000.0,True,120,True,6
Low,17,technology,26.9945,1,False,422,36,35,30,,False,12,2,False,True,normal,20.0,37,64950.3431,190000.0,False,40,False,5
Low,3,technology,27.1611,2,False,407,34,24,29,False,True,10,2,False,True,normal,20.0,47,155251.8056,150000.0,False,120,True,7
Low,5,education,24.5455,84,True,394,37,47,30,False,False,10,2,True,True,downturn,20.0,20,421052.4581,150000.0,False,40,False,5
Low,11,healthcare,28.4428,5,False,373,36,19,30,False,False,12,1,False,True,normal,20.0,44,26049.4803,150000.0,True,35,True,6
Low,10,healthcare,25.8966,0,True,427,33,32,29,True,False,10,2,False,False,upturn,20.0,20,62229.295,190000.0,True,70,True,5
Low,1,others,30.0469,50,True,378,32,65,29,True,True,10,2,True,True,downturn,20.0,10,124029.0111,190000.0,False,90,False,6
Low,39,technology,32.88,99,False,365,40,19,29,,False,11,2,True,False,downturn,20.0,42,247697.4048,190000.0,True,70,True,6
Low,38,finance,29.9113,99,True,360,37,42,30,False,False,12,2,True,False,normal,20.0,44,774315.5197,150000.0,True,40,False,6
Low,16,education,26.0401,100,False,440,37,51,30,False,True,12,3,True,True,normal,20.0,29,52980.2887,150000.0,True,185,False,5
Low,49,healthcare,30.0371,98,True,431,35,62,29,True,True,10,2,True,True,upturn,20.0,45,985421.3172,190000.0,True,120,True,5
Low,30,,28.4808,76,False,342,36,44,29,False,False,12,2,True,False,downturn,20.0,17,305798.7345,150000.0,False,70,True,6
Low,5,,26.7128,0,False,435,37,20,29,True,True,12,2,False,False,downturn,20.0,13,302275.4167,190000.0,False,120,True,5
Low,17,healthcare,25.6565,100,False,424,37,61,30,True,False,14,3,True,True,downturn,20.0,42,233653.7869,190000.0,False,135,,6
Low,27,others,31.7595,67,False,407,35,50,30,True,True,12,2,True,True,normal,20.0,15,592787.0035,190000.0,False,90,False,5
Low,47,healthcare,27.0521,99,False,456,38,32,29,False,False,9,2,True,False,upturn,20.0,43,0.0,150000.0,False,70,,5
Low,35,education,35.52,1,False,398,36,30,30,False,True,12,2,False,False,upturn,20.0,12,93026.6285,150000.0,False,120,True,5
Low,2,,24.6505,97,True,437,37,18,29,False,True,12,1,True,False,downturn,20.0,34,114190.7757,150000.0,True,85,True,6
Low,36,,24.389,98,True,375,38,25,29,False,True,13,2,True,False,normal,20.0,40,633301.9815,150000.0,False,90,False,5
Low,35,others,26.8158,97,True,421,31,51,29,True,True,13,1,True,False,upturn,20.0,41,303648.2093,190000.0,True,85,True,5
Low,41,,25.1875,100,False,431,37,24,29,True,False,14,2,True,True,upturn,20.0,47,438506.1466,190000.0,False,40,False,5
Low,5,education,25.3309,0,False,452,37,23,30,,True,10,1,False,False,normal,20.0,13,958426.0151,150000.0,False,55,False,5
Low,39,healthcare,23.1381,99,False,352,38,26,29,False,True,11,2,True,False,upturn,20.0,28,193924.778,150000.0,True,90,False,6
Low,44,technology,21.2527,100,True,350,40,37,30,True,False,10,2,True,False,downturn,20.0,46,60517.1859,190000.0,False,70,,6
Low,39,education,26.855,22,False,482,38,23,29,False,True,10,2,True,False,normal,20.0,0,474707.7823,150000.0,True,90,False,6
Low,20,,27.2796,100,False,447,39,63,30,False,True,10,2,True,False,downturn,20.0,31,149721.8793,150000.0,False,120,True,5
Low,34,technology,29.0168,1,False,401,42,32,30,True,False,12,2,False,False,downturn,20.0,5,181978.9726,190000.0,True,70,True,5
Low,41,finance,28.0685,88,False,419,39,58,29,True,False,12,1,True,False,normal,20.0,22,396222.4143,190000.0,True,5,False,6
Low,47,technology,28.2615,0,False,400,38,61,29,False,False,12,1,False,True,upturn,20.0,2,682425.9367,150000.0,True,5,False,5
Low,18,education,31.2124,0,False,415,39,55,29,False,False,11,2,False,False,downturn,20.0,16,228341.8215,150000.0,True,40,,5
Low,10,others,26.3847,98,True,374,34,19,29,,False,12,2,True,False,upturn,20.0,35,865371.3527,150000.0,True,40,False,6
Low,39,others,32.0331,97,True,372,35,29,29,True,True,13,1,True,False,upturn,20.0,38,346802.9502,190000.0,True,85,True,6
Low,3,education,26.9796,98,True,360,37,28,30,True,False,12,2,True,True,upturn,20.0,29,952016.4725,190000.0,True,40,False,6
Low,28,technology,28.9479,0,True,441,35,42,29,True,False,12,2,False,True,upturn,20.0,21,532594.1591,190000.0,True,70,True,5
Low,43,education,29.1098,0,True,401,35,26,30,False,True,13,3,False,True,upturn,20.0,17,729280.9647,150000.0,True,185,False,5
Low,11,technology,28.0855,100,False,376,35,21,29,False,True,12,2,True,False,normal,20.0,45,823183.4055,150000.0,True,90,False,5
Low,17,education,29.9748,43,False,420,40,22,30,False,True,11,2,True,True,upturn,20.0,8,545204.923,150000.0,True,90,False,5
Low,39,finance,35.1268,100,False,424,35,34,29,True,False,11,2,True,True,upturn,20.0,33,886725.0088,190000.0,True,40,False,5
Low,24,education,26.8697,0,False,385,34,24,29,True,True,13,1,False,False,downturn,20.0,5,399480.0562,190000.0,True,85,True,5
Low,8,technology,23.6252,0,False,433,38,24,30,False,False,12,1,False,False,normal,20.0,44,329291.171,147860.2528,True,5,False,6
Low,5,healthcare,31.897,0,True,389,36,24,29,False,True,10,1,False,False,upturn,20.0,12,779015.0349,150000.0,True,85,True,5
Low,26,others,26.971,2,True,445,31,57,30,True,True,11,2,False,True,upturn,20.0,18,221180.8653,190000.0,False,90,False,5
High,3,healthcare,28.2737,0,False,409,40,28,29,True,False,11,2,False,True,downturn,20.0,8,718495.595,190000.0,False,70,True,6
Low,16,education,25.2695,0,False,416,35,58,30,False,False,11,1,False,True,normal,20.0,46,91252.2949,150000.0,False,35,True,6
Low,29,technology,29.0492,100,True,464,40,42,29,False,True,11,2,True,False,normal,20.0,44,663127.5187,150000.0,True,90,False,6
Low,2,others,25.8613,86,False,405,37,52,29,True,True,9,3,True,False,downturn,20.0,23,951800.3823,190000.0,True,215,True,5
Low,43,education,26.4342,1,False,376,34,38,29,False,False,12,2,False,False,normal,20.0,2,493828.0252,150000.0,False,70,True,7
Low,46,healthcare,26.3185,2,False,411,38,58,30,False,False,10,2,False,False,normal,20.0,43,461577.496,150000.0,False,70,,5
Low,21,others,30.1484,0,True,439,35,30,30,True,False,11,2,False,False,upturn,20.0,46,575944.1598,190000.0,True,70,True,6
Low,1,education,28.0462,0,False,373,36,53,29,True,True,12,1,False,True,downturn,20.0,2,702936.9201,190000.0,False,85,True,6
Low,15,others,27.5723,0,False,345,35,25,29,False,True,11,2,False,False,downturn,20.0,32,376043.4244,150000.0,True,90,False,5
Low,32,finance,30.3595,2,True,371,34,58,30,True,False,13,2,False,True,normal,20.0,48,13695.9362,190000.0,True,40,False,5
Low,1,others,22.5669,100,True,382,37,18,30,False,False,13,2,True,True,upturn,20.0,36,548809.31,150000.0,True,40,,6
Low,42,finance,30.0681,1,False,448,41,37,29,True,True,11,2,False,False,normal,20.0,24,496668.2107,190000.0,True,90,False,6
Low,43,others,33.3602,67,True,369,38,36,29,,False,13,1,True,False,upturn,20.0,14,523447.5453,150000.0,True,5,False,5
Low,25,others,33.2656,0,True,401,35,42,30,True,True,11,1,False,True,normal,20.0,38,721182.1483,190000.0,False,85,True,5
Low,39,others,26.6392,98,False,384,42,38,29,True,True,13,1,True,True,normal,20.0,50,287046.3981,190000.0,True,85,True,5
Low,11,finance,24.8145,94,True,380,35,45,30,False,True,12,2,True,True,downturn,20.0,33,536026.8882,150000.0,True,120,True,5
Low,47,education,27.8319,0,False,419,34,58,29,False,False,12,2,False,False,normal,20.0,25,251637.112,150000.0,False,70,True,5
Low,26,healthcare,30.0461,2,False,375,33,23,29,True,False,13,2,False,True,normal,20.0,7,477781.1914,190000.0,False,70,True,5
Low,49,others,25.2292,0,True,416,36,27,30,True,False,13,2,False,False,downturn,20.0,43,346906.3447,190000.0,False,40,False,6
Low,25,,23.9194,3,True,413,40,56,29,False,True,11,2,False,False,upturn,20.0,18,333252.7493,150000.0,False,120,True,5
Low,34,healthcare,26.8257,0,False,407,36,28,29,False,True,10,2,False,False,normal,20.0,38,580381.7304,150000.0,False,120,True,6
Low,41,others,25.345,69,False,462,41,60,30,False,False,11,2,True,True,normal,20.0,17,696415.33,150000.0,False,40,False,6
Low,37,finance,28.7639,37,False,428,34,44,29,False,False,11,2,True,True,downturn,20.0,6,21045.5268,150000.0,True,70,True,5
Low,36,technology,30.7739,100,True,379,36,19,29,True,False,10,1,True,True,upturn,20.0,31,904102.108,190000.0,True,35,True,6
Low,8,technology,29.9114,0,False,397,36,20,29,True,True,10,2,False,True,normal,20.0,28,356144.0683,190000.0,False,90,False,5
Low,23,technology,32.595,45,False,384,37,53,29,False,True,13,2,True,True,normal,20.0,6,619734.2655,150000.0,True,90,False,5
Low,28,others,29.239,2,True,346,27,57,29,False,True,15,1,False,True,downturn,20.0,43,159706.1502,150000.0,True,55,False,6
Low,34,,27.9107,0,True,435,40,31,29,True,True,12,2,False,False,upturn,20.0,14,562420.8083,190000.0,True,120,,6
Low,20,technology,26.5765,89,True,383,38,27,30,True,False,14,1,True,True,normal,20.0,20,685516.2901,190000.0,True,5,False,6
Low,27,others,31.2357,93,False,418,40,60,30,False,True,11,2,True,True,downturn,20.0,25,161421.9297,150000.0,False,120,True,5
Low,21,others,33.3564,59,True,440,32,48,29,False,True,13,2,True,False,downturn,20.0,12,876957.07,150000.0,False,90,False,5
High,37,others,30.4291,88,True,338,36,26,29,True,True,11,1,True,True,downturn,20.0,22,796000.0457,190000.0,False,85,True,5
Low,3,finance,22.4774,32,True,390,41,45,30,True,True,12,2,True,True,upturn,20.0,2,543703.029,190000.0,True,90,False,6
Low,35,,26.4542,0,False,410,33,61,30,True,False,11,2,False,True,downturn,20.0,8,183821.1316,190000.0,True,40,False,6
Low,39,finance,30.4089,0,True,397,39,41,30,True,False,12,2,False,True,normal,20.0,12,899317.5931,190000.0,True,40,False,5
Low,1,healthcare,29.0799,70,True,406,33,37,29,False,False,10,2,True,False,normal,20.0,17,67920.1681,150000.0,True,70,True,6
Low,27,others,29.9987,5,False,410,31,21,29,False,True,12,2,False,True,upturn,20.0,10,132593.3034,150000.0,True,120,True,6
Low,12,finance,26.1701,93,False,415,38,50,29,True,False,12,2,True,False,normal,20.0,23,705219.9008,190000.0,False,40,False,6
Low,19,technology,27.2116,0,True,456,35,32,30,,False,13,2,False,False,upturn,20.0,32,276264.1591,150000.0,False,70,True,6
Low,36,education,25.8832,65,True,403,36,42,30,True,True,10,2,True,False,normal,20.0,16,453127.3593,190000.0,False,120,True,6
Low,37,others,25.9723,23,False,352,32,40,29,True,False,12,2,True,True,downturn,20.0,0,580711.0427,190000.0,True,40,False,5
Low,23,finance,28.703,0,True,431,35,43,30,False,True,13,2,False,False,normal,20.0,31,433179.8252,150000.0,True,90,False,6
High,5,technology,28.2473,99,False,424,37,27,29,True,False,12,2,True,True,downturn,20.0,43,120875.7342,190000.0,True,70,True,6
Low,32,,32.0096,0,False,371,36,52,30,True,False,13,2,False,True,upturn,20.0,6,776497.9164,190000.0,False,40,False,5
Low,13,finance,24.3736,1,False,410,40,39,30,False,False,10,2,False,True,downturn,20.0,7,250692.9969,148939.0529,False,40,False,5
High,5,finance,25.3112,0,True,403,35,36,29,,True,10,2,False,True,downturn,20.0,0,739771.779,190000.0,False,120,True,5
Low,14,healthcare,30.2818,1,False,401,34,21,29,,False,12,2,False,False,normal,20.0,11,902066.4947,150000.0,False,70,True,7
Low,29,others,28.3974,0,True,418,36,26,29,,True,12,2,False,True,upturn,20.0,15,562527.4337,190000.0,False,90,False,5
Low,44,,29.3843,93,False,407,34,34,29,True,False,10,2,True,False,normal,20.0,25,688791.1594,190000.0,True,70,True,5
Low,11,healthcare,29.1744,1,False,436,39,53,29,True,True,12,2,False,True,upturn,20.0,36,53492.8627,190000.0,False,120,True,6
Low,38,technology,26.0282,94,True,397,35,39,29,False,False,12,2,True,True,downturn,20.0,23,33539.1251,150000.0,True,70,,5
Low,43,finance,33.1052,71,False,436,34,59,30,True,False,10,2,True,False,upturn,20.0,16,210645.8081,190000.0,False,70,True,5
Low,7,,23.2959,98,False,372,32,51,30,False,False,12,2,True,False,upturn,20.0,34,376107.3767,150000.0,False,70,True,5
Low,1,,28.3352,100,False,354,34,41,30,False,True,12,3,True,False,upturn,20.0,31,165880.3428,150000.0,False,185,False,6
Low,49,others,31.1214,93,True,479,35,23,29,False,True,13,2,True,True,normal,20.0,22,603089.5004,150000.0,True,120,True,5
Low,4,finance,22.5098,2,False,403,33,30,30,False,False,12,2,False,False,downturn,20.0,16,265423.3365,144761.353,True,40,False,6
High,8,technology,27.5717,91,False,439,35,23,29,True,True,13,1,True,True,downturn,20.0,21,879417.057,190000.0,True,55,False,6
Low,21,education,25.0246,82,False,410,35,40,30,True,False,13,1,True,True,normal,20.0,19,566605.0043,190000.0,False,5,False,5
Low,14,healthcare,31.2063,38,True,406,37,52,30,False,True,11,1,True,True,upturn,20.0,5,412368.3311,150000.0,True,55,False,5
Low,47,technology,22.986,44,False,409,40,55,30,True,False,13,1,True,True,downturn,20.0,7,939459.88,190000.0,True,35,True,5
Low,40,technology,23.4237,100,False,421,39,21,30,True,True,11,1,True,False,downturn,20.0,33,834530.6908,190000.0,False,85,True,5
Low,32,healthcare,28.7003,0,True,419,36,41,29,False,False,11,2,False,False,downturn,20.0,44,834985.1704,150000.0,True,40,False,6
Low,1,technology,29.9214,35,True,422,30,43,29,True,True,12,2,True,True,upturn,20.0,4,752024.4708,190000.0,True,120,,5
Low,11,finance,28.3964,36,False,384,39,36,30,False,True,10,2,True,False,normal,20.0,5,566891.7093,150000.0,True,90,False,6
Low,10,technology,26.7388,39,False,415,37,34,30,True,True,11,2,True,False,normal,20.0,6,353805.5523,190000.0,False,120,,5
Low,14,finance,30.9919,4,True,406,36,37,30,False,False,13,3,False,False,downturn,20.0,15,424394.829,150000.0,True,165,True,5
Low,45,finance,26.4532,100,True,380,39,43,29,False,True,11,2,True,False,upturn,20.0,38,676973.3755,150000.0,False,90,False,6
Low,20,finance,27.7717,0,False,375,34,46,30,False,True,12,2,False,True,downturn,20.0,41,139829.2577,150000.0,True,120,True,5
Low,43,,24.8584,0,False,379,37,39,30,False,True,12,1,False,True,normal,20.0,43,849264.0353,149535.3845,True,55,False,6
Low,23,finance,27.5917,0,True,447,35,62,30,True,True,10,1,False,False,upturn,20.0,39,928581.0686,190000.0,True,85,True,6
Low,34,technology,31.2952,0,False,396,37,31,29,True,True,12,2,False,True,normal,20.0,20,114284.3061,190000.0,False,90,False,6
Low,48,others,31.6315,1,False,391,34,57,29,True,True,13,2,False,False,downturn,20.0,26,15987.2417,190000.0,False,120,True,5
Low,30,finance,29.8284,100,True,357,36,53,29,True,False,12,1,True,True,normal,20.0,35,139062.6095,190000.0,False,35,True,5
Low,19,technology,26.5321,1,False,381,35,40,29,True,True,10,1,False,True,upturn,20.0,10,750699.8068,190000.0,False,85,True,6
Low,24,technology,23.331,0,False,398,37,40,29,False,False,11,1,False,True,upturn,20.0,26,101493.9059,146809.2012,False,35,True,5
Low,24,,33.1269,96,True,426,36,58,29,True,False,11,2,True,False,upturn,20.0,24,405129.5083,190000.0,False,40,False,6
Low,38,technology,28.0759,100,True,422,37,41,29,True,True,12,2,True,False,normal,20.0,37,40426.1982,190000.0,False,90,False,6
Low,17,education,29.7136,50,False,401,38,51,29,True,False,12,2,True,True,upturn,20.0,10,401047.7377,190000.0,False,70,True,5
Low,4,,30.4194,0,False,367,37,51,29,True,True,10,2,False,True,normal,20.0,44,577364.0182,190000.0,True,120,True,5
Low,33,finance,24.1107,0,False,426,35,56,29,True,True,12,1,False,True,upturn,20.0,18,618281.326,188438.2682,True,55,False,5
Low,42,,27.8246,93,True,364,37,30,30,True,False,10,2,True,False,normal,20.0,25,518660.4023,190000.0,True,70,True,5
Low,26,education,27.0855,73,True,432,38,61,30,True,False,12,2,True,True,normal,20.0,17,945082.9877,190000.0,True,70,True,6
Low,7,education,27.1297,0,True,349,38,62,29,False,True,11,2,False,True,normal,20.0,3,531009.4677,150000.0,False,120,True,5
Low,7,finance,22.6007,0,False,396,40,28,29,False,True,12,1,False,True,upturn,20.0,10,846396.8256,145305.8334,False,85,True,5
Low,44,others,29.2239,100,False,355,35,50,29,False,True,12,1,True,False,normal,20.0,49,1000000.0,150000.0,False,85,True,6
Low,4,finance,29.0939,0,False,383,36,25,30,True,True,12,2,False,False,upturn,20.0,18,247368.6973,190000.0,False,120,True,5
Low,26,,28.3176,35,False,384,37,24,30,False,True,12,1,True,False,downturn,20.0,4,249357.0053,150000.0,False,55,False,5
Low,16,finance,28.6756,95,True,402,36,43,29,False,False,10,2,True,True,upturn,20.0,25,524330.0263,150000.0,True,70,True,6
Low,13,technology,23.6831,41,True,392,35,48,30,True,False,13,2,True,True,downturn,20.0,6,211686.9281,190000.0,False,70,True,5
Low,10,finance,27.8376,0,False,400,35,44,30,False,True,13,2,False,False,upturn,20.0,29,553301.0295,150000.0,False,90,False,6
Low,14,others,26.5284,25,False,424,38,50,30,False,True,11,1,True,True,downturn,20.0,1,681633.2262,150000.0,False,85,True,7
Low,37,healthcare,31.045,96,False,446,39,61,30,True,False,13,2,True,False,normal,20.0,29,52458.7215,190000.0,False,70,True,6
Low,28,technology,24.0704,98,False,391,35,23,29,True,True,13,1,True,True,downturn,20.0,34,712286.7411,190000.0,True,55,False,6
Low,2,education,28.3218,0,False,436,41,48,30,False,True,10,2,False,False,downturn,20.0,3,172566.772,150000.0,False,120,True,6
Low,37,finance,27.9146,40,True,431,39,44,29,True,False,12,2,True,True,normal,20.0,5,285852.451,190000.0,False,40,False,5
Low,18,technology,27.5936,0,True,414,38,23,30,False,True,10,2,False,False,downturn,20.0,37,794353.4228,150000.0,False,90,False,6
Low,9,others,30.4756,86,True,392,36,27,29,False,True,12,2,True,False,upturn,20.0,20,141805.0679,150000.0,True,120,True,6
Low,41,education,28.8048,42,False,403,36,37,29,False,True,14,2,True,True,upturn,20.0,5,533933.2889,150000.0,False,90,False,5
Low,32,others,24.4528,2,True,384,31,57,29,False,True,10,1,False,True,downturn,20.0,42,621603.1951,150000.0,False,85,,6
Low,37,technology,26.9524,94,True,396,34,27,29,True,False,12,1,True,False,downturn,20.0,39,164183.7114,190000.0,True,5,False,6
Low,15,technology,29.2529,48,False,364,34,27,29,True,True,12,2,True,True,upturn,20.0,9,269474.7623,190000.0,True,120,True,6
Low,37,,26.3473,74,True,427,37,49,30,False,True,11,2,True,True,upturn,20.0,17,619981.056,150000.0,True,120,True,5
Low,15,technology,28.1807,2,False,433,38,61,30,True,True,12,2,False,True,downturn,20.0,28,468016.4271,190000.0,False,90,False,5
Low,34,others,30.732,29,True,468,34,39,30,True,True,12,2,True,True,normal,20.0,1,642345.3481,190000.0,True,120,True,6
Low,11,healthcare,28.217,88,False,434,34,37,29,False,True,12,2,True,False,normal,20.0,21,874948.3919,150000.0,False,120,True,5
Low,30,technology,29.3156,69,True,432,37,30,29,True,False,11,1,True,False,upturn,20.0,16,117502.8182,190000.0,True,5,False,6
Low,23,education,28.2691,1,True,341,40,18,29,False,True,13,2,False,True,normal,20.0,46,39253.6008,150000.0,False,120,True,5
High,9,others,24.2914,64,False,377,34,26,29,False,False,13,2,True,True,downturn,20.0,12,674678.7,150000.0,False,40,,5
Low,28,finance,28.2279,2,False,408,35,22,30,,True,9,2,False,True,upturn,20.0,21,752379.9439,190000.0,True,120,True,6
Low,1,finance,19.8167,0,False,394,39,38,30,True,True,12,2,False,True,normal,20.0,7,453465.948,179818.7382,True,90,False,6
Low,33,others,28.0777,39,False,424,33,63,29,True,True,10,2,True,False,normal,20.0,6,406823.7479,190000.0,False,90,False,5
Low,48,others,28.5413,65,False,383,34,55,30,False,False,12,1,True,True,normal,20.0,14,604868.7936,150000.0,False,35,True,5
Low,45,technology,25.9774,100,True,367,32,47,30,True,False,10,1,True,True,upturn,20.0,41,632136.761,190000.0,True,5,False,5
Low,47,others,25.4691,82,False,405,39,43,29,False,False,12,1,True,True,downturn,20.0,20,529956.4573,150000.0,False,35,True,5
Low,22,education,20.8913,48,True,416,33,49,30,,True,10,1,True,False,downturn,20.0,9,836200.1809,150000.0,False,55,False,7
Low,40,finance,24.0685,2,True,440,35,32,29,False,False,10,2,False,False,upturn,20.0,0,189576.9196,150000.0,False,70,True,6
Low,7,education,31.6115,0,False,386,35,24,30,True,True,12,2,False,False,normal,20.0,27,705122.3704,190000.0,False,90,False,6
Low,1,education,24.0738,97,False,447,36,47,30,True,False,12,2,True,True,downturn,20.0,25,745321.9214,190000.0,True,70,,6
Low,7,technology,25.9281,53,False,440,37,45,30,,False,11,2,True,True,normal,20.0,9,903109.4338,150000.0,False,40,,6
Low,20,others,32.6415,1,False,470,37,63,30,False,False,12,2,False,True,downturn,20.0,18,947892.1404,150000.0,False,40,False,6
Low,9,finance,22.0039,64,False,470,36,46,29,True,True,11,1,True,True,downturn,20.0,13,500315.8573,190000.0,False,55,False,6
Low,26,,30.3979,98,True,412,35,51,29,True,True,13,2,True,False,downturn,20.0,35,487740.9826,190000.0,False,90,False,6
Low,12,finance,24.5303,73,True,391,38,22,30,True,False,12,1,True,False,normal,20.0,17,483197.6822,190000.0,False,35,True,6
Low,12,education,24.3007,0,False,426,34,51,29,,True,11,1,False,False,normal,20.0,24,760582.0394,148206.7242,True,55,False,6
Low,46,finance,27.1518,98,False,432,37,60,29,True,False,13,2,True,False,normal,20.0,48,41473.1274,190000.0,False,40,False,6
Low,27,finance,22.875,94,True,393,36,48,29,True,False,11,2,True,False,normal,20.0,44,195564.9787,190000.0,True,70,True,5
Low,32,education,27.0531,100,True,390,30,51,30,True,False,11,1,True,True,normal,20.0,31,913471.9622,190000.0,False,35,True,5
Low,20,technology,25.9841,3,False,402,35,63,29,,False,10,2,False,True,upturn,20.0,23,177833.1707,150000.0,True,40,False,6
Low,8,education,21.2418,2,True,393,33,37,29,True,True,11,2,False,True,downturn,20.0,18,244151.5028,190000.0,True,120,True,5
Low,36,education,33.8161,100,False,420,34,60,30,False,True,10,1,True,True,downturn,20.0,46,955126.4638,150000.0,True,85,True,5
Low,22,technology,31.4721,1,True,456,36,33,30,True,False,10,2,False,True,upturn,20.0,44,357110.2901,190000.0,False,70,True,6
Low,43,,22.066,0,True,406,39,38,30,True,False,12,2,False,False,downturn,20.0,5,311216.6099,190000.0,True,70,True,5
Low,5,healthcare,27.3282,53,False,361,32,49,29,True,True,11,2,True,True,upturn,20.0,9,935607.9055,190000.0,False,120,True,5
Low,21,others,31.0385,81,False,477,35,31,30,True,True,12,2,True,True,upturn,20.0,18,380306.484,190000.0,False,120,True,5
Low,9,others,27.1456,92,False,375,39,65,29,True,True,11,1,True,False,upturn,20.0,23,489023.4993,190000.0,True,85,True,6
Low,34,education,26.4528,0,False,437,39,30,29,True,False,13,1,False,False,downturn,20.0,25,571693.0521,190000.0,False,35,True,5
Low,15,others,30.694,23,False,449,36,18,29,False,True,10,2,True,False,upturn,20.0,1,888365.6019,150000.0,True,90,False,6
Low,22,healthcare,30.6398,0,False,440,38,29,29,True,False,12,2,False,False,downturn,20.0,1,63678.7503,190000.0,True,70,True,7
Low,19,others,26.0889,93,True,413,37,59,29,False,True,12,2,True,False,normal,20.0,23,254023.4228,150000.0,True,120,True,5
Low,42,healthcare,24.9344,98,True,356,36,27,29,True,False,11,2,True,True,normal,20.0,46,570054.8132,190000.0,True,70,True,6
Low,28,healthcare,30.0283,0,False,397,36,48,29,True,True,11,3,False,True,upturn,20.0,35,451323.6751,190000.0,True,215,,6
Low,35,education,31.8894,0,True,461,38,61,30,False,False,12,1,False,True,upturn,20.0,26,310711.4782,150000.0,True,5,False,6
Low,37,others,32.47,1,False,430,35,29,30,True,False,10,2,False,False,normal,20.0,0,347571.238,190000.0,True,70,True,6
Low,35,others,26.7289,0,False,406,39,27,29,False,True,13,2,False,True,normal,20.0,4,962925.9405,150000.0,True,120,True,5
Low,48,technology,24.5164,0,False,416,40,25,30,False,False,11,1,False,True,normal,20.0,31,69994.4435,149484.497,False,35,True,5
Low,32,technology,28.2201,0,False,411,33,37,29,False,False,11,2,False,True,upturn,20.0,10,170047.8667,150000.0,True,70,True,5
Low,33,healthcare,20.6971,100,True,385,38,24,30,False,True,10,2,True,True,normal,20.0,29,32948.1303,150000.0,False,90,False,6
Low,41,education,28.3074,90,False,445,34,38,30,True,False,11,1,True,False,upturn,20.0,23,568647.2219,190000.0,True,5,False,6
Low,2,finance,29.9327,37,True,411,42,59,29,False,False,9,2,True,False,upturn,20.0,7,39237.1658,150000.0,True,40,False,6
Low,5,others,23.3628,79,False,369,38,52,29,True,False,10,2,True,False,upturn,20.0,19,457021.7015,190000.0,False,40,False,6
Low,11,others,24.791,100,True,370,36,42,30,False,True,14,1,True,True,downturn,20.0,42,882630.7029,150000.0,True,85,True,5
Low,8,healthcare,26.5372,53,False,370,36,56,29,False,False,12,2,True,False,upturn,20.0,10,157302.5014,150000.0,True,40,False,6
Low,7,healthcare,24.2296,0,False,449,37,23,30,True,False,14,3,False,True,normal,20.0,48,337446.2698,188949.2739,True,165,True,6
Low,27,others,31.1989,56,False,353,39,46,29,,False,11,2,True,True,normal,20.0,11,418313.4461,150000.0,False,40,False,5
Low,11,healthcare,20.1408,87,True,382,34,25,30,True,False,13,2,True,True,upturn,20.0,21,359602.4878,190000.0,False,40,False,5
Low,47,education,29.4592,99,False,401,39,42,29,,False,13,2,True,False,downturn,20.0,36,762697.6416,150000.0,True,70,,7
Low,9,others,28.9589,0,False,431,31,41,29,True,True,12,1,False,False,downturn,20.0,35,0.0,190000.0,True,55,False,5
Low,10,others,30.3816,3,False,388,33,32,30,True,True,14,2,False,False,upturn,20.0,15,760228.5619,190000.0,True,90,False,6
Low,28,technology,24.8908,0,True,393,37,54,29,False,False,14,2,False,False,downturn,20.0,0,862052.8836,150000.0,False,40,False,5
Low,10,healthcare,26.7528,97,False,398,37,23,29,False,True,11,2,True,True,upturn,20.0,33,394883.9017,150000.0,False,120,True,5
Low,33,technology,26.052,61,True,413,33,44,30,True,True,11,2,True,True,normal,20.0,14,872624.3314,190000.0,True,90,,6
Low,45,healthcare,19.9748,0,False,352,40,41,30,False,True,13,1,False,True,downturn,20.0,24,366554.1399,140254.8992,True,85,,6
Low,22,finance,24.5111,0,False,354,35,37,30,True,False,10,2,False,True,upturn,20.0,4,682361.7796,188694.5697,True,40,False,5
Low,18,others,27.955,0,True,360,30,19,29,False,True,11,1,False,False,downturn,20.0,17,408474.8442,150000.0,False,85,True,6
Low,34,technology,22.0431,98,False,413,35,48,29,True,False,11,2,True,False,downturn,20.0,31,55120.4535,190000.0,True,70,True,6
Low,42,others,32.2412,33,False,427,40,18,29,False,True,12,2,True,False,downturn,20.0,3,84962.9864,150000.0,False,90,False,5
Low,16,technology,26.9082,3,True,361,34,57,30,False,False,12,1,False,True,normal,20.0,24,427159.4837,150000.0,False,35,True,6
Low,39,technology,26.9688,0,False,397,37,30,29,False,False,12,1,False,True,normal,20.0,20,990062.2518,150000.0,True,5,False,7
Low,38,finance,28.6809,2,True,438,38,22,29,True,False,10,3,False,True,downturn,20.0,15,149864.648,190000.0,True,135,False,5
Low,26,others,28.9828,0,False,402,38,38,29,True,False,13,2,False,False,normal,20.0,49,867742.1669,190000.0,True,70,True,5
Low,25,education,33.1967,98,True,390,38,43,30,True,False,11,2,True,False,normal,20.0,46,905196.2257,190000.0,False,40,False,5
High,3,healthcare,28.689,0,False,356,39,33,29,False,False,14,2,False,True,downturn,20.0,25,377188.4936,150000.0,False,70,True,5
Low,4,others,27.9921,0,True,385,34,18,29,True,False,12,2,False,True,downturn,20.0,10,468482.0168,190000.0,True,70,True,5
Low,37,healthcare,32.1205,88,True,423,40,20,29,True,True,12,2,True,True,downturn,20.0,23,520665.0883,190000.0,False,120,True,5
Low,29,education,27.9868,0,True,453,36,50,30,False,True,12,2,False,False,upturn,20.0,42,773874.4185,150000.0,True,120,True,6
Low,23,education,27.9175,65,False,398,38,57,29,False,False,10,2,True,False,normal,20.0,16,99511.8506,150000.0,True,70,True,5
Low,3,,27.7987,2,False,436,37,24,29,True,False,12,2,False,False,upturn,20.0,16,320467.1886,190000.0,True,70,True,6
Low,2,healthcare,28.3415,2,False,366,33,27,27,True,True,14,2,False,True,upturn,20.0,40,196575.9916,190000.0,True,120,True,5
Low,47,healthcare,29.4292,0,True,360,39,18,30,True,False,12,1,False,True,upturn,20.0,31,910483.6896,190000.0,True,5,False,5
Low,32,education,28.5234,4,True,395,40,60,30,True,True,12,2,False,False,normal,20.0,19,43858.8134,190000.0,False,90,False,5
Low,17,education,31.0575,0,False,427,37,38,30,False,False,13,3,False,True,downturn,20.0,26,761786.8969,150000.0,True,135,False,5
Low,36,education,24.1113,0,True,366,40,60,29,True,False,11,2,False,False,normal,20.0,30,422597.9619,190000.0,True,70,True,6
Low,12,others,29.1057,52,True,397,38,41,30,,False,13,1,True,True,downturn,20.0,9,746957.3551,190000.0,True,5,False,6
Low,22,healthcare,27.9845,94,False,399,40,60,30,True,True,11,1,True,False,upturn,20.0,26,923594.6316,190000.0,True,85,True,6
Low,21,,28.014,0,False,375,31,57,30,True,False,11,2,False,False,upturn,20.0,28,281377.2423,190000.0,False,70,True,6
Low,1,finance,28.7222,98,True,366,33,33,30,False,False,12,1,True,True,upturn,20.0,49,206919.5991,150000.0,False,35,True,6
Low,47,education,18.9972,69,True,364,35,44,29,False,True,14,2,True,True,upturn,20.0,12,663642.1866,150000.0,False,90,False,5
Low,19,others,31.0344,0,True,455,37,48,30,False,True,12,2,False,True,upturn,20.0,11,945670.3746,150000.0,False,90,False,5
Low,50,education,28.9787,5,False,427,35,18,29,True,True,12,2,False,False,downturn,20.0,39,768893.2673,190000.0,True,90,False,6
Low,30,technology,34.1265,72,True,393,35,40,29,True,False,11,2,True,True,upturn,20.0,16,808432.0439,190000.0,True,40,False,6
Low,45,healthcare,33.4461,22,False,370,37,55,29,,False,10,2,True,False,upturn,20.0,2,594447.6741,190000.0,True,70,True,6
Low,5,education,18.0844,0,False,394,36,62,30,True,True,11,1,False,True,downturn,20.0,47,395594.0637,176494.0598,False,55,False,5
Low,49,,24.8687,28,True,370,32,58,30,True,False,12,2,True,False,normal,20.0,1,682247.2464,190000.0,True,70,True,5
Low,21,others,24.4952,99,True,412,34,60,30,False,True,11,2,True,False,upturn,20.0,44,145587.0413,150000.0,False,90,False,6
Low,6,technology,27.9793,0,True,396,36,46,29,False,False,11,2,False,True,downturn,20.0,42,502278.0962,150000.0,True,40,False,5
Low,34,healthcare,23.1496,0,True,378,33,26,29,False,False,11,1,False,True,upturn,20.0,32,596648.5769,150000.0,True,5,False,5
Low,38,finance,33.3902,0,False,376,37,42,30,True,False,12,2,False,True,downturn,20.0,43,881855.6564,190000.0,False,40,False,7
Low,33,education,30.2699,56,False,365,33,34,30,True,True,12,1,True,True,normal,20.0,11,926369.6833,190000.0,False,55,False,6
Low,27,healthcare,21.0216,45,False,344,34,29,29,True,True,11,2,True,False,upturn,20.0,8,42151.9621,190000.0,True,90,False,6
Low,40,finance,31.7149,0,False,394,38,56,30,,True,13,1,False,True,upturn,20.0,23,661329.8836,190000.0,True,85,True,6
Low,33,healthcare,24.4845,100,False,374,30,44,30,False,True,12,2,True,True,normal,20.0,50,797260.2167,150000.0,True,120,True,6
Low,30,others,27.6951,22,True,399,34,51,29,False,True,11,2,True,True,normal,20.0,0,482108.1571,150000.0,True,120,True,5
Low,16,education,25.4734,0,True,427,31,29,29,True,True,14,2,False,False,normal,20.0,7,59370.5412,190000.0,True,120,True,6
Low,42,education,32.7255,1,False,439,38,57,30,True,True,13,2,False,True,downturn,20.0,36,232313.3636,190000.0,False,120,True,5
Low,36,finance,31.3438,59,True,389,36,27,30,,True,12,2,True,False,upturn,20.0,14,300265.2826,150000.0,True,120,True,5
Low,43,,29.5098,0,True,340,37,44,29,False,True,13,1,False,False,downturn,20.0,30,650422.0043,150000.0,True,85,True,6
Low,30,technology,30.1919,97,True,393,35,22,30,True,True,14,2,True,False,normal,20.0,37,47034.1663,190000.0,True,90,False,6
Low,36,finance,27.5585,1,False,369,37,43,29,False,False,11,2,False,False,upturn,20.0,41,529105.3618,150000.0,False,70,True,5
Low,44,healthcare,28.8743,0,True,408,35,21,29,True,True,11,2,False,False,normal,20.0,28,118128.4763,190000.0,True,120,True,6
Low,28,technology,29.4692,35,False,399,34,35,29,True,True,11,2,True,True,normal,20.0,5,413645.8265,190000.0,True,120,True,5
Low,36,education,27.1862,1,False,461,42,63,29,True,False,10,2,False,True,downturn,20.0,33,432059.3427,190000.0,False,70,True,6
Low,29,finance,28.2807,98,True,402,38,62,29,False,False,12,2,True,False,downturn,20.0,25,468221.8587,150000.0,False,70,True,5
Low,36,finance,30.2856,0,False,395,32,47,30,False,False,12,2,False,True,upturn,20.0,34,712425.9887,150000.0,True,40,False,5
High,26,education,27.0522,0,False,426,36,34,29,False,True,11,2,False,True,downturn,20.0,2,43071.9554,150000.0,True,120,True,5
Low,39,technology,27.9175,1,True,413,29,42,30,False,True,10,2,False,True,upturn,20.0,0,305172.109,150000.0,False,120,True,6
Low,40,others,29.1114,100,False,426,36,26,30,False,True,11,2,True,False,normal,20.0,45,676448.1762,150000.0,True,120,True,6
Low,5,finance,28.1437,0,False,388,39,44,30,True,False,11,2,False,True,upturn,20.0,27,958939.0242,190000.0,False,70,True,6
Low,12,healthcare,34.3282,57,False,433,37,33,29,False,True,11,2,True,True,normal,20.0,11,590401.8824,150000.0,True,90,False,5
High,10,finance,24.6475,100,True,409,32,30,30,True,False,12,2,True,True,downturn,20.0,35,847013.2759,190000.0,False,40,False,5
Low,16,others,31.9458,0,True,409,40,44,30,True,False,12,2,False,True,normal,20.0,36,950269.4595,190000.0,False,70,True,5
High,24,education,26.0332,2,True,400,38,25,30,True,False,14,2,False,True,downturn,20.0,43,936971.3379,190000.0,True,70,True,5
Low,38,technology,26.5509,100,True,438,33,50,30,True,True,12,2,True,False,upturn,20.0,38,981412.6336,190000.0,True,90,False,6
Low,16,education,25.9596,0,False,424,40,26,29,True,False,12,1,False,False,upturn,20.0,39,777556.5166,190000.0,False,35,True,6
Low,34,education,25.9754,1,True,385,37,38,29,True,True,10,2,False,True,upturn,20.0,43,890261.3617,190000.0,False,120,True,6
Low,45,technology,28.5786,67,True,401,33,37,30,True,True,11,2,True,False,normal,20.0,14,481873.6701,190000.0,False,120,True,6
Low,23,education,26.3772,95,True,418,38,45,29,True,False,9,2,True,False,downturn,20.0,26,343967.4225,190000.0,True,70,,6
Low,35,education,23.4996,28,True,352,33,32,30,True,False,12,1,True,False,upturn,20.0,1,1000000.0,190000.0,True,35,True,5
Low,45,,27.7101,29,False,411,35,28,29,True,False,11,2,True,True,normal,20.0,2,83547.279,190000.0,True,40,False,5
Low,34,healthcare,23.3391,100,False,405,33,27,29,True,True,11,1,True,False,normal,20.0,46,928324.2932,190000.0,False,85,True,5
Low,6,technology,26.7623,30,False,394,35,53,29,False,False,11,2,True,True,normal,20.0,3,433555.7759,150000.0,True,40,,5
Low,7,finance,26.3377,95,True,428,36,20,30,True,False,14,2,True,True,upturn,20.0,27,3438.2662,190000.0,True,70,True,5
Low,4,others,27.4388,100,False,431,30,36,29,True,True,11,2,True,False,normal,20.0,45,829684.8984,190000.0,False,120,True,5
Low,17,finance,31.6236,45,False,413,39,40,30,True,False,12,2,True,True,downturn,20.0,8,456343.3692,190000.0,True,40,False,5
Low,3,finance,28.9029,0,False,432,39,24,30,False,False,10,2,False,True,downturn,20.0,22,796084.989,150000.0,False,40,False,5
Low,31,education,31.4528,0,True,406,34,35,30,True,False,11,2,False,True,upturn,20.0,32,27133.5081,190000.0,True,70,True,6
Low,2,healthcare,26.7131,100,False,411,33,34,30,True,True,13,1,True,False,normal,20.0,28,990953.0408,190000.0,False,55,False,6
Low,22,finance,27.2291,0,False,404,35,27,30,False,True,10,2,False,True,upturn,20.0,18,688840.7878,150000.0,False,90,False,5
Low,26,others,25.719,0,False,395,37,45,29,False,True,12,2,False,False,normal,20.0,38,36736.1463,150000.0,True,90,False,5
Low,31,education,26.3562,91,True,448,32,18,30,True,True,12,2,True,False,upturn,20.0,21,13459.1608,190000.0,False,90,False,6
Low,13,finance,25.0819,1,True,417,34,25,29,True,True,12,2,False,False,upturn,20.0,21,572837.7421,190000.0,False,120,True,5
Low,42,others,24.0785,0,True,429,37,48,29,True,False,13,2,False,True,downturn,20.0,3,980556.7484,190000.0,False,70,True,6
Low,24,technology,22.3163,99,True,373,39,49,29,True,False,12,1,True,True,normal,20.0,42,503824.8124,190000.0,True,35,,5
High,36,finance,22.8617,0,False,383,37,28,29,False,True,11,1,False,True,downturn,20.0,50,341830.2095,145824.0901,False,55,False,7
Low,17,technology,27.4801,0,True,441,35,48,29,True,False,10,1,False,False,downturn,20.0,38,960217.7625,190000.0,False,35,True,5
Low,14,technology,32.3899,0,False,435,35,39,29,True,False,11,3,False,False,normal,20.0,47,1000000.0,190000.0,True,135,False,5
Low,29,others,22.3257,95,False,395,35,42,30,False,True,12,1,True,False,upturn,20.0,24,750161.0332,150000.0,False,85,True,5
Low,45,education,27.5396,100,True,360,36,35,30,False,False,11,2,True,True,normal,20.0,28,714119.4069,150000.0,True,40,False,7
Low,36,healthcare,33.5089,1,False,401,38,64,29,True,True,12,2,False,False,normal,20.0,45,18780.0024,190000.0,True,90,False,6
Low,35,healthcare,33.4663,95,False,392,35,53,30,False,False,12,3,True,False,downturn,20.0,25,287946.8644,150000.0,True,135,False,5
High,25,finance,28.643,29,True,384,36,29,29,True,True,11,2,True,True,downturn,20.0,3,915384.1491,190000.0,False,120,True,6
Low,3,others,28.409,100,False,435,33,30,27,True,True,10,2,True,True,normal,20.0,36,381604.2909,190000.0,False,120,True,5
Low,43,technology,34.3797,35,True,443,38,56,29,True,False,12,2,True,False,normal,20.0,3,321286.6631,190000.0,True,40,,6
Low,16,finance,24.0353,74,False,407,34,39,30,True,True,13,2,True,False,upturn,20.0,16,504378.5511,190000.0,False,90,False,6
Low,23,education,30.6063,1,True,400,37,21,30,True,False,11,2,False,True,downturn,20.0,43,439527.4402,190000.0,False,70,True,5
Low,9,healthcare,27.3973,0,False,395,40,18,29,True,True,12,2,False,True,downturn,20.0,11,853589.259,190000.0,False,120,True,6
Low,40,healthcare,32.3593,2,False,414,38,38,30,True,True,11,2,False,False,downturn,20.0,47,120102.196,190000.0,True,90,False,6
Low,3,technology,26.5126,0,False,472,35,33,30,False,True,10,2,False,True,normal,20.0,40,716827.6279,150000.0,False,120,True,6
Low,31,finance,29.584,2,True,400,39,50,29,True,True,11,2,False,True,normal,20.0,47,705478.8475,190000.0,True,90,False,6
Low,4,finance,30.9526,39,True,399,36,45,30,True,True,11,1,True,True,upturn,20.0,6,882455.5646,190000.0,True,55,False,5
Low,45,healthcare,29.8646,1,True,393,39,53,30,False,False,10,2,False,False,downturn,20.0,14,388382.1508,150000.0,True,70,True,5
Low,1,education,21.3645,0,True,397,36,33,29,False,False,12,2,False,False,downturn,20.0,39,260561.8745,150000.0,True,70,,6
Low,45,others,33.4344,0,False,425,39,43,30,True,False,11,2,False,True,upturn,20.0,35,655216.2307,190000.0,False,70,True,5
Low,12,technology,29.9406,0,True,420,39,56,30,,True,12,1,False,False,upturn,20.0,35,688621.8873,190000.0,False,85,True,6
Low,32,,23.0806,100,False,385,37,18,30,False,True,11,2,True,False,upturn,20.0,41,187271.9964,150000.0,False,90,False,6
Low,33,healthcare,28.5151,72,True,400,33,47,29,True,False,13,2,True,False,downturn,20.0,15,217023.0684,190000.0,False,70,True,7
Low,42,finance,24.5913,100,True,396,34,49,29,True,False,9,1,True,False,downturn,20.0,50,238396.0227,190000.0,False,35,True,5
Low,19,technology,24.2544,0,True,473,31,53,29,False,True,11,2,False,True,downturn,20.0,39,200648.0036,150000.0,False,90,False,7
High,26,healthcare,24.0576,100,False,383,42,32,30,False,True,10,2,True,True,downturn,20.0,50,762497.488,150000.0,False,120,True,6
Low,18,healthcare,26.0519,39,False,416,38,41,29,False,False,12,2,True,True,upturn,20.0,6,562413.1523,150000.0,True,70,True,6
Low,33,healthcare,29.7215,0,False,406,31,27,30,False,False,13,2,False,True,upturn,20.0,28,523365.5442,150000.0,False,40,False,6
Low,17,technology,26.1187,97,True,385,34,32,30,,False,12,2,True,True,upturn,20.0,39,38365.8003,190000.0,True,40,False,6
Low,34,healthcare,27.8498,2,True,431,41,63,29,False,True,11,2,False,False,downturn,20.0,4,1000000.0,150000.0,False,90,False,5
Low,35,healthcare,33.4931,93,False,394,38,36,30,False,True,11,2,True,False,upturn,20.0,23,839217.9764,150000.0,False,120,True,6
Low,7,finance,25.9265,100,False,434,38,56,29,False,False,13,2,True,False,downturn,20.0,39,433852.7318,150000.0,True,70,True,6
Low,19,education,26.1073,0,True,360,33,57,30,True,True,13,2,False,True,upturn,20.0,0,86798.7678,190000.0,False,90,False,6
Low,3,others,23.2353,4,False,373,37,41,30,False,False,12,2,False,True,upturn,20.0,33,681415.0878,146307.7788,True,40,False,5
Low,5,technology,28.6673,0,False,421,34,64,30,False,False,12,2,False,True,normal,20.0,48,533932.1661,150000.0,True,70,True,5
Low,1,others,23.6222,0,True,405,35,58,29,,False,12,2,False,False,downturn,20.0,3,668558.5152,190000.0,False,70,True,6
Low,35,healthcare,27.3542,0,False,419,40,42,30,False,False,13,2,False,True,downturn,20.0,44,684508.7865,150000.0,False,40,False,6
Low,49,education,26.0514,82,False,394,36,32,30,False,False,13,2,True,False,normal,20.0,20,159081.2652,150000.0,False,70,True,6
Low,30,finance,31.5831,26,False,433,36,25,30,True,False,12,2,True,False,normal,20.0,0,328172.8973,190000.0,False,70,True,6
Low,15,,26.4081,0,True,383,34,32,29,,False,10,2,False,False,downturn,20.0,16,11788.5435,150000.0,True,40,False,6
Low,38,technology,33.7054,62,True,450,34,32,30,,False,8,2,True,False,normal,20.0,16,996938.5107,190000.0,True,70,True,6
Low,26,education,26.6664,58,True,366,36,49,30,True,True,12,2,True,True,downturn,20.0,11,788474.2801,190000.0,False,120,True,6
Low,8,technology,28.1474,0,True,375,35,18,29,False,False,12,2,False,False,normal,20.0,39,908802.2265,150000.0,True,40,False,6
Low,46,finance,29.5734,97,False,387,37,57,29,True,True,13,1,True,False,downturn,20.0,25,72149.731,190000.0,True,55,False,6
Low,7,healthcare,28.5476,69,False,411,32,36,29,,True,12,1,True,False,normal,20.0,15,523276.9743,150000.0,True,85,True,6
Low,48,technology,27.3034,1,False,432,40,37,29,False,True,11,1,False,False,downturn,20.0,15,730360.3459,150000.0,True,55,False,6
Low,19,education,30.0172,100,True,382,37,25,29,True,False,10,2,True,False,upturn,20.0,48,85088.4347,190000.0,True,70,True,5
Low,36,technology,23.6463,0,False,438,39,61,30,True,False,12,3,False,False,normal,20.0,31,759860.1719,187425.5211,False,135,False,6
Low,46,finance,29.0703,1,False,398,34,37,30,,False,13,2,False,False,upturn,20.0,2,601971.8006,190000.0,True,40,False,6
Low,28,technology,23.3762,1,False,399,34,59,29,,True,9,2,False,True,normal,20.0,42,1000000.0,186370.6419,False,90,False,5
Low,49,healthcare,31.1715,0,False,399,37,26,29,False,True,12,2,False,False,normal,20.0,38,149768.6703,150000.0,True,120,True,6
Low,9,finance,27.7614,50,True,397,34,25,30,True,True,13,1,True,True,downturn,20.0,8,607143.5909,190000.0,False,85,True,6
Low,2,technology,25.5292,0,False,401,36,46,30,False,True,12,2,False,True,downturn,20.0,6,964587.9361,150000.0,True,90,False,5
Low,31,others,22.7457,68,True,453,37,64,29,False,False,11,2,True,True,downturn,20.0,16,765483.6648,150000.0,False,40,False,5
Low,6,others,28.0347,0,True,411,35,46,29,False,False,11,2,False,True,downturn,20.0,11,334911.616,150000.0,True,40,False,6
Low,23,finance,24.3621,100,True,388,37,50,30,False,True,11,2,True,False,normal,20.0,37,130405.1138,150000.0,False,120,True,5
Low,38,healthcare,30.5667,37,False,419,36,38,30,True,False,10,2,True,True,downturn,20.0,6,974394.6644,190000.0,True,70,True,5
Low,42,,26.573,3,True,383,37,31,30,True,True,14,1,False,False,normal,20.0,27,71546.5983,190000.0,True,85,True,5
High,29,healthcare,28.2862,0,True,414,37,35,29,True,True,12,2,False,True,downturn,20.0,31,975894.3764,190000.0,True,120,True,5
Low,23,technology,22.5269,100,False,430,40,28,30,,True,11,2,True,True,normal,20.0,33,312537.3058,150000.0,False,120,True,5
Low,3,finance,21.1077,97,False,418,39,27,30,False,False,11,1,True,True,upturn,20.0,35,865413.5333,150000.0,False,35,True,5
Low,35,others,23.1527,0,False,415,39,44,30,False,False,11,1,False,False,downturn,20.0,25,543441.5482,146379.4864,True,5,False,5
Low,38,,30.1645,51,True,414,39,25,30,False,False,13,2,True,False,downturn,20.0,9,898988.514,150000.0,True,70,True,5
Low,21,,31.2383,69,False,418,30,51,29,,False,12,2,True,False,downturn,20.0,16,466011.1088,150000.0,True,70,True,5
Low,29,finance,26.0001,84,False,429,36,18,29,False,False,11,2,True,True,downturn,20.0,20,840528.1394,150000.0,True,70,True,6
Low,13,finance,31.6334,2,True,425,34,36,29,False,False,14,2,False,True,downturn,20.0,33,206785.5701,150000.0,False,70,True,5
Low,18,technology,27.7512,95,False,440,37,42,29,False,True,14,2,True,True,upturn,20.0,29,495818.1794,150000.0,True,90,False,5
Low,30,others,34.7553,0,False,413,37,59,29,True,False,11,2,False,True,normal,20.0,26,845253.5728,190000.0,True,40,False,5
Low,39,others,28.1,0,False,440,36,45,29,True,False,11,2,False,False,normal,20.0,23,116520.4866,190000.0,True,40,False,6
High,4,others,31.0568,31,False,403,35,30,29,False,False,12,2,True,True,downturn,20.0,2,727241.2021,150000.0,True,40,False,7
Low,24,education,29.3194,0,True,419,39,37,29,False,True,10,1,False,True,upturn,20.0,35,467841.0127,150000.0,False,85,True,6
High,6,technology,28.2992,93,False,454,35,32,30,False,False,10,2,True,True,downturn,20.0,41,489209.7844,150000.0,False,70,True,5
Low,44,healthcare,32.4674,96,True,407,35,27,30,True,False,11,2,True,False,downturn,20.0,46,606114.6583,190000.0,False,70,True,5
Low,31,others,26.0645,3,False,381,37,26,30,False,True,12,2,False,False,downturn,20.0,0,283851.5409,150000.0,True,90,False,6
Low,25,healthcare,22.537,0,False,388,39,39,29,False,False,13,1,False,True,downturn,20.0,42,119044.8049,144966.5219,False,5,False,6
Low,2,finance,26.3835,1,False,402,39,32,27,False,False,13,2,False,False,normal,20.0,44,7456.2897,150000.0,True,70,True,5
Low,27,finance,21.5784,1,True,392,28,21,30,True,False,12,1,False,False,downturn,20.0,33,497098.7636,190000.0,True,5,False,7
High,33,finance,29.1551,0,False,405,32,25,29,True,False,12,2,False,True,downturn,20.0,13,266121.4534,190000.0,False,70,True,5
Low,20,others,26.654,99,False,394,39,43,29,,True,12,2,True,False,downturn,20.0,44,631402.7861,150000.0,True,90,False,6
High,14,finance,24.7587,3,False,424,36,29,30,,True,11,2,False,True,downturn,20.0,17,693491.5227,189675.0315,False,90,False,6
Low,50,technology,19.8502,0,True,445,32,28,29,True,False,11,2,False,False,upturn,20.0,28,500584.9671,189463.8282,False,70,True,5
Low,11,finance,28.0825,0,False,334,37,46,30,False,False,11,1,False,False,upturn,20.0,21,597759.7512,150000.0,True,5,False,6
Low,48,others,37.9686,0,False,447,34,47,29,False,True,11,2,False,True,normal,20.0,43,614133.6469,150000.0,True,90,False,5
Low,1,technology,26.5796,55,False,403,38,29,30,False,True,10,2,True,True,upturn,20.0,11,0.0,150000.0,True,120,True,6
Low,27,others,23.7084,77,True,412,36,44,30,False,False,11,2,True,False,upturn,20.0,17,784450.4715,150000.0,False,70,True,6
Low,17,finance,25.4877,75,True,393,37,54,30,False,True,13,2,True,True,upturn,20.0,18,45784.9336,150000.0,True,90,False,5
Low,15,technology,31.5958,100,False,383,38,50,29,False,True,12,3,True,True,normal,20.0,43,419387.8737,150000.0,False,215,True,6
Low,17,finance,24.6165,1,False,470,34,20,29,False,True,10,2,False,False,upturn,20.0,17,144472.6144,149560.6763,True,90,False,5
Low,30,technology,23.2207,1,False,350,37,37,29,True,False,11,1,False,False,normal,20.0,15,665662.4721,186636.3563,False,35,True,6
Low,19,healthcare,28.3684,0,True,428,36,52,29,True,True,9,3,False,True,normal,20.0,37,317386.4321,190000.0,False,215,True,6
Low,9,technology,26.2689,4,False,328,38,21,30,False,False,12,2,False,True,upturn,20.0,18,71322.9589,150000.0,True,40,False,5
