live_classical_concert_attendance,stress_level_pre_session,relaxation_level,non_work_hour_access,harmonic_music_presence,relaxation_during_music,patient_age,cognitive_response_score,music_genre_preference_match,session_time_of_day,genres_experienced,self_reported_wellness_score,emotional_stability_score,session_enjoyment_rating,frequency_of_sadness,heart_rate_variability_percentage,disturbance_after_music,session_duration,session_frequency_per_week,musical_interest_diversity,initial_emotional_state_rating,musical_genre_preference_structured,mood_improvement_post_session,preference_for_live_music,interactive_session_participation,musical_taste_variety,therapy_session_frequency,predicted_relaxation_level,emotional_status_positive,feelings_of_calmness,program_length_weeks,patient_care_unit,preference_for_popular_music,post_session_discussion,music_genre_variety,patient_stress_level,structured_activity_preference
7,8,3,False,True,3,40,10,0.0,morning,2.25,4.8836,2,3,3,100.0,3,29,6,3,7,True,0,True,3,4.25,15,5,False,3,22,general,True,False,5,4,6
7,7,3,False,True,3,42,10,0.0,afternoon,1.0,6.5386,2,3,5,99.0622,1,42,4,3,7,True,-4,False,3,2.0,12,4,,4,18,ICU,False,False,4,4,1
7,8,3,False,True,4,40,10,0.0,morning,1.0,0.0354,2,7,22,86.5759,4,59,3,3,2,True,2,True,7,1.0,19,5,True,4,45,ICU,False,False,5,7,6
8,8,4,False,True,6,40,10,0.0,afternoon,1.0,1.5589,2,9,5,97.9696,6,33,2,3,3,True,0,True,7,3.5,19,4,True,3,33,general,True,False,4,1,2
7,8,3,True,True,5,37,10,0.0,evening,1.0,7.5327,2,2,5,88.127,8,40,4,2,2,True,0,False,7,2.6667,16,4,False,3,40,general,True,False,4,5,3
7,6,3,False,True,5,40,10,0.0,afternoon,1.0,6.5887,2,6,18,100.0,5,40,6,3,2,True,2,False,6,1.0526,20,4,False,3,11,ICU,True,False,4,4,9
8,7,3,False,True,1,40,10,0.0,afternoon,1.0,8.082,2,6,21,92.2939,1,20,2,3,4,True,-3,True,6,1.0,6,5,False,3,29,general,True,False,5,3,1
7,7,3,True,True,10,43,10,0.0,afternoon,1.0,4.8253,2,3,21,97.6451,7,59,2,3,8,True,-4,False,7,1.1818,26,5,True,4,26,ICU,True,False,5,5,1
7,7,3,False,True,2,41,10,0.0,morning,1.0,1.0386,3,4,21,89.5936,1,45,2,3,1,True,-2,True,4,1.0,17,3,True,4,49,ICU,True,False,3,9,1
8,6,3,False,True,4,36,10,0.0,afternoon,1.0,6.3595,2,2,6,99.7377,8,55,4,3,9,True,-1,False,2,1.0,7,5,True,4,21,ICU,False,False,5,3,2
8,7,3,False,True,1,33,10,0.0,morning,5.0,6.0438,2,7,0,100.0,8,39,6,3,9,True,-1,True,7,10.0,18,5,False,3,15,general,True,False,5,6,5
8,8,3,True,True,9,44,10,0.0,afternoon,1.0,0.3958,2,9,21,99.9452,5,44,1,3,3,True,0,False,7,1.0,3,4,True,4,43,ICU,False,False,4,6,1
6,8,3,False,True,5,42,10,0.0,morning,1.0,8.7805,3,5,17,99.0029,3,48,5,2,3,True,-3,True,5,1.1111,18,3,False,3,9,general,True,False,3,4,1
7,7,3,True,True,1,33,10,0.0,afternoon,5.0,9.8943,3,8,1,91.7641,8,59,2,3,3,True,-1,False,7,10.0,26,3,False,4,37,general,True,False,3,4,1
7,8,3,True,True,9,47,10,0.0,evening,1.5,1.8406,2,9,1,99.9561,2,53,4,3,9,True,1,True,7,5.5,9,4,True,4,32,general,True,False,4,3,5
7,6,3,True,True,4,42,10,0.0,morning,1.0,6.2712,2,1,14,97.2102,2,15,1,2,3,True,0,True,6,1.0,6,2,True,3,31,ICU,True,False,2,1,1
8,8,4,False,True,7,39,10,0.0,morning,1.0,3.32,2,6,23,100.0,8,25,5,2,4,True,-3,False,6,1.0,1,3,False,4,5,general,True,False,3,4,1
7,7,3,False,True,1,34,10,0.0,afternoon,1.0,3.54,2,5,29,94.9078,7,52,6,3,6,True,3,True,5,1.0,24,5,False,4,39,ICU,False,False,5,8,10
7,8,3,True,True,1,38,10,0.0,afternoon,1.0,3.9736,2,9,26,100.0,3,60,4,3,9,True,-3,False,7,1.0,13,4,False,4,44,general,True,False,4,2,1
7,8,4,True,True,6,38,10,0.0,morning,1.0,7.479,2,9,1,91.7432,8,45,5,2,9,True,-1,True,7,3.0,4,4,False,3,24,general,True,False,4,9,4
7,8,3,True,True,7,46,10,0.0,evening,1.0,6.4012,2,6,23,98.4838,1,53,6,3,6,True,0,True,7,1.0,19,3,True,4,9,ICU,True,False,3,3,6
7,7,4,False,True,5,36,10,0.0,afternoon,1.0,4.7268,2,2,8,96.1765,9,49,2,3,8,True,-1,False,2,1.2222,11,4,True,4,33,ICU,True,False,4,4,1
8,7,3,True,True,3,35,10,0.0,morning,1.0,1.7182,3,6,16,99.8998,8,22,5,3,7,True,3,True,7,1.3529,21,3,False,3,38,ICU,True,False,3,3,8
7,8,3,False,True,1,39,10,0.0,afternoon,1.6,4.696,2,7,9,100.0,2,34,7,3,6,True,1,False,7,2.6,26,5,True,4,48,general,False,False,5,9,9
7,7,3,False,True,3,33,10,0.0,morning,1.1111,2.2981,2,7,26,82.8568,10,17,4,3,8,True,1,True,7,1.1111,28,6,False,3,27,general,False,False,6,2,6
8,7,3,False,True,8,41,10,0.0,evening,1.0,2.6127,2,5,17,93.5085,7,20,3,3,1,True,-1,False,5,1.0,6,4,False,3,11,ICU,False,False,4,4,2
7,7,4,True,True,6,39,10,0.0,afternoon,1.0,3.8076,2,5,15,92.1027,7,56,6,3,6,True,0,False,7,1.0,13,3,False,3,36,ICU,False,False,3,8,5
7,8,3,False,True,5,44,10,0.0,evening,1.0,2.8649,2,2,1,98.7117,1,20,2,3,3,True,0,False,2,1.0,2,6,True,4,42,general,False,False,6,6,2
7,7,3,True,True,3,42,10,0.0,morning,5.0,6.2193,2,7,2,96.8868,1,27,6,3,5,True,-3,False,7,5.6667,17,6,True,4,19,ICU,False,False,6,8,2
6,8,3,False,True,7,41,10,0.0,afternoon,1.0,9.0499,2,5,29,96.22,6,45,5,2,4,True,-1,False,5,1.0,24,5,False,4,27,general,True,False,5,5,3
7,8,3,True,True,7,44,10,0.0,afternoon,1.0,2.3997,2,5,13,98.2532,3,42,6,2,5,True,-1,False,7,1.0,10,2,False,4,31,ICU,False,False,2,7,5
8,7,3,True,True,8,44,10,0.0,morning,1.0,4.4154,2,8,1,91.3552,4,47,5,2,8,True,-2,False,7,3.0,6,3,False,4,13,general,True,False,3,2,2
7,7,3,True,True,3,41,10,0.0,evening,1.0,3.2909,2,7,28,97.0147,2,32,4,2,4,True,-3,False,7,1.0,4,2,False,4,39,ICU,False,False,2,1,1
7,8,4,False,True,2,33,10,0.0,evening,1.0,5.8854,2,4,17,100.0,9,26,6,3,4,True,-4,True,4,1.0,15,5,True,3,49,general,True,False,5,2,2
8,6,4,True,True,7,44,10,0.0,evening,1.0,7.3802,2,2,9,90.3879,3,48,6,3,1,True,2,False,7,2.4,24,5,True,4,50,general,True,False,5,1,9
7,8,3,True,True,5,37,10,0.0,morning,1.0,5.1389,2,2,25,100.0,8,47,6,3,3,True,0,False,7,1.0,6,7,True,3,32,general,False,False,7,1,6
7,8,3,True,True,4,43,10,0.0,afternoon,1.0,7.1021,2,5,20,100.0,1,48,2,3,5,True,2,False,7,1.0,13,6,True,4,50,general,False,False,6,6,4
7,7,3,True,True,9,44,10,0.0,morning,1.0,5.8387,2,2,20,99.5034,5,49,1,3,9,True,3,False,7,1.0,20,4,False,4,51,general,False,False,4,1,4
7,8,3,True,True,7,38,10,0.0,morning,5.0,1.8878,2,5,0,100.0,9,57,5,3,7,True,-1,False,7,10.0,24,4,True,3,35,general,True,False,4,7,3
7,8,3,True,True,1,33,10,0.0,afternoon,1.0,6.2783,2,6,22,94.2896,8,49,5,3,4,True,-3,True,7,1.0,19,4,False,4,36,ICU,True,False,4,2,2
7,8,3,False,True,3,42,10,0.0,afternoon,1.0,1.2866,2,7,18,96.5881,1,47,3,3,2,True,4,False,7,1.0,17,3,True,4,29,ICU,True,False,3,6,7
7,8,3,False,True,1,35,10,0.0,evening,5.0,3.3522,2,9,3,95.2909,6,21,1,3,8,True,-1,True,7,7.5,28,4,False,4,32,general,False,False,4,4,1
7,7,3,True,True,10,47,10,0.0,morning,1.0,7.8069,2,7,22,100.0,3,27,2,2,3,True,0,False,7,1.0,23,5,True,4,52,ICU,True,False,5,5,2
7,8,4,True,True,2,39,10,0.0,evening,1.0,7.358,3,7,13,96.742,3,35,4,3,3,True,0,False,7,1.0,1,5,True,3,42,general,False,False,5,1,4
7,9,4,True,True,7,43,10,0.0,evening,1.0,6.875,2,7,27,98.9537,4,53,1,3,3,True,3,False,7,1.0,19,7,True,3,6,general,True,False,7,9,5
8,7,3,True,True,7,40,10,0.0,evening,1.0,0.1832,2,2,26,89.8134,7,25,5,3,4,True,2,False,7,1.0,18,4,False,4,6,ICU,True,False,4,7,7
7,7,3,True,True,6,44,10,0.0,morning,1.9167,2.4213,2,7,11,99.6922,2,54,4,3,4,True,0,False,7,1.9167,23,5,True,4,24,ICU,False,False,5,7,4
7,7,3,True,True,7,40,10,0.0,afternoon,2.6667,7.3515,2,7,2,94.0913,7,31,5,3,5,True,2,True,7,5.6667,15,5,True,4,35,ICU,True,False,5,5,8
6,8,4,True,True,10,42,10,0.0,evening,1.0,1.3645,2,7,11,93.2318,8,40,3,2,4,True,-1,True,7,2.0833,23,3,True,4,7,general,False,False,3,2,1
7,8,3,False,True,2,36,10,0.0,afternoon,1.0,3.8945,2,6,18,94.7573,6,36,5,3,4,True,0,False,6,1.0,9,5,False,4,6,general,True,False,5,10,6
7,8,3,False,True,7,42,10,0.0,afternoon,1.0,1.3673,3,7,8,95.9727,5,18,4,3,2,True,-1,False,7,2.5556,23,6,False,4,37,ICU,True,False,6,8,2
7,8,3,False,True,9,42,10,0.0,morning,1.0714,7.4596,2,3,13,92.5076,7,24,4,2,3,True,3,True,3,1.0714,13,4,True,3,14,ICU,False,False,4,6,8
7,7,3,True,True,9,44,10,0.0,evening,1.0,8.2155,2,1,1,94.199,5,24,3,3,7,True,-1,True,6,2.5,3,4,True,4,33,ICU,False,False,4,3,2
8,7,4,True,True,1,36,10,0.0,morning,1.5,0.0,2,2,7,94.7799,5,42,5,3,8,True,0,False,7,3.5,28,4,False,3,51,ICU,True,False,4,6,4
6,7,3,False,True,1,32,10,0.0,morning,1.4667,4.0483,2,7,14,99.1075,9,27,3,3,1,True,-3,True,7,1.4667,20,5,False,3,46,ICU,False,False,5,5,1
7,7,3,False,True,8,46,10,0.0,morning,1.0,0.6732,2,8,11,99.8045,2,16,6,3,9,True,0,True,7,1.9167,21,4,True,4,40,ICU,True,False,4,6,6
7,8,3,False,True,9,42,10,0.0,evening,1.0,5.4944,2,8,14,89.8089,7,30,3,3,9,True,-2,True,7,1.0,9,5,False,4,46,general,True,False,5,7,1
8,7,3,False,True,7,40,10,0.0,morning,1.0,7.0712,3,2,9,97.8265,7,30,4,2,7,True,3,False,2,1.0,2,6,True,3,44,ICU,True,False,6,7,8
7,8,3,True,True,6,38,10,0.0,evening,1.0,2.0621,2,4,23,97.592,8,53,2,3,5,True,2,True,7,1.0,11,5,False,4,50,ICU,True,False,5,8,5
7,8,3,False,True,1,32,10,0.0,afternoon,1.0,8.0419,2,2,13,90.9537,9,50,5,3,4,True,0,False,2,1.0,7,4,False,3,36,ICU,True,False,4,4,4
8,7,3,False,True,4,38,10,0.0,afternoon,1.0,3.9338,2,5,30,96.9933,6,42,4,3,5,True,-3,True,5,1.0,11,5,True,4,16,ICU,True,False,5,2,1
7,9,3,False,True,1,33,10,0.0,afternoon,1.0,3.7171,2,4,15,95.8343,8,54,3,3,6,True,3,True,4,1.0,12,5,False,3,26,ICU,True,False,5,8,7
7,9,4,False,True,1,38,10,0.0,evening,1.0,9.3128,2,5,12,92.2847,3,27,1,3,2,True,0,True,5,1.0,1,5,True,4,25,general,False,False,5,5,1
7,7,3,True,True,8,44,10,0.0,afternoon,1.0,9.8987,2,8,16,98.9648,4,57,2,3,9,True,1,True,7,1.1765,18,3,,4,23,ICU,True,False,3,4,4
7,7,3,True,True,8,40,10,0.0,afternoon,1.0,3.8192,2,2,14,95.7576,8,30,2,3,5,True,0,True,7,1.0,8,3,False,4,24,general,True,False,3,8,1
7,7,3,True,True,8,42,10,0.0,evening,1.0,9.5151,3,7,12,97.9168,6,41,1,3,9,True,0,True,7,2.4615,30,4,False,4,17,ICU,True,False,4,3,2
7,8,4,False,True,3,42,10,0.0,morning,1.8,2.2874,2,4,9,97.3229,1,26,3,3,8,True,-1,True,4,1.8,16,5,False,4,32,ICU,False,False,5,3,1
7,8,4,True,True,1,38,10,0.0,morning,1.0,0.7124,2,6,5,96.7834,3,41,6,3,8,True,2,True,7,1.0,1,4,True,4,37,ICU,False,False,4,1,9
7,7,3,True,True,2,34,10,0.0,afternoon,1.8333,2.3466,2,1,5,88.4079,8,46,6,2,4,True,0,False,6,4.8333,29,4,,4,43,ICU,True,False,4,8,5
7,7,3,True,True,9,47,10,0.0,afternoon,1.0,5.1797,2,1,27,93.9271,2,29,5,3,5,True,3,True,6,1.0,24,4,,4,39,general,True,False,4,9,9
7,8,3,True,True,2,33,10,0.0,afternoon,1.0,6.133,2,5,16,99.9187,9,56,3,3,3,True,3,False,7,1.5882,27,3,True,4,32,ICU,False,False,3,4,6
7,8,3,False,True,6,39,10,0.0,afternoon,1.0,6.3978,2,4,8,83.1029,7,28,6,3,4,True,1,False,4,1.4444,13,4,True,4,22,ICU,False,False,4,6,7
7,7,3,False,True,5,42,10,0.0,evening,1.0,2.1852,2,7,17,93.7182,3,17,3,2,4,True,-1,False,7,1.0,18,3,False,4,13,ICU,False,False,3,8,1
7,7,3,False,True,5,40,10,0.0,afternoon,1.0,0.3461,2,9,25,95.0475,5,53,1,2,2,True,-3,False,7,1.0,18,5,True,4,29,ICU,True,False,5,4,1
7,8,3,True,True,7,45,10,0.0,afternoon,1.0,4.2019,2,2,20,100.0,2,39,3,3,8,True,4,False,7,1.3333,28,5,True,4,29,general,False,False,5,5,7
8,7,3,False,True,3,37,10,0.0,afternoon,1.0,4.9387,3,8,4,97.1628,6,40,3,2,9,True,-2,True,7,1.0,2,2,False,4,15,general,False,False,2,6,1
7,8,4,False,True,5,42,10,0.0,evening,5.0,2.3833,2,5,1,92.1059,3,49,5,3,1,True,-1,True,5,10.0,23,6,False,3,13,general,True,False,6,3,4
7,7,3,True,True,2,38,10,0.0,evening,1.0,3.4384,2,9,8,100.0,4,16,6,3,8,True,-3,False,7,2.5556,23,5,False,3,52,general,False,False,5,1,3
7,7,3,True,True,9,46,10,0.0,evening,1.0,4.5418,2,2,25,92.1907,3,31,5,3,2,True,-3,True,7,1.0385,25,4,True,3,7,general,False,False,4,2,1
7,8,3,False,True,9,41,10,0.0,morning,5.0,3.896,2,2,0,97.0023,8,47,2,3,9,True,1,False,2,7.0,7,3,False,4,43,ICU,False,False,3,8,3
8,8,3,True,True,7,45,10,0.0,evening,1.0,2.2506,2,5,3,94.7041,2,52,5,3,6,True,4,True,7,4.5,16,5,,4,11,ICU,True,False,5,3,9
7,7,4,True,True,4,34,10,0.0,evening,1.0,0.7993,2,4,13,92.3707,10,54,6,3,9,True,-2,False,7,1.4286,20,4,True,4,34,general,False,False,4,2,4
8,8,3,False,True,2,33,10,0.0,morning,3.3333,1.7628,3,10,2,95.1252,9,35,4,3,9,True,0,True,7,5.3333,14,2,False,4,26,ICU,True,False,2,8,3
7,9,3,False,True,8,39,10,0.0,evening,1.0,4.2957,2,2,25,92.343,9,45,5,2,3,True,-2,True,2,1.0,3,4,,5,48,general,False,False,4,8,3
7,7,3,False,True,4,35,10,0.0,morning,1.8571,5.0788,3,7,6,86.8219,9,47,6,3,4,True,-2,True,7,3.8571,25,4,True,4,30,general,True,False,4,8,4
6,8,3,False,True,2,35,10,0.0,morning,2.0769,0.4674,2,1,12,100.0,7,20,2,3,8,True,1,True,1,2.0769,25,3,,4,8,ICU,False,False,3,5,4
7,8,3,True,True,7,45,10,0.0,evening,1.0,4.6256,2,1,10,98.7068,2,48,5,3,3,True,0,True,6,2.3636,24,5,False,3,17,general,True,False,5,5,5
7,8,3,False,True,5,37,10,0.0,afternoon,1.0,3.538,2,8,14,93.9812,8,28,4,3,7,True,0,False,7,1.0,13,4,False,3,27,general,True,False,4,1,4
7,8,4,False,True,2,36,10,0.0,evening,1.0,0.1677,2,9,18,99.8054,6,55,3,2,5,True,-1,False,7,1.1053,21,3,True,3,7,general,True,False,3,6,2
7,7,4,True,True,6,44,10,0.0,afternoon,1.0,0.4506,2,8,16,92.9579,2,40,2,3,7,True,-2,True,7,1.0,1,2,False,4,35,ICU,False,False,2,7,1
7,6,3,False,True,9,42,10,0.0,morning,1.0,3.4622,2,3,17,100.0,7,33,4,3,5,True,0,False,3,1.0,4,4,True,4,7,ICU,True,False,4,2,4
7,7,3,False,True,8,46,10,0.0,morning,1.0,7.6973,2,9,7,97.5669,2,31,6,3,5,True,-1,True,7,3.0,22,3,False,4,19,ICU,True,False,3,1,5
8,8,3,False,True,3,35,10,0.0,evening,1.0,0.4881,2,5,21,99.7175,8,58,5,3,4,True,1,True,5,1.0,10,4,False,4,34,general,False,False,4,4,7
7,7,3,False,True,6,38,10,0.0,afternoon,1.0,5.2508,2,2,21,98.1876,8,50,2,3,9,True,0,True,2,1.0,2,5,,4,24,general,True,False,5,7,3
7,8,3,True,True,3,38,10,0.0,morning,5.0,4.2858,2,9,0,99.767,5,37,3,3,9,True,-1,True,7,10.0,16,3,False,3,4,general,False,False,3,6,2
8,7,3,True,True,6,39,10,0.0,evening,1.0,5.1282,2,5,11,92.8768,7,33,6,3,8,True,2,True,7,1.0,10,4,False,3,49,general,True,False,4,9,9
8,8,3,True,True,7,43,10,0.0,evening,1.0,3.2534,2,2,16,88.4188,4,57,1,2,4,True,-3,True,7,1.4118,22,3,False,3,11,ICU,True,False,3,1,1
7,8,3,True,True,6,39,10,0.0,morning,1.0,8.0304,2,1,21,94.5346,7,17,3,3,4,True,1,False,6,1.2273,27,4,False,4,41,general,True,False,4,9,5
7,7,3,True,True,7,38,10,0.0,evening,1.0,2.3476,2,8,16,93.8402,9,16,2,2,9,True,0,True,7,1.5294,24,4,False,4,6,general,False,False,4,4,2
7,7,3,False,True,6,42,10,0.0,afternoon,1.0,7.4018,3,2,26,100.0,4,58,6,3,8,True,3,True,2,1.0,19,3,True,4,35,general,True,False,3,6,10
8,8,3,False,True,5,44,10,0.0,afternoon,1.0,2.6394,2,9,12,99.474,1,45,2,2,4,True,-3,False,7,1.3077,17,4,False,3,37,general,True,False,4,8,1
7,7,3,True,True,7,46,10,0.0,evening,1.0,1.1427,2,1,23,97.6118,1,22,3,3,2,True,0,True,6,1.0,8,3,False,3,30,ICU,False,False,3,6,3
8,7,4,True,True,5,39,10,0.0,morning,1.0,5.7669,2,1,23,80.957,6,59,2,3,6,True,4,True,6,1.0,13,5,True,4,42,ICU,True,False,5,8,6
7,8,3,False,True,2,34,10,0.0,morning,5.0,4.1825,2,7,0,89.485,8,55,2,3,8,True,-3,False,7,10.0,25,6,False,4,31,ICU,False,False,6,6,1
7,7,3,True,True,9,47,10,0.0,morning,1.0,9.3272,2,4,11,90.0722,2,44,1,2,2,True,-2,False,7,1.8333,22,4,False,4,25,ICU,True,False,4,5,1
7,7,3,False,True,8,40,10,0.0,morning,2.625,2.3509,2,9,7,97.5431,8,28,5,2,5,True,0,True,7,2.625,19,5,True,4,51,general,False,False,5,2,6
7,7,3,True,True,9,45,10,0.0,afternoon,3.3333,8.849,2,4,2,99.82,4,57,5,3,5,True,-3,True,7,6.3333,17,3,False,3,24,ICU,True,False,3,8,2
7,8,3,False,True,5,36,10,0.0,afternoon,1.0,4.5307,2,5,14,92.0417,9,15,1,2,8,True,3,True,5,1.5333,21,4,True,4,14,general,False,False,4,9,5
7,7,3,False,True,8,43,10,0.0,morning,1.25,6.8555,2,7,7,100.0,5,26,5,3,8,True,0,True,7,1.25,8,4,True,3,51,general,False,False,4,1,4
7,8,4,True,True,8,46,10,0.0,afternoon,1.0,0.4872,1,3,10,97.1742,2,29,1,3,7,True,3,False,7,1.2727,14,3,True,4,19,general,False,False,3,3,4
7,9,3,True,True,6,37,10,0.0,morning,1.0,1.9138,2,6,20,95.9586,9,26,5,3,1,True,-3,True,7,1.2857,25,5,False,4,15,ICU,True,False,5,2,2
7,7,4,True,True,5,43,10,0.0,morning,1.4211,8.7373,2,2,18,95.4395,2,17,2,2,9,True,-1,False,7,1.4211,27,5,,3,41,ICU,False,False,5,2,1
8,7,3,False,True,5,36,10,0.0,morning,3.2,5.1427,2,9,4,99.8828,9,39,2,3,4,True,0,False,7,3.2,16,4,True,4,16,ICU,False,False,4,4,2
7,8,3,True,True,4,42,10,0.0,morning,1.0,10.0,2,4,11,98.9165,2,40,2,3,5,True,3,False,7,1.0,2,2,False,4,43,general,False,False,2,4,5
7,6,3,True,True,1,37,10,0.0,evening,1.0,4.2971,2,8,27,99.634,4,60,4,3,7,True,0,True,7,1.0,17,4,True,4,5,general,False,False,4,7,4
6,7,3,True,True,9,42,10,0.0,morning,1.0,5.222,2,6,13,99.091,7,26,6,3,9,True,3,False,7,1.9286,27,3,True,4,25,ICU,True,False,3,8,10
7,6,3,False,True,6,39,10,0.0,evening,1.0,0.7465,2,8,25,100.0,7,59,2,3,2,True,2,False,7,1.0385,27,3,False,3,37,ICU,False,False,3,9,5
7,7,4,False,True,9,42,10,0.0,afternoon,1.0,3.1904,2,7,24,95.8504,7,30,6,3,8,True,3,True,7,1.0,9,5,True,4,52,ICU,True,False,5,1,10
7,7,3,True,True,7,40,10,0.0,afternoon,1.0,6.0995,2,9,16,91.4626,7,24,3,3,6,True,1,False,7,1.0,14,5,True,4,5,general,True,False,5,5,4
7,8,4,True,True,8,44,10,0.0,morning,1.0,5.9525,2,7,17,97.3343,4,55,7,3,9,True,0,False,7,1.0,3,3,True,4,48,general,False,False,3,8,7
8,8,3,False,True,1,36,10,0.0,evening,1.0,4.7397,2,9,26,93.9516,5,54,4,3,10,True,0,True,7,1.1111,28,3,,3,12,ICU,True,False,3,8,4
7,8,3,True,True,3,36,10,0.0,afternoon,1.6667,6.0502,2,1,8,100.0,7,19,5,3,6,True,4,True,6,2.6667,22,3,False,4,5,general,False,False,3,8,9
7,7,3,False,True,1,36,10,0.0,morning,1.0,8.7643,2,2,7,99.9217,5,21,5,3,6,True,0,False,2,2.875,23,4,False,4,51,ICU,True,False,4,4,5
7,7,3,False,True,4,38,10,0.0,afternoon,1.0,9.493,2,8,16,92.3903,6,41,1,3,8,True,-1,False,7,1.0,4,5,False,3,4,ICU,False,False,5,7,1
8,9,3,False,True,10,49,10,0.0,morning,1.2105,4.0757,3,1,18,99.8892,1,45,2,3,9,True,3,False,1,1.2105,23,5,False,4,36,ICU,False,False,5,5,6
7,8,3,True,True,5,39,10,0.0,evening,1.0,5.4808,2,2,29,89.4263,6,15,1,3,9,True,3,False,7,1.0,24,6,False,4,4,general,False,False,6,3,4
7,7,3,True,True,8,46,10,0.0,morning,1.0,4.3924,2,5,21,100.0,2,46,6,3,1,True,-2,True,7,1.0,4,5,False,3,44,general,True,False,5,1,3
7,8,3,True,True,1,35,10,0.0,evening,1.0,2.5285,2,6,5,97.2424,6,55,2,2,5,True,1,True,7,1.5,7,5,True,4,4,general,False,False,5,3,3
7,7,3,True,True,6,45,10,0.0,afternoon,1.0,5.6899,2,3,5,100.0,1,23,6,3,8,True,-1,False,7,4.0,24,3,False,4,26,ICU,True,False,3,9,5
7,8,3,False,True,7,43,10,0.0,afternoon,1.0,3.5374,2,2,23,90.7105,4,42,2,3,5,True,0,True,2,1.0,3,4,False,3,28,general,False,False,4,8,3
7,8,3,True,True,3,36,10,0.0,afternoon,1.0,0.8255,2,3,21,100.0,7,50,4,2,3,True,0,False,7,1.0,3,3,False,4,9,ICU,False,False,3,6,4
7,8,3,False,True,8,39,10,0.0,evening,5.0,0.0416,3,1,0,96.5203,9,53,1,2,6,True,-1,True,1,10.0,8,3,True,4,24,general,True,False,3,7,1
7,8,3,False,True,1,37,10,0.0,morning,1.0,2.9528,2,6,12,94.1418,4,23,3,3,3,True,-2,True,6,1.4615,17,4,True,3,44,ICU,True,False,4,4,1
7,8,3,True,True,3,34,10,0.0,afternoon,1.0,3.259,2,3,5,94.7281,9,43,3,3,8,True,0,True,7,4.0,22,4,True,4,10,general,True,False,4,2,4
6,8,4,True,True,7,44,10,0.0,evening,1.0,6.1032,2,1,12,98.17,3,36,6,3,4,True,-2,False,6,1.6923,22,6,True,3,21,general,True,False,6,7,3
7,8,3,True,True,7,46,10,0.0,morning,1.6667,8.7304,2,3,2,99.1594,1,55,4,3,7,True,0,True,7,1.6667,3,1,True,3,28,general,False,False,1,3,5
7,7,3,True,True,3,38,10,0.0,afternoon,1.0,0.4174,2,6,13,95.0986,5,40,6,3,1,True,0,False,7,2.0,28,4,True,4,26,ICU,True,False,4,8,7
7,7,3,False,True,3,38,10,0.0,afternoon,1.0,3.224,2,8,17,95.6423,5,20,1,3,1,True,0,False,7,1.0,13,6,False,3,33,ICU,False,False,6,5,1
7,8,3,True,True,4,41,10,0.0,morning,1.0,8.1758,2,6,26,95.2608,3,15,1,3,2,True,0,True,7,1.0,19,5,True,4,39,ICU,True,False,5,8,1
7,8,3,True,True,4,41,10,0.0,afternoon,1.0,7.3841,2,1,18,99.9624,3,54,6,2,6,True,0,True,6,1.5789,28,5,False,3,21,general,True,False,5,9,7
7,7,3,True,True,1,33,10,0.0,afternoon,1.0,2.2056,2,3,12,91.2006,8,20,1,2,9,True,2,False,7,1.1538,15,2,False,4,36,ICU,False,False,2,7,3
7,7,3,True,True,3,38,10,0.0,afternoon,1.0,8.1141,3,3,16,94.4796,5,42,1,3,3,True,0,False,7,1.5294,26,3,False,4,7,general,True,False,3,2,2
7,8,3,True,True,9,48,10,0.0,evening,1.0,6.3943,2,8,23,92.0854,1,38,4,3,5,True,0,False,7,1.0,10,5,,4,16,ICU,True,False,5,6,4
7,7,3,False,True,8,40,10,0.0,afternoon,1.0,7.9563,2,5,4,99.8119,8,16,6,3,2,True,3,False,5,1.0,2,7,True,3,8,general,True,False,7,2,9
7,7,3,True,True,3,39,10,0.0,afternoon,1.0,9.1096,2,4,17,91.989,4,45,2,3,4,True,4,False,7,1.5,27,5,False,4,8,general,True,False,5,8,6
7,7,4,True,True,1,34,10,0.0,evening,1.0,7.8768,2,9,7,92.899,7,54,3,3,9,True,-1,False,7,1.0,7,5,False,4,16,ICU,False,False,5,6,1
7,7,4,True,True,2,39,10,0.0,evening,5.0,3.2308,2,3,0,90.8163,3,42,6,3,3,True,-2,False,7,10.0,25,4,True,4,32,ICU,True,False,4,4,3
7,6,3,False,True,2,34,10,0.0,morning,1.1852,8.449,2,2,26,100.0,8,39,3,2,6,True,2,True,2,1.1852,30,6,True,4,47,ICU,False,False,6,2,6
6,7,3,False,True,3,42,10,0.0,afternoon,1.0,4.5841,2,3,13,99.5013,1,29,6,3,5,True,0,True,3,1.0714,13,5,False,3,17,general,True,False,5,9,6
7,8,4,True,True,6,38,10,0.0,afternoon,1.0,0.7283,2,1,14,99.9949,8,35,6,3,2,True,0,True,6,1.1333,15,4,False,4,6,ICU,False,False,4,4,5
8,8,4,False,True,6,38,10,0.0,morning,1.0,9.3405,2,8,1,91.7077,8,19,3,3,6,True,2,False,7,3.0,6,3,False,4,47,general,True,False,3,4,5
8,8,3,False,True,9,48,10,0.0,afternoon,1.0,5.5166,2,8,12,93.461,1,48,7,3,1,True,-4,False,7,1.1538,15,5,True,3,22,general,True,False,5,6,3
7,7,3,True,True,3,42,10,0.0,morning,1.0,3.2819,2,8,26,100.0,1,37,4,3,5,True,4,True,7,1.0,1,5,True,3,9,general,True,False,5,9,8
7,8,3,True,True,6,38,10,0.0,morning,1.0,6.4892,2,9,7,96.1644,8,53,3,2,5,True,1,True,7,1.75,12,5,False,3,28,ICU,True,False,5,5,4
7,7,3,False,True,8,41,10,0.0,afternoon,1.0,4.1899,2,9,17,98.1475,7,34,6,2,7,True,-3,True,7,1.0,10,4,False,3,26,general,True,False,4,6,3
7,7,3,False,True,1,33,10,0.0,morning,1.6,3.426,2,3,9,99.9473,8,35,1,2,2,True,-3,False,3,1.6,16,3,False,4,51,general,False,False,3,5,1
7,8,3,False,True,7,38,10,0.0,morning,1.0,0.3844,2,9,29,93.7352,9,29,5,3,6,True,-1,True,7,1.0,18,3,False,4,40,general,False,False,3,2,4
7,8,3,False,True,8,41,10,0.0,morning,1.0,0.7215,3,9,9,89.9692,7,46,2,2,2,True,2,True,7,2.9,27,3,False,4,28,general,True,False,3,7,4
7,7,3,True,True,6,43,10,0.0,morning,1.0,7.2022,2,1,12,100.0,3,38,5,3,1,True,-2,True,6,1.0,4,5,False,3,47,ICU,True,False,5,1,3
7,7,3,True,True,7,39,10,0.0,afternoon,1.0,7.4208,3,2,20,100.0,8,26,5,3,1,True,1,True,7,1.0,14,4,True,4,14,general,False,False,4,6,6
7,6,3,True,True,8,42,10,0.0,morning,1.0,4.1742,2,8,14,90.2514,6,36,4,3,2,True,-2,False,7,1.0,10,3,False,4,33,ICU,True,False,3,6,2
7,7,4,True,True,5,44,10,0.0,morning,1.0,8.4748,2,8,8,96.8229,1,51,3,3,7,True,0,True,7,1.4444,11,4,False,4,26,ICU,True,False,4,9,2
7,8,3,False,True,4,40,10,0.0,morning,4.5,7.1874,2,8,3,100.0,4,19,4,3,7,True,-3,False,7,6.5,26,5,False,4,36,ICU,True,False,5,4,1
7,8,3,False,True,3,36,10,0.0,morning,1.0,6.2485,2,1,23,91.2819,7,54,7,3,2,True,3,False,1,1.0,15,4,False,4,41,ICU,False,False,4,6,10
7,8,3,False,True,2,36,10,0.0,afternoon,1.0,8.6012,2,1,9,94.3138,6,38,6,3,1,True,-3,False,1,1.0,8,2,False,3,14,general,False,False,2,5,3
7,8,3,False,True,1,31,10,0.0,afternoon,1.0,7.549,2,4,19,100.0,10,34,2,3,2,True,0,True,4,1.45,27,5,False,4,25,ICU,False,False,5,8,1
7,7,3,True,True,8,40,10,0.0,morning,1.0,1.9281,2,9,12,99.7795,8,15,2,3,1,True,-2,True,7,1.3077,15,6,False,4,41,ICU,True,False,6,5,1
7,8,3,True,True,7,40,10,0.0,afternoon,1.5,8.9748,2,1,9,95.471,7,27,3,3,6,True,3,False,6,2.5,25,3,True,3,14,ICU,False,False,3,7,7
7,8,3,True,True,5,37,10,0.0,morning,1.7778,0.1117,2,1,8,93.5718,8,47,4,2,9,True,-1,False,6,1.7778,16,3,True,4,10,general,False,False,3,9,2
6,6,3,False,True,5,36,10,0.0,afternoon,1.0,0.3624,2,5,11,97.339,9,33,4,3,9,True,-2,True,5,1.3333,14,3,False,4,50,general,True,False,3,6,1
7,8,4,False,True,6,42,10,0.0,afternoon,1.0,7.0241,2,3,23,93.6995,4,47,2,3,8,True,-2,False,3,1.0,24,6,False,3,46,ICU,True,False,6,7,1
7,8,3,True,True,6,44,10,0.0,morning,1.0,8.8799,3,3,18,96.996,2,41,4,3,5,True,0,True,7,1.0,6,4,False,3,14,ICU,True,False,4,1,4
7,7,4,False,True,5,38,10,0.0,afternoon,1.25,7.598,3,8,3,89.4998,7,58,5,2,7,True,1,False,7,2.25,9,5,True,4,46,ICU,False,False,5,7,6
8,8,3,True,True,2,41,10,0.0,evening,5.0,8.403,3,3,1,92.2754,1,39,6,3,1,True,3,True,7,10.0,25,6,True,3,10,ICU,False,False,6,6,10
7,7,4,True,True,1,38,10,0.0,evening,1.0,8.8199,2,7,19,91.9386,3,56,6,3,5,True,0,True,7,1.0,13,6,True,3,15,general,True,False,6,6,6
7,8,3,True,True,8,43,10,0.0,morning,5.0,0.3543,2,3,1,100.0,5,58,4,3,4,True,2,False,7,10.0,22,5,False,3,28,ICU,False,False,5,5,7
6,7,3,False,True,2,39,10,0.0,morning,1.0,4.6335,2,3,21,99.707,3,38,4,3,3,True,-3,False,3,1.0,4,5,True,4,43,general,False,False,5,1,1
7,7,3,False,True,7,38,10,0.0,evening,1.0,5.3676,2,10,6,100.0,9,37,6,3,1,True,2,True,7,1.5714,9,2,True,4,41,general,False,False,2,5,8
7,8,4,False,True,5,44,10,0.0,morning,1.0,7.2343,2,1,12,100.0,1,23,3,3,9,True,2,False,1,2.1538,28,4,True,4,25,ICU,True,False,4,5,6
7,8,4,True,True,4,35,10,0.0,morning,1.0,8.4749,3,6,25,97.5329,9,44,2,3,8,True,0,False,7,1.0,5,3,True,3,11,general,True,False,3,7,2
7,8,3,True,True,3,34,10,0.0,evening,1.75,5.4351,2,6,3,99.8176,9,44,2,2,3,True,-4,True,7,3.75,13,4,True,3,9,general,False,False,4,7,1
7,8,3,False,True,7,38,10,0.0,evening,1.0,7.3996,2,6,12,96.549,9,49,2,3,1,True,-4,False,6,1.3077,17,3,False,3,13,ICU,True,False,3,2,1
7,8,3,False,True,10,42,10,0.0,evening,1.0,4.4076,2,4,13,94.2754,8,39,2,3,3,True,2,True,4,1.0,9,5,True,3,42,general,True,False,5,9,5
7,7,3,True,True,5,41,10,0.0,morning,1.0,9.409,2,8,23,99.846,4,15,5,3,6,True,2,False,7,1.0,4,2,True,3,41,general,True,False,2,10,8
7,8,3,False,True,10,49,10,0.0,evening,1.0,2.5396,2,1,14,87.7904,1,29,2,3,1,True,1,True,1,1.0,9,4,False,4,45,general,True,False,4,7,4
7,8,3,False,True,2,36,10,0.0,afternoon,1.0,7.5162,2,4,17,95.6964,6,56,3,2,1,True,2,False,4,1.0,2,4,True,4,5,general,False,False,4,4,5
7,7,3,False,True,1,38,10,0.0,afternoon,1.0,8.0541,2,3,17,95.7746,3,40,6,3,9,True,2,True,3,1.0,7,5,False,4,21,general,False,False,5,1,9
7,7,3,False,True,9,40,10,0.0,afternoon,1.0,7.8795,2,6,13,99.6929,9,33,6,3,5,True,-4,True,6,1.0,6,3,True,3,29,general,True,False,3,6,2
7,7,4,True,True,6,39,10,0.0,afternoon,1.0,4.3702,2,4,17,91.9483,7,48,2,3,4,True,0,True,7,1.0,5,4,True,4,20,general,False,False,4,7,2
7,8,3,True,True,7,38,10,0.0,morning,1.0,1.3349,2,1,11,97.3824,9,60,2,3,6,True,-1,False,6,2.4167,29,2,False,4,19,general,True,False,2,2,1
7,8,3,False,True,5,39,10,0.0,afternoon,3.5,9.9855,2,9,1,95.4209,6,20,2,2,6,True,2,False,7,6.5,13,3,True,3,12,general,True,False,3,5,4
7,7,3,True,True,8,41,10,0.0,evening,1.0,4.9895,3,2,8,99.8354,7,25,6,3,4,True,2,False,7,1.0,4,4,True,4,9,general,False,False,4,1,9
7,8,3,False,True,6,39,10,0.0,morning,5.0,0.7938,2,9,2,98.1273,7,59,6,3,9,True,-3,True,7,6.3333,17,4,False,3,11,ICU,False,False,4,2,2
7,8,3,True,True,5,41,10,0.0,morning,1.0,2.8957,2,6,29,96.0668,4,25,1,2,9,True,0,True,7,1.0,28,4,False,4,27,general,True,False,4,3,1
7,7,3,True,True,9,39,10,0.0,morning,1.0,8.1839,3,1,2,100.0,10,28,6,2,1,True,-1,False,6,1.0,2,3,True,3,5,general,True,False,3,1,4
8,8,3,True,True,4,36,10,0.0,afternoon,1.0,2.1523,3,5,11,88.3028,8,51,1,2,8,True,-2,True,7,1.3333,14,4,True,3,20,general,True,False,4,3,1
8,8,4,True,True,9,43,10,0.0,morning,1.0,6.941,2,9,24,95.1994,6,33,2,2,6,True,0,False,7,1.0,20,4,False,3,17,ICU,True,False,4,1,2
7,8,3,True,True,1,37,10,0.0,afternoon,1.0,7.173,2,1,20,93.8861,4,56,3,3,9,True,1,True,6,1.0,16,5,True,3,46,general,False,False,5,6,4
7,8,3,True,True,1,32,10,0.0,morning,1.0,8.8726,2,5,21,99.7315,9,32,6,3,8,True,-3,False,7,1.0,20,4,True,3,5,general,False,False,4,7,3
7,8,3,False,True,9,42,10,0.0,morning,1.0,6.5294,2,7,4,92.3034,7,25,5,3,1,True,-3,True,7,1.0,1,4,True,4,37,general,False,False,4,4,1
7,8,3,True,True,3,38,10,0.0,morning,1.0,2.2212,3,6,11,97.0018,5,26,3,3,2,True,-4,False,7,1.4167,17,4,False,3,42,general,True,False,4,3,1
8,7,3,False,True,6,39,10,0.0,morning,1.0,6.5713,2,4,25,85.1078,7,42,6,3,5,True,0,True,4,1.0,18,4,False,4,23,ICU,True,False,4,7,6
7,7,3,True,True,9,47,10,0.0,evening,1.0,2.4812,2,3,10,95.6887,2,20,5,2,3,True,-1,False,7,1.4545,16,6,False,3,44,ICU,True,False,6,9,4
8,8,4,False,True,6,40,10,0.0,morning,1.0,0.9075,2,6,25,98.5886,6,40,2,3,1,True,-2,True,6,1.0,2,4,True,4,22,ICU,True,False,4,9,1
7,8,3,True,True,4,39,10,0.0,morning,1.0,4.2233,2,6,19,95.5099,5,50,4,3,2,True,-3,True,7,1.0,10,4,True,4,40,general,True,False,4,5,1
7,8,3,True,True,4,42,10,0.0,morning,1.0,1.0094,2,8,22,91.3253,2,35,2,3,8,True,0,False,7,1.0,2,4,,4,22,ICU,False,False,4,7,1
7,7,4,True,True,9,45,10,0.0,morning,1.0,4.9616,2,4,29,95.4944,4,44,6,3,5,True,1,True,7,1.0,1,4,False,3,39,general,False,False,4,4,8
7,8,3,False,True,8,43,10,0.0,morning,1.0,2.0952,2,4,25,97.4867,5,39,5,3,5,True,4,False,4,1.0,18,4,False,4,4,ICU,True,False,4,9,9
7,7,3,False,True,7,44,10,0.0,morning,5.0,7.8043,2,8,3,89.908,3,26,5,3,1,True,-3,True,7,5.75,21,3,False,4,9,general,False,False,3,7,1
7,7,3,False,True,5,42,10,0.0,evening,1.0,8.4753,2,9,12,89.6735,3,23,2,3,7,True,1,False,7,1.7692,23,4,True,4,41,general,True,False,4,3,4
7,7,4,False,True,2,41,10,0.0,afternoon,5.0,9.051,2,2,0,83.6063,1,18,4,3,4,True,0,False,2,10.0,24,3,True,3,8,general,False,False,3,2,4
7,7,3,True,True,7,40,10,0.0,evening,1.0,1.9946,2,2,15,95.4122,7,37,6,3,9,True,0,False,7,1.0,1,3,False,4,12,general,True,False,3,5,6
8,7,3,True,True,8,41,10,0.0,afternoon,1.0,7.9385,2,9,12,96.6863,7,32,1,3,2,True,0,False,7,2.1538,28,5,True,3,13,ICU,True,False,5,9,1
8,8,4,False,True,1,34,10,0.0,afternoon,1.0,6.5315,2,8,18,100.0,7,53,2,2,4,True,3,True,7,1.0,9,4,True,4,14,general,True,False,4,1,6
8,8,4,True,True,5,35,10,0.0,afternoon,1.0,4.3247,2,7,8,84.8718,10,44,3,2,4,True,-1,False,7,2.4444,22,4,True,3,4,general,True,False,4,1,2
8,8,3,True,True,2,35,10,0.0,morning,1.0,6.0155,2,6,19,93.782,7,52,2,3,3,True,-4,False,7,1.0,15,4,True,4,27,general,False,False,4,1,1
8,8,3,False,True,9,48,10,0.0,morning,1.8571,3.7541,2,5,13,99.9981,1,17,4,3,9,True,-1,False,5,1.8571,26,4,True,4,12,ICU,False,False,4,3,3
7,7,4,True,True,2,41,10,0.0,afternoon,1.0,6.1995,2,8,20,96.2764,1,36,1,3,9,True,0,True,7,1.0,9,3,False,3,44,general,False,False,3,7,1
7,8,3,True,True,9,48,10,0.0,afternoon,1.0,4.2545,2,9,25,99.7372,1,15,5,2,9,True,0,True,7,1.0,3,3,False,3,37,ICU,True,False,3,6,5
7,7,3,False,True,2,39,10,0.0,afternoon,1.0,5.9334,2,6,4,97.5518,3,49,5,3,9,True,0,True,6,1.0,1,4,True,4,39,ICU,True,False,4,7,5
7,7,3,True,True,5,38,10,0.0,evening,1.0,5.1124,2,9,19,96.1559,7,38,2,3,1,True,0,True,7,1.05,19,4,False,4,20,ICU,False,False,4,4,2
7,6,3,True,True,4,38,10,0.0,evening,1.0,8.0649,2,2,7,99.9981,6,41,4,3,8,True,-4,True,7,2.125,15,5,True,3,40,ICU,True,False,5,5,1
7,6,3,False,True,6,39,10,0.0,morning,2.0,1.3326,2,8,0,92.7223,7,35,1,2,2,True,1,True,7,4.0,2,6,True,4,46,ICU,True,False,6,7,2
7,6,3,True,True,5,38,10,0.0,evening,1.0,1.1322,2,2,24,96.4548,7,15,2,3,1,True,0,True,7,1.0,14,3,False,4,40,ICU,True,False,3,4,1
7,9,3,False,True,1,35,10,0.0,morning,1.0,0.0,2,10,11,90.0078,6,17,3,3,7,True,0,True,7,2.0833,23,2,True,4,34,general,True,False,2,2,4
7,8,3,False,True,8,42,10,0.0,evening,2.2857,4.3503,3,3,6,95.0713,6,33,1,3,1,True,0,True,3,4.2857,28,4,True,4,9,general,False,False,4,7,1
8,8,4,True,True,4,39,10,0.0,morning,1.0,8.8616,2,4,11,98.7414,5,57,1,3,4,True,4,True,7,1.5,16,2,True,4,26,ICU,True,False,2,4,5
8,7,3,False,True,9,43,10,0.0,evening,5.0,5.4523,2,1,1,99.6991,6,16,2,3,5,True,0,False,1,10.0,29,5,False,3,25,ICU,False,False,5,3,3
7,8,3,True,True,8,45,10,0.0,morning,1.0,7.7648,2,1,12,99.7537,3,19,4,3,9,True,1,True,6,1.6923,20,4,False,4,10,ICU,True,False,4,3,6
7,7,3,False,True,9,41,10,0.0,afternoon,1.0,0.9998,2,1,29,99.9891,8,44,3,3,8,True,-4,False,1,1.0,5,3,False,4,18,general,False,False,3,3,1
7,7,3,True,True,7,39,10,0.0,afternoon,1.0,6.6661,3,4,23,89.4241,8,46,2,2,9,True,0,True,7,1.0,4,4,True,3,26,general,True,False,4,8,2
7,8,3,False,True,1,33,10,0.0,afternoon,1.0,6.8408,2,2,8,97.8239,8,49,1,3,6,True,1,False,2,1.4444,13,4,,4,8,general,True,False,4,1,2
8,8,3,True,True,8,39,10,0.0,afternoon,1.0,3.4089,2,6,21,99.5952,9,46,4,3,7,True,-1,False,7,1.2273,27,5,True,4,16,general,True,False,5,9,3
8,7,4,False,True,9,45,10,0.0,morning,1.0,7.6593,3,2,3,100.0,4,55,3,2,5,True,2,False,2,3.0,12,3,True,4,37,ICU,True,False,3,4,6
7,8,4,True,True,7,40,10,0.0,afternoon,1.0,3.0965,2,2,9,92.0018,7,34,5,3,1,True,2,False,7,1.2,12,4,False,3,12,ICU,False,False,4,6,8
7,7,4,False,True,1,40,10,0.0,afternoon,1.0,9.1322,2,8,29,92.9166,1,39,3,3,6,True,1,False,7,1.0,25,4,False,3,36,general,False,False,4,4,5
7,6,3,True,True,8,40,10,0.0,evening,1.0,2.0758,2,9,11,99.8702,8,17,4,2,9,True,0,False,7,1.0833,13,2,True,4,48,ICU,True,False,2,9,4
7,7,4,False,True,3,39,10,0.0,afternoon,1.0,6.9921,2,4,5,98.2544,4,47,6,3,8,True,-4,True,4,3.5,19,4,,4,31,general,True,False,4,9,2
8,8,3,False,True,2,34,10,0.0,evening,1.0,2.9771,2,4,27,92.9183,8,50,3,3,2,True,3,False,4,1.0,2,3,False,3,13,general,False,False,3,4,6
7,7,3,True,True,8,45,10,0.0,morning,2.8571,2.0892,2,8,6,95.8815,3,60,2,3,6,True,2,True,7,2.8571,18,4,True,3,45,general,False,False,4,8,5
7,8,3,False,True,8,40,10,0.0,afternoon,1.0,2.569,2,9,25,96.2128,8,20,3,3,4,True,-3,False,7,1.0,17,5,False,3,47,ICU,True,False,5,5,1
7,7,4,False,True,3,41,10,0.0,evening,1.0,3.03,2,4,19,99.7566,2,34,4,3,2,True,0,False,4,1.2,24,3,False,3,4,general,True,False,3,1,4
7,8,3,False,True,7,41,10,0.0,morning,1.0,2.0547,2,6,25,97.8025,6,38,5,3,7,True,0,False,6,1.0,2,3,False,3,22,general,False,False,3,8,5
7,7,3,False,True,4,42,10,0.0,evening,1.0,1.8423,2,5,15,96.3828,2,37,4,3,5,True,0,False,5,1.75,28,3,True,4,4,ICU,False,False,3,9,3
8,7,4,True,True,5,39,10,0.0,evening,1.0,0.77,2,4,14,97.9209,6,52,1,3,1,True,0,False,7,1.7333,26,3,True,4,46,ICU,False,False,3,7,1
7,8,4,False,True,1,38,10,0.0,afternoon,1.0,2.2592,3,5,13,99.875,3,46,3,3,5,True,0,True,5,1.0,10,2,False,4,29,general,True,False,2,2,3
7,7,4,True,True,5,36,10,0.0,afternoon,1.0,2.6703,2,5,11,98.0249,9,47,5,3,6,True,0,True,7,1.1667,12,3,False,3,35,ICU,False,False,3,1,5
6,8,4,True,True,5,37,10,0.0,morning,1.2,9.432,2,5,24,96.5305,8,46,4,2,8,True,0,True,7,1.2,28,5,,3,36,general,False,False,5,7,4
7,7,4,True,True,1,39,10,0.0,evening,1.0,7.627,2,5,21,95.2085,2,37,2,3,6,True,3,False,7,1.0,4,4,True,3,34,general,True,False,4,2,6
7,7,3,True,True,3,39,10,0.0,morning,1.0,4.0033,3,2,14,94.7464,4,51,1,3,9,True,0,False,7,1.0,4,2,False,3,42,general,True,False,2,9,1
6,7,4,True,True,2,38,10,0.0,morning,1.0,6.1085,2,2,11,95.4695,4,38,2,3,7,True,-2,False,7,1.0,7,3,False,4,6,ICU,False,False,3,7,1
7,7,3,True,True,9,41,10,0.0,morning,1.0,2.2934,2,3,8,95.153,8,40,1,3,9,True,0,False,7,2.4444,22,4,True,3,34,general,True,False,4,2,1
7,8,4,False,True,3,42,10,0.0,afternoon,1.0,7.9881,2,3,16,92.6712,1,59,1,2,6,True,-2,False,3,1.4118,24,5,False,4,44,general,True,False,5,1,1
7,8,3,False,True,8,41,10,0.0,afternoon,1.0,1.6958,3,2,21,98.6944,7,28,5,3,7,True,1,False,2,1.0,20,5,False,4,21,ICU,False,False,5,1,7
8,8,3,False,True,2,40,10,0.0,evening,1.0,7.6818,2,6,4,100.0,2,52,3,3,5,True,2,False,6,4.8,24,3,False,4,26,ICU,True,False,3,4,5
8,7,3,False,True,5,36,10,0.0,afternoon,1.0,6.7144,2,4,1,99.7842,9,51,3,2,3,True,0,True,4,1.5,1,4,True,4,19,general,False,False,4,8,3
6,7,4,False,True,5,44,10,0.0,evening,1.0,7.9314,3,5,25,95.4417,1,49,5,2,3,True,2,False,5,1.0,20,5,True,4,10,ICU,False,False,5,9,8
7,7,3,True,True,9,46,10,0.0,morning,2.8182,5.7074,2,8,10,97.7401,3,53,2,3,9,True,-4,True,7,2.8182,29,5,False,4,39,ICU,False,False,5,7,1
7,7,3,True,True,8,44,10,0.0,evening,1.0,10.0,2,7,8,95.6071,4,56,1,3,6,True,-1,False,7,1.3333,12,4,False,4,14,general,False,False,4,9,1
7,7,3,True,True,5,41,10,0.0,morning,1.0,2.0484,2,3,3,99.761,4,34,5,3,5,True,-2,False,7,1.0,1,4,False,4,38,general,True,False,4,8,2
7,8,3,True,True,3,42,10,0.0,afternoon,1.0,9.7322,2,1,19,96.4903,1,41,4,3,5,True,3,True,6,1.0,13,3,True,3,19,ICU,False,False,3,2,8
7,8,3,True,True,7,39,10,0.0,evening,1.0,5.1776,2,6,17,97.6462,8,29,4,3,8,True,-2,False,7,1.0,10,4,False,4,46,general,True,False,4,7,2
7,8,3,True,True,8,41,10,0.0,evening,1.0,5.4523,2,7,27,94.8725,7,51,1,2,6,True,1,True,7,1.1071,29,5,False,4,13,ICU,False,False,5,1,2
7,7,3,False,True,2,33,10,0.0,morning,1.0,6.9682,2,6,26,90.483,9,18,5,3,8,True,-3,True,6,1.0,12,4,False,4,36,ICU,False,False,4,5,1
7,8,3,False,True,5,39,10,0.0,afternoon,3.2,3.5546,2,4,4,97.2154,6,50,4,3,9,True,0,False,4,4.2,21,3,True,4,38,general,False,False,3,5,4
8,8,3,False,True,7,42,10,0.0,morning,1.0,2.2464,3,5,11,94.5591,5,16,4,3,8,True,1,True,5,2.1667,24,6,False,3,10,general,True,False,6,1,6
7,8,3,True,True,4,37,10,0.0,afternoon,1.0,8.7035,2,2,12,99.9062,7,31,3,3,1,True,4,False,7,1.0769,14,5,False,4,33,ICU,True,False,5,7,7
8,7,3,True,True,9,47,10,0.0,afternoon,1.0,5.3219,2,6,17,99.8323,2,52,1,3,1,True,1,True,7,1.7778,30,4,False,3,18,general,True,False,4,2,3
7,7,3,True,True,3,39,10,0.0,evening,1.0,4.731,2,6,29,90.7753,4,47,3,2,4,True,0,True,7,1.0,8,4,False,4,28,ICU,False,False,4,1,2
7,7,4,False,True,8,42,10,0.0,afternoon,1.0,6.1388,2,2,6,90.8138,6,44,2,2,3,True,0,True,2,1.0,1,3,True,4,38,general,False,False,3,1,3
7,8,3,False,True,6,43,10,0.0,evening,1.0,3.1619,2,7,8,94.111,3,40,2,3,3,True,2,True,7,1.0,3,6,True,4,48,general,False,False,6,6,4
7,6,3,False,True,4,37,10,0.0,afternoon,1.0,5.6436,2,4,12,90.3628,7,57,1,3,1,True,0,True,4,1.0,9,6,,4,41,ICU,False,False,6,1,2
7,8,3,False,True,6,37,10,0.0,morning,1.0,5.5837,2,3,14,98.1888,9,19,2,3,3,True,-3,False,3,1.0,13,5,False,3,38,ICU,False,False,5,9,1
7,8,3,True,True,4,41,10,0.0,morning,1.0,0.756,2,10,17,87.2433,3,46,5,3,1,True,2,True,7,1.0,13,5,True,4,26,ICU,False,False,5,3,7
7,7,3,True,True,5,39,10,0.0,afternoon,2.6667,6.4855,2,7,2,98.9718,6,36,1,3,4,True,-4,False,7,5.6667,17,5,True,3,7,general,True,False,5,8,1
7,8,3,True,True,4,41,10,0.0,afternoon,1.0,5.568,2,3,25,100.0,3,57,2,3,4,True,3,True,7,1.0,3,5,True,5,24,ICU,True,False,5,1,6
7,7,4,True,True,4,40,10,0.0,afternoon,2.1667,0.6708,2,9,5,98.2429,4,41,2,3,1,True,-1,True,7,5.1667,29,5,True,4,4,ICU,True,False,5,9,1
6,7,4,False,True,5,39,10,0.0,evening,1.0,2.2184,2,4,7,88.3027,6,23,6,3,4,True,-3,True,4,1.625,11,3,True,4,25,general,False,False,3,1,2
7,7,4,True,True,5,40,10,0.0,morning,1.0,0.0,2,1,8,98.8848,5,44,4,3,5,True,0,False,6,1.6667,15,8,True,4,19,ICU,True,False,8,6,4
7,8,3,False,True,8,47,10,0.0,evening,1.0,5.001,2,3,10,99.9612,1,24,3,2,1,True,0,True,3,1.0,3,2,False,3,22,general,False,False,2,3,3
7,8,3,False,True,1,32,10,0.0,afternoon,1.0,8.4775,2,1,11,95.4539,9,56,6,3,6,True,1,False,1,1.25,15,2,True,3,9,ICU,False,False,2,5,8
7,8,4,True,True,8,45,10,0.0,evening,1.0,2.4032,2,4,21,91.8051,3,28,5,3,1,True,-2,True,7,1.0,6,3,True,4,15,general,False,False,3,6,3
7,7,3,True,True,7,45,10,0.0,morning,1.0,9.0253,2,5,27,99.9897,2,15,3,3,2,True,0,True,7,1.0,16,5,True,3,5,general,True,False,5,8,3
7,7,3,True,True,2,35,10,0.0,morning,1.0,3.9416,2,3,21,99.9597,7,50,4,3,5,True,4,False,7,1.1818,26,7,False,4,12,general,True,False,7,8,8
7,8,3,True,True,2,38,10,0.0,afternoon,1.0,3.3946,2,5,26,99.7157,4,21,3,2,4,True,-2,False,7,1.0741,29,5,True,3,49,ICU,False,False,5,5,1
6,8,3,True,True,8,41,10,0.0,evening,1.0,7.2045,2,2,18,89.1448,7,53,2,3,2,True,-2,False,7,1.0,11,3,True,4,28,general,False,False,3,10,1
7,7,3,True,True,1,36,10,0.0,morning,1.0,4.7608,2,6,5,99.7601,5,22,6,3,1,True,1,False,7,2.8333,17,5,True,4,25,ICU,True,False,5,4,7
7,7,3,True,True,8,44,10,0.0,evening,1.0,9.9938,2,1,25,86.5431,4,59,1,3,9,True,3,True,6,1.0,17,5,False,4,24,general,False,False,5,3,5
8,6,4,False,True,1,32,10,0.0,evening,1.0,1.0891,2,7,23,93.6358,9,29,6,3,5,True,3,True,7,1.2917,29,3,True,3,31,ICU,False,False,3,3,10
7,8,3,False,True,2,38,10,0.0,afternoon,3.5,8.7034,3,5,3,95.7123,4,58,6,3,5,True,-2,False,5,4.5,18,5,False,4,32,ICU,False,False,5,8,4
7,8,3,False,True,8,41,10,0.0,morning,1.0,8.8047,2,6,29,100.0,7,47,1,2,10,True,1,False,6,1.0,23,3,False,4,33,ICU,False,False,3,7,3
7,8,4,False,True,9,46,10,0.0,afternoon,1.0,2.4708,2,1,9,99.9728,3,53,6,3,4,True,-2,False,1,1.0,8,6,True,3,34,ICU,False,False,6,6,3
7,7,3,True,True,2,35,10,0.0,evening,1.0,0.1342,2,2,22,94.9851,7,37,5,3,4,True,-3,True,7,1.0,4,5,False,4,14,general,False,False,5,9,2
6,7,3,False,True,4,42,10,0.0,afternoon,1.0,6.9634,2,4,20,93.1889,2,36,2,3,7,True,1,False,4,1.0,4,4,True,3,39,general,True,False,4,5,4
7,7,3,False,True,3,40,10,0.0,evening,1.0,1.4752,2,3,21,92.263,3,37,4,3,3,True,3,False,3,1.0,5,3,True,3,28,ICU,False,False,3,2,8
7,7,3,False,True,3,41,10,0.0,evening,1.0,6.6299,2,5,7,98.2648,2,16,6,3,3,True,1,True,5,2.75,20,4,False,3,34,ICU,False,False,4,3,7
7,7,4,False,True,9,40,10,0.0,morning,1.0,2.1686,2,7,13,95.354,9,18,2,2,3,True,-3,False,7,1.3571,19,5,False,3,12,general,True,False,5,3,1
7,8,3,False,True,4,38,10,0.0,morning,1.0,4.5499,2,8,13,98.5434,6,20,4,3,6,True,0,True,7,1.7857,23,6,False,4,40,ICU,True,False,6,8,4
7,7,4,True,True,3,35,10,0.0,morning,1.0,4.7864,2,6,24,97.7486,8,19,1,3,7,True,-2,False,7,1.0,24,6,False,3,10,general,True,False,6,4,1
7,8,4,True,True,8,39,10,0.0,evening,1.0,8.7755,2,3,26,90.2001,9,52,5,3,2,True,-2,False,7,1.0,13,2,,3,45,ICU,False,False,2,8,2
7,7,3,False,True,5,43,10,0.0,evening,2.5,2.1071,2,9,3,93.8844,2,27,4,3,2,True,2,False,7,4.5,18,4,False,3,27,general,False,False,4,6,7
7,7,3,True,True,1,34,10,0.0,afternoon,1.0,2.54,2,3,23,95.2289,7,29,3,3,7,True,-2,True,7,1.0,7,4,,4,51,ICU,True,False,4,9,1
7,7,4,True,True,8,43,10,0.0,evening,1.0,4.8809,2,1,16,98.5866,5,47,2,3,9,True,0,False,6,1.0,12,5,True,4,4,general,False,False,5,7,2
7,8,3,True,True,4,39,10,0.0,morning,1.8182,3.1145,2,1,10,99.6302,5,32,4,3,9,True,0,True,6,1.8182,18,3,True,4,4,general,False,False,3,7,4
7,7,3,False,True,8,40,10,0.0,morning,1.0,5.502,2,3,5,100.0,8,35,3,3,1,True,0,False,3,1.0,2,4,False,4,39,ICU,False,False,4,5,3
8,8,3,False,True,1,32,10,0.0,evening,1.0,5.67,2,3,17,97.9696,9,27,1,3,10,True,2,True,3,1.1667,19,4,,3,35,ICU,False,False,4,4,3
7,8,3,False,True,1,37,10,0.0,afternoon,1.0,5.5809,2,7,25,87.5234,4,36,6,3,5,True,-2,False,7,1.0,26,6,False,3,5,ICU,False,False,6,9,3
7,7,3,False,True,6,36,10,0.0,evening,1.0,2.464,2,7,12,96.8675,10,38,2,3,7,True,-3,False,7,1.0,6,5,True,3,38,general,False,False,5,6,1
7,7,3,False,True,9,46,10,0.0,afternoon,1.0,8.972,2,1,24,97.8241,3,49,4,3,3,True,0,True,1,1.04,24,5,True,4,21,general,True,False,5,4,4
7,7,3,False,True,1,37,10,0.0,evening,1.0,1.7771,2,8,12,97.3019,4,27,1,2,4,True,-4,True,7,1.1538,13,2,True,3,45,ICU,True,False,2,2,1
7,7,3,False,True,4,42,10,0.0,morning,1.0,3.5511,2,3,24,95.6062,2,31,6,3,8,True,1,False,3,1.0,14,4,True,4,51,general,False,False,4,5,7
7,7,3,False,True,8,44,10,0.0,afternoon,1.0,0.5201,2,9,6,99.8826,4,49,2,2,8,True,3,False,7,1.0,4,6,True,3,39,ICU,True,False,6,1,6
7,7,4,False,True,4,41,10,0.0,evening,1.0,5.3288,2,9,25,97.9989,3,32,2,3,3,True,-3,True,7,1.0,4,1,False,4,12,general,False,False,1,6,1
7,8,3,False,True,8,45,10,0.0,afternoon,2.4,9.6667,2,7,4,96.8928,3,32,4,2,5,True,0,False,7,3.4,17,5,False,3,13,general,False,False,5,2,4
7,7,4,False,True,5,43,10,0.0,afternoon,1.0,3.2542,2,1,28,99.6792,2,35,5,3,10,True,3,True,1,1.0,2,4,True,3,31,general,True,False,4,9,8
7,8,3,True,True,8,47,10,0.0,evening,1.0,0.5285,2,5,7,96.2573,1,24,1,2,2,True,0,False,7,2.125,17,3,,4,49,general,False,False,3,5,1
7,7,3,True,True,6,38,10,0.0,evening,1.0,6.8759,2,6,15,94.0708,8,51,6,3,2,True,-4,True,7,1.0,6,3,True,3,8,ICU,False,False,3,3,2
7,8,3,True,True,2,34,10,0.0,evening,1.0,2.1354,2,7,29,97.5702,8,36,2,3,9,True,1,True,7,1.0,27,4,True,4,38,general,True,False,4,5,3
7,9,3,False,True,4,43,10,0.0,morning,1.0,0.1643,2,9,19,90.9699,1,18,5,3,8,True,2,False,7,1.0,16,4,False,4,37,ICU,False,False,4,1,7
8,8,3,True,True,1,34,10,0.0,evening,1.0,1.2137,2,9,25,95.9427,7,59,3,2,4,True,0,False,7,1.0,4,3,False,4,15,general,True,False,3,8,3
7,8,3,True,True,5,44,10,0.0,afternoon,1.0,7.9741,2,7,10,89.616,1,25,4,3,1,True,-2,True,7,1.0,9,5,False,4,10,general,True,False,5,1,2
6,7,3,True,True,9,43,10,0.0,morning,1.0,8.8964,3,6,25,88.4318,6,19,4,2,8,True,1,False,7,1.0,2,4,True,4,9,general,False,False,4,3,6
7,8,3,False,True,8,45,10,0.0,morning,1.0,5.0037,2,1,19,100.0,3,22,5,3,5,True,0,False,1,1.0,2,3,True,4,10,ICU,False,False,3,3,5
7,7,4,True,True,3,36,10,0.0,afternoon,1.0,0.2817,2,1,16,95.6876,7,54,3,3,1,True,4,False,6,1.0,17,6,,3,23,general,True,False,6,8,7
7,6,4,True,True,1,40,10,0.0,evening,1.0,1.2429,2,5,12,93.4857,1,27,3,2,5,True,-3,True,7,1.0,6,3,True,4,23,ICU,False,False,3,8,1
8,7,4,True,True,2,39,10,0.0,afternoon,4.75,3.738,2,8,3,99.9117,3,24,4,3,5,True,3,False,7,5.75,23,4,True,3,41,general,False,False,4,5,7
6,8,3,True,True,2,38,10,0.0,morning,1.0,1.8734,2,5,15,97.7457,4,33,5,3,7,True,-3,False,7,1.0,8,2,,4,38,general,True,False,2,9,2
7,7,3,True,True,6,40,10,0.0,morning,1.0,8.4334,2,9,17,99.979,6,44,6,3,7,True,0,True,7,1.5556,26,4,True,3,27,general,True,False,4,6,7
7,7,4,True,True,5,36,10,0.0,afternoon,5.0,9.0503,2,8,2,86.2983,9,56,6,3,1,True,0,False,7,8.0,24,3,True,4,19,general,False,False,3,5,6
7,7,3,False,True,3,38,10,0.0,evening,1.0,3.9362,2,3,13,89.4248,5,22,5,2,8,True,0,False,3,1.0,11,6,False,4,31,ICU,True,False,6,1,5
8,7,4,True,True,8,41,10,0.0,evening,1.0,0.4451,2,3,26,91.4202,7,59,5,3,1,True,0,True,7,1.1481,29,5,True,4,12,ICU,False,False,5,3,6
7,8,3,False,True,2,36,10,0.0,morning,1.0,6.5779,2,2,11,93.9765,6,32,1,3,5,True,4,False,2,1.0,4,4,False,3,21,ICU,False,False,4,7,5
7,7,3,False,True,7,43,10,0.0,afternoon,1.0,7.8527,2,9,30,99.8621,4,28,2,2,6,True,3,False,7,1.0,28,5,False,4,13,general,True,False,5,4,5
7,8,4,True,True,5,44,10,0.0,afternoon,1.0,7.9887,2,8,29,95.797,1,41,2,3,5,True,-1,False,7,1.0,16,4,True,3,7,ICU,True,False,4,9,1
7,8,3,True,True,7,41,10,0.0,morning,1.0,6.7695,2,5,21,98.5991,6,17,2,3,6,True,-1,True,7,1.0,1,2,False,4,20,ICU,False,False,2,3,1
7,7,4,True,True,2,35,10,0.0,evening,1.0,6.4244,2,6,19,92.9502,7,37,1,3,9,True,-2,True,7,1.3,24,5,True,3,30,general,True,False,5,5,1
7,9,3,False,True,7,42,10,0.0,morning,1.0,5.2506,2,4,18,94.7611,5,40,3,3,3,True,0,True,4,1.0,8,5,False,4,34,general,True,False,5,3,4
7,7,3,True,True,1,40,10,0.0,evening,1.0,9.7794,2,9,17,93.5271,1,58,1,2,9,True,0,False,7,1.3333,24,4,False,4,39,general,False,False,4,1,2
7,7,4,False,True,5,41,10,0.0,morning,1.0,1.9892,2,5,19,99.1965,4,15,5,3,9,True,0,True,5,1.0,8,4,False,4,40,general,True,False,4,9,5
7,8,4,False,True,4,41,10,0.0,evening,1.0,9.9188,2,8,20,99.9802,3,44,5,3,7,True,1,False,7,1.0,18,4,False,4,20,ICU,True,False,4,7,7
7,7,4,True,True,1,33,10,0.0,morning,1.0,5.6963,2,1,21,99.8497,8,22,3,3,1,True,3,True,6,1.0909,22,6,False,3,40,general,True,False,6,7,6
8,8,4,False,True,5,41,10,0.0,afternoon,1.0,3.7217,2,5,23,92.2748,4,17,2,2,7,True,3,False,5,1.0,9,5,False,4,39,general,False,False,5,8,5
7,7,3,True,True,1,40,10,0.0,afternoon,1.0,6.2628,2,1,10,92.2015,1,55,2,3,5,True,0,True,6,1.0,6,5,True,4,13,ICU,True,False,5,5,2
7,8,3,False,True,1,39,10,0.0,morning,1.0,8.5965,2,8,12,99.8953,2,27,2,3,3,True,0,True,7,2.3077,28,4,,3,19,ICU,True,False,4,6,3
7,7,3,True,True,8,41,10,0.0,evening,5.0,2.3327,2,3,0,92.8527,7,49,5,2,9,True,-3,True,7,10.0,24,7,True,4,32,general,False,False,7,8,2
7,7,3,True,True,8,46,10,0.0,morning,1.0,6.6596,3,4,27,93.9105,2,46,5,3,5,True,2,True,7,1.0,15,3,True,3,38,ICU,False,False,3,2,8
7,7,3,False,True,4,43,10,0.0,afternoon,1.0,9.56,2,4,21,95.3435,1,56,5,3,2,True,1,False,4,1.1364,25,4,True,4,18,ICU,True,False,4,6,6
7,6,4,True,True,5,36,10,0.0,afternoon,1.0,9.4776,2,4,27,99.861,9,44,4,3,4,True,1,False,7,1.0,22,6,,4,11,ICU,False,False,6,5,5
7,8,3,True,True,1,36,10,0.0,afternoon,1.0,5.7345,3,8,18,98.0627,5,15,5,3,9,True,0,True,7,1.3158,23,4,False,4,9,general,False,False,4,3,5
7,8,3,True,True,3,40,10,0.0,afternoon,1.0,8.5855,2,2,29,94.914,3,38,4,3,8,True,-3,False,7,1.0,14,5,True,4,21,ICU,True,False,5,3,1
8,7,3,True,True,8,44,10,0.0,evening,1.0,3.035,2,3,12,99.7448,4,25,2,2,2,True,-2,False,7,1.6154,21,3,,4,24,general,False,False,3,9,1
7,8,3,False,True,7,46,10,0.0,evening,1.0,0.0715,2,6,28,98.4585,1,43,3,2,4,True,-3,True,6,1.0,5,5,False,3,47,ICU,True,False,5,9,1
7,7,3,False,True,3,37,10,0.0,afternoon,1.0,7.6325,2,2,10,98.6657,6,25,3,3,4,True,0,True,2,1.0,6,2,True,4,10,general,False,False,2,7,3
7,7,3,False,True,8,42,10,0.0,morning,1.0,2.6171,2,6,27,91.0811,6,55,4,3,1,True,-2,True,6,1.0,18,5,False,3,14,general,False,False,5,5,1
7,7,3,True,True,9,43,10,0.0,morning,1.0,5.9293,2,6,16,95.9352,6,57,2,3,1,True,1,True,7,1.0,15,3,True,3,36,ICU,False,False,3,2,3
7,8,4,True,True,9,42,10,0.0,morning,1.0,8.8051,2,8,20,92.1072,7,41,6,3,3,True,2,False,7,1.0,10,6,True,3,12,ICU,False,False,6,8,8
7,8,3,False,True,2,40,10,0.0,evening,1.0,2.0769,2,6,9,100.0,2,49,4,3,3,True,1,False,6,1.2,12,5,False,3,29,general,True,False,5,6,6
7,7,4,True,True,4,37,10,0.0,afternoon,1.0,0.3944,2,9,8,99.7674,7,23,5,2,8,True,4,True,7,1.0,5,6,,4,38,general,True,False,6,4,9
7,7,3,True,True,4,35,10,0.0,evening,1.0,5.31,2,4,11,97.0403,9,23,3,3,2,True,0,False,7,2.1667,26,5,True,3,48,ICU,True,False,5,4,3
7,7,3,False,True,2,40,10,0.0,evening,1.0,1.6317,2,7,4,92.9504,2,56,3,3,6,True,-1,False,7,1.2,6,5,True,3,45,ICU,True,False,5,9,1
7,8,3,False,True,5,38,10,0.0,morning,1.0,7.6974,2,2,13,95.1027,7,35,6,3,2,True,2,True,2,1.0,6,4,False,4,9,ICU,True,False,4,8,8
8,7,3,True,True,3,42,10,0.0,afternoon,1.0,0.2977,2,1,19,99.1288,1,50,4,2,6,True,-4,True,6,1.55,29,5,False,4,32,ICU,False,False,5,3,1
8,7,3,False,True,7,42,10,0.0,morning,1.0,1.9606,2,10,16,96.4868,5,17,5,3,4,True,-2,False,7,1.0,9,3,False,4,30,general,False,False,3,5,2
8,6,3,True,True,4,40,10,0.0,evening,1.0,2.5647,2,1,17,93.3275,4,25,1,3,1,True,1,False,6,1.2222,22,5,True,4,12,general,False,False,5,9,3
7,7,4,True,True,1,31,10,0.0,morning,1.0,9.1684,2,8,11,100.0,10,35,1,3,9,True,-1,False,7,1.0,10,6,,4,46,ICU,False,False,6,8,1
7,8,3,True,True,1,36,10,0.0,evening,1.0,2.3759,3,5,20,96.2607,5,58,4,3,3,True,4,False,7,1.0,15,4,False,4,22,general,False,False,4,7,8
7,7,3,False,True,8,46,10,0.0,evening,1.0,4.1709,2,6,27,100.0,2,35,2,3,6,True,-1,False,6,1.0,13,6,True,3,26,ICU,False,False,6,4,1
7,7,3,False,True,1,33,10,0.0,morning,1.0,0.3957,2,8,23,99.1301,8,60,2,3,2,True,-3,False,7,1.0,7,4,True,3,42,ICU,False,False,4,7,1
7,8,3,True,True,7,41,10,0.0,morning,1.0,1.2913,3,3,15,99.9183,6,34,2,2,5,True,-4,True,7,1.0,8,2,False,4,10,ICU,False,False,2,3,1
6,7,4,False,True,6,37,10,0.0,morning,1.0,6.1518,2,8,26,93.9477,9,38,4,3,8,True,-1,False,7,1.0,14,4,True,4,41,ICU,True,False,4,9,3
7,7,3,False,True,9,43,10,0.0,morning,1.0,5.733,2,9,22,94.6338,6,40,1,3,3,True,1,True,7,1.0,13,7,False,3,29,ICU,False,False,7,1,3
7,7,3,True,True,2,41,10,0.0,afternoon,5.0,0.5566,3,6,3,87.1976,1,41,6,3,8,True,4,True,7,7.0,26,6,True,4,15,ICU,False,False,6,2,10
7,8,3,False,True,4,41,10,0.0,evening,1.0,7.462,2,8,10,93.6437,3,22,3,3,9,True,1,True,7,1.9091,19,4,True,3,35,ICU,True,False,4,2,4
7,8,3,False,True,3,40,10,0.0,afternoon,1.0,5.1199,2,2,14,99.9865,3,54,1,3,2,True,-2,True,2,1.0,12,4,False,3,24,ICU,False,False,4,1,1
7,9,4,False,True,4,36,10,0.0,afternoon,1.0,0.2243,2,7,30,92.7438,8,26,5,3,1,True,-1,True,7,1.0323,30,5,False,4,35,general,False,False,5,9,4
7,6,3,True,True,5,41,10,0.0,afternoon,1.0,9.8415,2,3,5,89.0736,4,48,1,3,6,True,3,True,7,1.0,1,3,,3,12,general,True,False,3,3,4
8,7,3,True,True,6,45,10,0.0,evening,1.0,5.5401,2,8,10,93.2708,1,51,4,3,2,True,-1,True,7,1.0,1,6,True,3,22,general,False,False,6,7,3
7,7,3,True,True,9,41,10,0.0,morning,1.9286,6.6769,2,7,13,99.8261,8,41,3,3,9,True,-1,True,7,1.9286,25,3,True,3,11,ICU,False,False,3,2,1
7,7,3,False,True,5,41,10,0.0,evening,1.0,1.3887,2,5,26,97.0382,4,15,1,3,8,True,0,True,5,1.1852,30,3,True,4,37,ICU,True,False,3,2,1
7,7,3,False,True,5,35,10,0.0,afternoon,5.0,3.6149,2,7,2,93.9816,10,56,2,3,9,True,-2,True,7,8.6667,24,6,,3,41,general,False,False,6,5,1
7,8,3,True,True,5,42,10,0.0,morning,1.4118,3.7584,2,1,16,99.0836,3,55,5,3,7,True,-1,True,6,1.4118,22,2,True,3,11,ICU,False,False,2,1,4
7,7,4,True,True,6,37,10,0.0,morning,1.1739,5.5952,2,5,22,99.8051,9,58,6,3,5,True,-2,True,7,1.1739,25,3,False,4,23,general,False,False,3,6,3
7,8,4,True,True,9,44,10,0.0,afternoon,1.0,2.4578,2,3,21,98.0245,5,58,2,2,1,True,-3,True,7,1.0,8,5,False,3,9,ICU,True,False,5,4,1
8,7,3,False,True,4,38,10,0.0,morning,1.2667,5.1881,2,6,14,98.373,6,26,3,3,9,True,2,True,6,1.2667,17,5,True,4,31,general,False,False,5,7,6
8,8,3,True,True,9,43,10,0.0,afternoon,5.0,9.5004,2,9,1,94.3859,6,23,5,3,1,True,-1,True,7,10.0,21,3,,4,24,ICU,False,False,3,7,3
7,7,3,True,True,3,35,10,0.0,afternoon,1.0,8.81,2,9,3,89.9874,8,47,4,2,2,True,3,False,7,1.25,5,5,True,3,51,general,False,False,5,8,8
7,7,3,False,True,4,40,10,0.0,morning,1.0,10.0,2,1,11,98.7689,4,51,4,2,3,True,4,False,1,1.0,1,4,True,4,49,general,False,False,4,6,8
7,6,4,True,True,6,39,10,0.0,evening,1.0,8.7258,3,7,20,90.7742,7,48,2,3,1,True,0,False,7,1.0,11,4,,3,47,general,False,False,4,4,2
7,7,3,False,True,1,38,10,0.0,morning,1.2857,4.884,2,4,20,95.4975,3,37,3,3,5,True,-2,True,4,1.2857,25,3,True,3,28,general,False,False,3,5,1
7,9,4,False,True,4,38,10,0.0,afternoon,1.0,6.1112,2,7,14,95.1167,6,42,2,2,1,True,-4,False,7,1.0,8,5,True,4,27,ICU,False,False,5,6,1
7,7,3,False,True,4,41,10,0.0,evening,1.0,2.796,2,1,28,92.4796,3,50,3,3,7,True,-2,True,1,1.0,21,5,True,3,12,ICU,True,False,5,8,1
7,7,3,True,True,9,48,10,0.0,afternoon,1.0,4.3144,2,6,2,91.7351,1,51,6,3,6,True,4,True,7,2.6667,6,4,,3,7,ICU,True,False,4,9,10
7,7,3,False,True,6,41,10,0.0,evening,1.0,5.9133,2,9,17,97.999,5,25,1,3,6,True,3,False,7,1.0,11,4,False,3,41,general,True,False,4,6,5
7,9,3,False,True,2,39,10,0.0,morning,5.0,0.8434,2,4,1,96.4406,3,45,6,2,7,True,-2,False,4,6.0,12,6,True,4,20,ICU,False,False,6,2,3
7,7,4,False,True,9,47,10,0.0,morning,1.0,7.8011,3,1,25,96.1786,2,51,1,3,4,True,0,True,1,1.0,13,3,True,4,17,general,False,False,3,9,1
7,7,3,False,True,8,47,10,0.0,morning,1.2353,1.7102,2,9,16,98.2099,1,23,3,3,1,True,0,False,7,1.2353,21,5,False,3,21,general,False,False,5,3,3
7,7,3,True,True,5,38,10,0.0,afternoon,1.0,9.6533,2,8,7,91.335,7,21,3,3,9,True,0,True,7,1.0,5,4,,3,9,general,False,False,4,2,3
7,8,3,False,True,4,37,10,0.0,afternoon,1.0,6.7459,2,4,11,99.4873,7,19,4,2,9,True,-3,True,4,1.25,13,3,,4,22,general,True,False,3,1,1
7,6,3,True,True,4,37,10,0.0,morning,1.3636,1.5596,2,1,21,92.5143,7,22,5,2,1,True,3,True,6,1.3636,28,4,True,4,28,ICU,False,False,4,9,8
7,6,3,True,True,7,43,10,0.0,evening,1.0,5.5348,2,3,21,100.0,4,51,1,3,7,True,-1,False,7,1.0,5,4,True,3,44,general,True,False,4,2,1
6,7,3,False,True,1,34,10,0.0,evening,1.0,5.9958,2,5,23,99.8453,7,37,1,3,5,True,0,True,5,1.1667,26,6,True,4,49,general,True,False,6,8,1
7,8,3,True,True,3,38,10,0.0,evening,1.0,6.6164,2,1,15,99.945,5,19,2,3,7,True,-1,True,6,1.0,11,6,True,4,50,ICU,False,False,6,7,1
7,7,4,True,True,2,41,10,0.0,evening,1.0,5.8691,2,7,5,99.7798,1,42,6,3,1,True,-1,True,7,1.6667,8,5,False,4,42,ICU,False,False,5,5,4
7,7,4,True,True,3,40,10,0.0,evening,1.0,7.1004,2,3,9,98.5301,3,45,5,3,7,True,4,True,7,2.8,26,3,True,3,25,general,False,False,3,4,9
7,8,3,True,True,7,43,10,0.0,afternoon,1.0,2.6307,2,2,8,92.0621,4,25,3,3,4,True,-3,True,7,1.0,3,5,True,4,13,general,True,False,5,6,1
7,6,4,False,True,5,42,10,0.0,evening,1.0,5.2847,2,5,23,98.8579,3,17,3,2,5,True,-2,True,5,1.0,15,4,True,3,15,general,True,False,4,4,1
7,8,3,False,True,3,37,10,0.0,afternoon,1.0,2.8123,2,10,27,88.2098,6,57,2,2,8,True,-3,True,7,1.0,4,5,False,4,9,general,True,False,5,9,1
7,8,3,False,True,4,36,10,0.0,evening,1.0,2.6965,2,5,24,100.0,8,23,7,3,8,True,4,False,5,1.0,23,4,False,4,18,ICU,True,False,4,2,10
7,8,4,False,True,2,33,10,0.0,morning,1.0,9.059,2,4,30,99.837,9,26,2,3,5,True,0,False,4,1.0,27,5,False,3,17,ICU,True,False,5,7,1
7,7,3,False,True,3,39,10,0.0,morning,2.625,3.6192,2,5,7,94.9462,4,28,5,2,5,True,0,False,5,2.625,21,3,False,3,51,general,False,False,3,8,5
7,7,4,False,True,9,40,10,0.0,morning,1.0,6.8345,2,1,18,97.7733,9,54,3,3,5,True,0,False,1,1.0,18,6,,4,42,general,True,False,6,5,3
7,7,3,True,True,2,34,10,0.0,morning,5.0,2.6798,2,8,2,93.4495,8,28,2,3,1,True,0,True,7,9.6667,27,4,False,3,52,ICU,False,False,4,3,2
7,8,3,False,True,2,34,10,0.0,morning,1.0,6.8107,2,6,12,85.6297,8,49,1,3,4,True,-2,True,6,1.0,9,4,False,3,50,ICU,False,False,4,7,1
8,7,3,False,True,1,40,10,0.0,morning,1.3333,7.4746,2,3,2,92.3511,1,38,6,3,9,True,0,False,3,3.3333,10,5,False,4,35,general,True,False,5,6,6
7,7,4,True,True,4,38,10,0.0,afternoon,2.3333,5.3858,2,9,5,92.0143,6,46,5,3,3,True,1,True,7,5.3333,30,4,True,4,30,general,True,False,4,2,7
7,6,3,False,True,5,38,10,0.0,afternoon,1.0,0.9623,2,4,12,92.1744,7,46,6,3,7,True,-2,True,4,1.9231,23,6,True,3,50,general,False,False,6,7,4
7,7,3,True,True,8,42,10,0.0,evening,1.0,2.3159,2,5,15,94.1524,6,33,4,3,6,True,2,True,7,1.0,11,4,True,3,16,ICU,False,False,4,4,7
7,8,3,False,True,7,38,10,0.0,afternoon,1.0,8.1734,2,1,27,99.7927,9,49,1,3,9,True,-3,False,1,1.0,7,2,False,4,11,general,False,False,2,2,1
7,8,3,True,True,7,41,10,0.0,afternoon,1.0,5.9891,2,1,8,99.6813,6,41,1,3,5,True,2,True,6,1.0,2,2,True,4,10,ICU,False,False,2,6,4
7,8,3,True,True,2,34,10,0.0,morning,1.0,8.8764,3,5,29,97.2123,8,17,2,2,3,True,-3,False,7,1.0,3,2,False,4,9,ICU,False,False,2,5,1
7,8,3,True,True,2,33,10,0.0,morning,5.0,5.1882,2,3,1,99.7305,9,32,2,3,5,True,-3,False,7,6.5,13,3,True,3,41,general,False,False,3,1,1
7,8,3,True,True,6,40,10,0.0,morning,1.0,8.0021,2,6,24,97.3344,6,36,6,3,6,True,4,True,7,1.0,11,4,False,4,27,ICU,False,False,4,9,10
7,8,3,False,True,4,41,10,0.0,afternoon,1.0,5.407,2,4,21,97.572,3,30,2,3,1,True,4,True,4,1.0,16,3,True,3,17,general,True,False,3,5,6
7,6,3,True,True,7,40,10,0.0,evening,5.0,8.1911,2,5,2,99.9605,7,15,6,3,2,True,0,True,7,7.0,19,4,False,4,27,ICU,False,False,4,9,6
8,7,4,False,True,1,39,10,0.0,evening,1.0,8.2296,3,1,17,99.9885,2,47,2,3,4,True,-1,True,1,1.0,15,4,,3,49,general,True,False,4,2,1
7,7,3,True,True,6,39,10,0.0,afternoon,1.0,2.8597,2,4,17,95.9948,7,42,3,3,7,True,0,False,7,1.0,4,4,,4,35,general,False,False,4,4,3
7,7,4,False,True,8,39,10,0.0,evening,1.0,9.9923,2,7,6,97.7856,9,35,5,3,7,True,-3,False,7,1.5714,11,7,,4,32,general,True,False,7,7,1
7,8,3,False,True,4,38,10,0.0,afternoon,1.0,5.343,2,1,16,97.1989,6,54,2,3,6,True,0,True,1,1.0,8,2,False,4,34,general,True,False,2,4,2
7,8,3,True,True,3,42,10,0.0,evening,1.0,1.7996,2,9,26,99.7174,1,29,1,3,3,True,-3,True,7,1.0,6,5,,3,20,ICU,False,False,5,1,1
7,7,3,False,True,6,41,10,0.0,afternoon,1.0,6.723,2,5,18,96.0387,5,23,6,3,6,True,-1,False,5,1.4211,27,8,True,4,40,ICU,False,False,8,5,5
7,8,4,True,True,9,47,10,0.0,morning,1.0,0.6747,2,6,18,99.6301,2,39,1,2,6,True,1,True,7,1.0,4,4,False,3,50,ICU,False,False,4,9,3
7,7,3,False,True,3,42,10,0.0,afternoon,1.75,6.643,2,6,3,100.0,1,36,3,3,2,True,4,False,6,2.75,11,2,False,3,7,general,False,False,2,7,7
7,7,3,False,True,8,44,10,0.0,afternoon,1.0,0.3399,2,4,27,98.8383,4,57,1,3,9,True,3,True,4,1.0714,28,3,False,4,37,general,True,False,3,3,5
7,8,4,False,True,4,39,10,0.0,evening,1.0,0.9752,2,7,13,94.9298,5,34,3,2,8,True,-2,True,7,1.5,19,4,False,3,50,general,True,False,4,5,1
7,8,3,True,True,3,37,10,0.0,evening,1.0,5.0503,2,6,26,88.19,6,46,2,3,3,True,1,True,7,1.0,1,4,False,4,50,general,True,False,4,6,3
8,7,3,False,True,2,36,10,0.0,morning,1.0,6.1468,3,8,28,95.436,6,50,6,3,1,True,-2,True,7,1.0,1,3,False,4,26,ICU,True,False,3,8,4
7,8,3,True,True,5,36,10,0.0,evening,1.0,7.7699,2,9,27,99.8297,9,42,6,3,3,True,0,True,7,1.0,15,4,False,4,48,general,True,False,4,7,7
7,8,3,True,True,6,41,10,0.0,morning,2.25,7.2177,2,7,11,99.8287,5,57,4,3,2,True,0,True,7,2.25,25,5,True,4,33,ICU,False,False,5,9,4
7,8,3,False,True,5,38,10,0.0,morning,1.0,1.4381,2,3,8,97.0375,7,31,7,3,7,True,0,False,3,1.0,2,3,True,4,12,general,True,False,3,1,8
7,7,3,False,True,8,43,10,0.0,evening,1.0,0.1712,2,2,15,96.6764,5,26,6,2,7,True,0,True,2,1.0,10,4,True,3,11,general,False,False,4,3,6
7,7,4,True,True,4,42,10,0.0,morning,1.8333,3.4937,2,6,11,96.4316,2,35,5,3,9,True,-1,False,7,1.8333,22,3,False,4,30,ICU,False,False,3,2,4
7,7,3,False,True,2,39,10,0.0,evening,1.0,9.5903,2,2,22,89.7034,3,36,1,3,4,True,-3,False,2,1.0,22,5,True,3,6,general,False,False,5,9,1
7,7,3,False,True,9,41,10,0.0,afternoon,1.0,1.2711,2,2,16,100.0,8,30,2,2,9,True,2,False,2,1.0,8,2,False,4,13,ICU,False,False,2,7,5
7,7,3,True,True,6,45,10,0.0,afternoon,1.0,2.2036,2,7,12,97.1081,1,57,1,3,4,True,-2,False,7,1.0,10,4,False,3,20,general,True,False,4,4,1
6,7,3,False,True,3,38,10,0.0,afternoon,1.0,3.3368,2,8,7,99.6446,5,36,6,3,3,True,2,False,7,1.0,2,2,True,4,40,ICU,True,False,2,1,9
7,7,4,False,True,7,42,10,0.0,morning,1.0,7.0786,2,8,17,95.5643,5,16,5,3,9,True,-3,False,7,1.6111,29,4,False,3,8,general,True,False,4,4,1
7,7,3,False,True,8,46,10,0.0,morning,1.0,8.1981,2,6,26,100.0,2,49,5,3,4,True,4,False,6,1.0,5,6,False,4,37,ICU,False,False,6,4,9
7,7,4,True,True,6,44,10,0.0,morning,1.0,0.7471,3,10,22,100.0,2,55,2,2,6,True,0,True,7,1.0,17,5,True,3,47,ICU,False,False,5,1,2
7,7,4,False,True,6,45,10,0.0,morning,1.0,6.8484,2,4,23,98.7936,1,57,4,2,5,True,0,True,4,1.2083,27,5,False,4,11,general,True,False,5,6,3
7,8,4,False,True,5,38,10,0.0,morning,2.6,7.5454,2,9,4,87.0856,7,53,2,3,4,True,0,True,7,4.6,21,5,,4,31,ICU,True,False,5,3,2
6,7,4,True,True,9,46,10,0.0,morning,3.3333,1.5355,2,2,2,99.9445,3,45,3,3,4,True,3,False,7,3.3333,10,6,True,4,32,ICU,False,False,6,8,6
6,7,4,True,True,5,41,10,0.0,morning,1.0,0.8379,2,10,16,91.3411,4,19,2,2,8,True,-3,False,7,1.1765,20,3,False,4,6,general,True,False,3,3,1
7,8,3,True,True,3,37,10,0.0,morning,1.0,1.6004,2,9,9,96.566,6,55,4,2,2,True,0,True,7,1.0,7,3,False,4,26,general,True,False,3,8,5
7,8,3,False,True,2,38,10,0.0,evening,1.5,3.2501,2,8,7,91.6325,4,23,3,3,7,True,0,False,7,3.5,28,4,False,4,17,ICU,False,False,4,2,3
7,8,3,False,True,6,37,10,0.0,morning,5.0,1.3997,2,9,0,98.2348,9,27,6,3,6,True,2,False,7,10.0,25,4,False,3,31,ICU,True,False,4,2,8
8,8,4,True,True,9,44,10,0.0,morning,1.0,1.616,2,9,22,100.0,5,17,1,3,3,True,-1,False,7,1.0,2,2,True,4,23,ICU,False,False,2,6,1
7,6,4,False,True,7,46,10,0.0,morning,1.0,8.6077,2,6,29,95.6106,1,41,5,3,5,True,-3,True,6,1.0,5,4,True,4,25,general,False,False,4,1,1
7,7,3,False,True,8,43,10,0.0,evening,1.0,5.3171,2,7,13,92.105,5,41,3,3,2,True,-1,False,7,1.5714,22,3,False,4,48,ICU,False,False,3,5,1
6,8,3,False,True,4,40,10,0.0,evening,1.0,8.5496,2,7,10,99.4624,4,43,6,3,8,True,3,False,7,1.0,7,5,True,4,45,ICU,False,False,5,8,9
7,8,3,False,True,6,37,10,0.0,evening,1.0,2.0982,2,6,12,92.5902,9,44,5,3,1,True,-4,False,6,1.4615,19,3,False,4,8,general,False,False,3,1,1
7,7,4,False,True,7,38,10,0.0,morning,1.0,3.5604,2,8,3,92.7655,9,29,4,3,5,True,-3,False,7,3.0,12,3,False,4,34,ICU,True,False,3,3,1
7,6,3,True,True,2,37,10,0.0,morning,1.0,3.1725,2,2,27,94.3667,5,54,2,3,9,True,0,True,7,1.0,14,3,True,3,42,general,True,False,3,1,3
7,7,3,True,True,2,39,10,0.0,evening,1.0,7.0073,2,6,2,95.5177,3,36,6,3,8,True,0,True,7,1.6667,3,6,True,4,30,ICU,False,False,6,3,6
7,8,4,True,True,1,32,10,0.0,evening,1.0,0.333,2,6,17,93.8578,9,45,1,3,9,True,1,True,7,1.0,1,2,False,3,13,ICU,True,False,2,9,3
8,9,3,False,True,7,41,10,0.0,evening,1.25,5.3541,2,8,3,97.1071,6,51,2,3,1,True,0,True,7,3.25,11,5,True,4,34,general,False,False,5,1,2
7,7,3,False,True,4,36,10,0.0,afternoon,1.0,5.9842,2,8,14,99.0873,8,18,2,3,4,True,-1,False,7,1.6667,25,6,True,3,45,ICU,False,False,6,4,1
7,8,4,False,True,6,41,10,0.0,afternoon,1.0,9.3681,2,5,15,99.6397,5,35,6,2,1,True,1,False,5,1.0,1,3,True,4,9,general,True,False,3,1,8
7,8,3,False,True,7,45,10,0.0,afternoon,5.0,6.448,2,8,2,91.3126,2,47,6,3,8,True,0,True,7,10.0,29,5,,3,25,ICU,False,False,5,8,6
7,8,3,True,True,1,36,10,0.0,afternoon,4.25,6.1045,2,9,3,95.7052,5,47,1,3,6,True,-4,True,7,5.25,19,4,False,3,5,general,False,False,4,2,1
7,7,4,False,True,7,41,10,0.0,morning,1.0,0.0174,2,7,19,87.2853,6,17,1,3,8,True,-2,True,7,1.4,26,6,False,4,28,general,True,False,6,6,1
7,7,3,True,True,8,39,10,0.0,afternoon,1.0,1.1152,1,6,5,95.5815,9,38,6,3,8,True,-2,False,7,3.3333,20,3,False,3,43,general,True,False,3,7,4
7,7,3,True,True,8,43,10,0.0,evening,1.0,4.7689,2,1,4,100.0,5,34,2,3,1,True,-1,False,6,3.4,17,3,,4,25,ICU,True,False,3,3,1
7,7,4,False,True,2,34,10,0.0,morning,1.0,8.0148,2,9,26,99.9827,8,56,2,2,7,True,2,True,7,1.0,13,5,True,4,22,general,True,False,5,7,5
7,7,3,False,True,9,43,10,0.0,morning,1.0,1.2614,2,1,29,93.7594,6,37,2,3,7,True,0,True,1,1.0,6,3,True,4,26,general,False,False,3,2,2
7,7,3,False,True,7,43,10,0.0,evening,1.0,7.4352,2,2,2,93.2635,4,24,2,3,1,True,-2,False,2,1.0,2,6,True,4,23,ICU,False,False,6,8,1
7,8,3,False,True,9,43,10,0.0,morning,1.0,3.8934,2,7,18,98.6169,6,33,2,3,8,True,-2,False,7,1.0,5,4,False,4,32,ICU,True,False,4,8,1
7,8,3,True,True,8,46,10,0.0,afternoon,3.0,9.4903,2,2,0,94.3392,2,46,4,3,1,True,3,True,7,6.0,4,3,False,4,10,general,True,False,3,1,8
8,7,3,False,True,4,41,10,0.0,evening,1.0,0.0,2,10,16,98.6535,3,19,4,3,6,True,-4,False,7,1.0,1,5,True,4,13,general,False,False,5,2,1
7,7,3,False,True,8,39,10,0.0,morning,1.0,9.4587,2,8,28,94.3342,9,32,7,3,4,True,0,True,7,1.0,5,6,False,4,30,ICU,True,False,6,3,7
8,7,3,False,True,10,47,10,0.0,afternoon,1.0,8.438,2,1,10,100.0,3,52,5,3,9,True,0,True,1,1.0,8,5,False,4,29,general,False,False,5,4,5
7,8,3,False,True,7,43,10,0.0,afternoon,1.0,2.8577,2,2,10,92.41,4,44,2,2,6,True,4,False,2,1.0,4,3,False,3,17,general,True,False,3,3,6
7,8,3,True,True,2,41,10,0.0,morning,1.0,8.9549,2,7,24,88.1016,1,28,1,2,4,True,-4,True,7,1.0,17,5,False,4,32,general,False,False,5,8,1
6,8,3,True,True,4,37,10,0.0,morning,1.0,1.0725,2,1,23,100.0,7,57,6,3,6,True,3,True,6,1.0,11,4,False,3,41,ICU,False,False,4,9,9
7,8,3,True,True,7,39,10,0.0,afternoon,1.0,9.7911,2,7,12,96.0957,8,44,6,2,7,True,0,False,7,1.0,8,5,True,3,51,general,True,False,5,1,6
8,8,3,False,True,5,37,10,0.0,morning,1.0,6.5123,2,2,13,96.7698,8,16,6,2,9,True,-4,False,2,1.9286,27,4,True,4,9,general,True,False,4,8,2
8,8,3,False,True,3,42,10,0.0,morning,1.3333,9.4747,2,7,8,100.0,1,56,4,3,3,True,-1,False,7,3.3333,30,3,False,3,30,general,True,False,3,4,3
7,7,3,True,True,5,43,10,0.0,evening,5.0,0.2542,3,8,0,100.0,2,35,6,2,7,True,2,True,7,10.0,26,4,True,4,22,general,False,False,4,6,8
7,7,3,True,True,8,38,10,0.0,afternoon,1.0,5.0307,2,1,26,92.2149,10,26,2,3,5,True,0,False,6,1.0,11,6,False,4,8,ICU,True,False,6,1,2
7,8,4,True,True,6,42,10,0.0,morning,1.0,4.3715,2,4,29,95.2005,4,42,2,2,1,True,-3,True,7,1.0,11,6,True,3,28,ICU,True,False,6,1,1
7,8,4,False,True,1,32,10,0.0,evening,1.0,3.1971,2,7,7,95.4897,9,35,5,3,4,True,-1,True,7,1.0,5,5,,3,10,general,False,False,5,4,3
7,7,3,True,True,1,33,10,0.0,afternoon,1.0,2.7462,3,2,9,99.8901,8,51,2,3,7,True,2,True,7,1.0,4,5,False,3,31,general,True,False,5,8,5
7,7,3,True,True,9,48,10,0.0,afternoon,1.0,1.2907,2,3,24,92.2542,1,42,2,3,6,True,0,True,7,1.0,7,3,True,4,42,general,False,False,3,4,1
7,8,3,True,True,9,45,10,0.0,evening,1.0,5.2968,2,5,17,99.2468,4,56,4,2,2,True,0,True,7,1.0556,17,4,,3,22,ICU,False,False,4,6,3
6,8,3,False,True,2,35,10,0.0,evening,1.0,0.4604,2,7,17,99.9721,7,51,3,3,3,True,1,True,7,1.2778,21,5,False,4,10,general,True,False,5,6,4
7,8,4,True,True,3,35,10,0.0,evening,1.0,0.6171,2,6,15,99.9985,8,26,3,3,5,True,-2,False,7,1.1875,19,3,True,3,29,general,True,False,3,7,1
7,7,3,True,True,5,38,10,0.0,evening,1.0,6.2324,2,7,2,99.9045,7,35,2,3,5,True,0,True,7,1.6667,3,4,True,3,48,general,False,False,4,8,2
7,7,4,True,True,7,39,10,0.0,morning,1.0,5.7032,3,4,19,96.7047,8,39,2,2,5,True,1,False,7,1.0,1,4,True,4,19,ICU,True,False,4,8,4
7,8,3,False,True,3,37,10,0.0,afternoon,1.0,7.128,2,8,15,96.5264,6,44,2,3,7,True,0,True,7,1.0,14,3,True,4,11,ICU,True,False,3,5,2
7,7,3,False,True,2,34,10,0.0,afternoon,1.0,3.756,3,6,19,91.5169,8,25,1,3,8,True,2,False,6,1.45,29,6,False,4,20,ICU,False,False,6,7,3
7,8,3,False,True,6,42,10,0.0,evening,1.0,0.4586,2,3,23,100.0,4,46,2,3,2,True,-3,True,3,1.0,11,3,False,4,48,general,False,False,3,5,1
