has_autonomous_navigation,max_daily_wind_speed,energy_storage_capacity,mission_duration,average_daily_temperature,robotic_maintenance_sessions,years_since_last_survey,past_turbulent_conditions,remote_control_capabilities,new_geographical_features_found,communication_system_frequency,communication_delay_tolerance,optical_imaging_resolution,terrain_type,AI_decision_making_capabilities,habitat_markers_found,computational_power_rating,sensor_technology_types,operation_time_years,task_complexity_score,terrain_complexity,historical_findings,communication_bandwidth,number_of_sensors,communication_attempts,power_fluctuations,seasonal_temperature_variation,mission_duration_days,system_update_frequency,communication_success_ratio
False,52.3986,888.0,272,21.1624,6,0.0,False,True,99,7.946,1,20,even,False,70,10.0,10.0,10.0,6,low,False,506,27,100.0,7,high,2577,10,0.5798
True,41.6354,589.0,126,17.7902,8,0.0,True,False,90,4.8462,1,17,even,True,77,10.0,7.9556,7.0,5,medium,False,811,27,100.0,9,high,2213,7,0.522
True,41.8289,703.0,202,26.0676,8,0.0,True,True,91,3.1985,1,26,even,True,66,10.0,10.0,9.0,5,medium,False,847,27,100.0,8,medium,3325,9,0.6244
False,44.2598,1000.0,490,24.2633,7,0.0,True,True,94,1.9171,1,9,even,False,69,9.486,9.486,7.0,5,high,False,204,29,100.0,8,high,2211,7,0.5326
False,38.624,863.0,362,21.5738,7,0.0,False,True,93,4.7625,1,18,even,False,74,10.0,10.0,3.0,4,high,False,103,27,100.0,7,medium,2880,3,0.6324
False,37.0642,934.0,356,26.0877,7,0.0,False,True,91,3.0619,1,23,even,True,75,9.8535,9.8535,10.0,5,medium,False,165,28,100.0,7,low,2129,10,0.5831
False,46.5881,876.5,371,22.8257,7,0.0,False,False,90,6.8734,1,40,uneven,True,56,8.4942,8.4942,9.0,4,medium,False,73,30,100.0,7,low,2023,9,0.5541
False,46.9444,778.0,252,22.1712,8,0.0,True,False,99,9.8068,1,6,even,False,59,10.0,10.0,8.0,5,medium,False,812,18,100.0,8,medium,2766,8,0.556
True,52.8096,1000.0,462,19.6413,9,0.0,True,True,92,7.9892,1,6,even,True,70,10.0,10.0,11.0,5,low,False,933,26,100.0,8,low,2480,11,0.6662
True,45.8257,568.5,219,24.7441,9,0.0,True,False,95,3.7216,1,26,even,True,66,10.0,9.2008,11.0,3,low,False,851,16,100.0,8,high,2936,11,0.6119
True,40.1035,958.0,372,17.0961,3,0.0,True,True,84,3.228,1,27,even,True,75,10.0,10.0,10.0,5,high,False,605,27,100.0,7,high,2750,10,0.6176
False,47.0507,925.0,350,25.5881,7,0.0,True,True,89,1.1318,1,26,even,False,62,9.5084,9.5084,3.0,5,low,False,493,24,100.0,8,medium,2377,3,0.5721
False,43.7247,732.0,328,21.704,10,0.0,False,False,84,10.0,1,45,uneven,False,67,10.0,10.0,1.0,3,medium,False,523,21,100.0,7,medium,2719,0,0.5559
True,27.031,1000.0,426,12.474,4,0.0,True,True,91,7.0209,1,10,even,True,66,10.0,10.0,11.0,5,low,False,622,19,100.0,7,low,2872,10,0.6198
True,39.4276,1000.0,440,31.7944,5,0.0,True,False,99,4.1685,1,40,uneven,True,58,10.0,9.2617,1.0,5,medium,False,525,33,100.0,8,low,2871,0,0.6693
False,49.1,938.5,359,20.5334,6,0.0,False,True,94,1.4978,1,39,uneven,False,61,9.8139,9.8139,1.0,5,medium,False,271,21,100.0,9,low,2426,0,0.5423
False,42.6448,1000.0,419,22.1245,5,0.0,False,True,100,7.8504,1,30,even,True,64,10.0,10.0,2.0,5,high,False,383,37,100.0,7,high,2541,2,0.5461
True,51.08,980.5,387,28.4174,8,0.0,False,True,86,9.7672,1,7,even,True,65,10.0,10.0,6.0,5,high,False,856,27,100.0,7,low,2042,6,0.6118
False,39.378,737.5,225,23.0751,4,0.0,False,True,98,8.4919,1,10,even,True,67,10.0,10.0,2.0,5,low,False,269,21,100.0,8,medium,3502,2,0.6164
False,47.9773,780.0,360,19.8668,7,0.0,True,True,94,9.636,1,15,even,False,60,10.0,10.0,10.0,3,medium,False,824,33,100.0,7,high,2350,10,0.5647
False,40.2413,978.0,332,23.4543,7,0.0,False,True,92,3.7446,1,34,uneven,True,57,10.0,10.0,2.0,6,medium,False,94,29,100.0,8,medium,2572,2,0.5799
False,49.7414,1000.0,382,21.0261,7,0.0,False,False,92,10.0,1,13,even,True,77,10.0,10.0,2.0,6,high,False,429,33,100.0,8,high,2185,2,0.5325
False,44.3903,1000.0,431,27.7093,6,0.0,False,False,88,6.4049,1,40,uneven,False,77,9.8024,9.8024,6.0,7,medium,False,751,28,100.0,7,low,2640,6,0.607
False,41.6365,591.5,181,20.4839,9,0.0,False,True,93,8.5444,1,32,uneven,False,64,10.0,10.0,4.0,4,medium,False,287,26,100.0,8,medium,1762,4,0.5744
False,45.1634,1000.0,442,23.3712,4,0.0,False,False,95,3.4736,1,48,uneven,True,64,8.7593,8.7593,12.0,6,high,False,292,18,100.0,7,low,2809,12,0.772
False,44.3858,865.0,310,14.6238,6,0.0,False,False,86,2.8057,1,45,uneven,False,74,8.5678,8.5678,8.0,5,high,False,516,31,100.0,7,low,2866,7,0.6335
False,37.36,698.0,252,23.8184,9,0.0,False,True,92,8.1608,0,30,even,True,57,10.0,10.0,9.0,4,medium,False,484,25,100.0,7,low,2603,9,0.6759
False,37.4971,728.5,219,19.1482,6,0.0,False,True,82,4.0058,1,31,uneven,True,55,10.0,10.0,1.0,5,medium,False,299,17,100.0,8,medium,2832,1,0.6642
True,42.2776,1000.0,444,20.4141,9,0.0,False,True,96,1.0,1,30,even,True,68,10.0,9.66,6.0,6,high,False,749,26,100.0,7,high,2464,6,0.4907
False,35.4223,820.0,280,22.2381,6,0.0,False,True,88,5.9039,1,5,even,False,81,10.0,10.0,6.0,5,medium,False,868,23,100.0,7,high,2528,6,0.6337
False,50.0749,674.0,236,25.0177,9,0.0,True,False,97,1.3863,1,28,even,False,69,8.4081,8.4081,6.0,4,medium,False,250,28,100.0,8,medium,3086,6,0.498
True,42.8053,872.5,315,26.8992,5,0.0,True,False,84,7.3173,1,32,uneven,True,73,10.0,10.0,4.0,5,high,False,606,26,100.0,8,high,2706,4,0.6788
False,33.3115,880.5,267,24.8269,4,0.0,True,True,100,6.0955,0,45,uneven,False,56,10.0,10.0,10.0,6,low,False,438,34,100.0,8,low,2555,10,0.5896
True,46.2354,1000.0,390,15.6548,10,0.0,True,True,94,6.2741,1,27,even,True,74,10.0,10.0,11.0,6,medium,False,846,27,100.0,7,medium,3661,11,0.6028
True,25.8875,828.5,339,26.5905,5,0.0,False,True,95,4.1797,1,47,uneven,True,71,10.0,10.0,1.0,4,medium,False,614,36,100.0,8,low,2564,1,0.6078
True,40.5785,714.5,263,16.786,8,0.0,False,True,99,6.3604,0,31,uneven,True,70,10.0,10.0,1.0,4,low,False,508,26,100.0,7,low,2468,1,0.6191
False,42.5508,875.5,317,22.8237,7,0.0,False,True,92,4.2387,1,29,even,True,68,10.0,10.0,2.0,5,medium,False,61,26,100.0,8,high,2873,2,0.6171
False,45.702,937.5,305,20.6528,11,0.0,True,False,84,1.9648,1,30,even,False,66,7.2924,7.2924,11.0,6,high,False,782,30,100.0,7,low,2524,11,0.6448
True,45.8395,878.5,319,18.2924,7,0.0,True,True,86,2.3864,1,12,even,True,62,10.0,10.0,9.0,5,low,False,838,30,100.0,8,high,3127,9,0.681
False,49.8224,742.0,228,24.5264,3,0.0,False,False,90,2.5888,0,38,uneven,False,61,9.9794,9.9794,2.0,5,high,False,732,32,100.0,8,high,3474,2,0.6508
False,46.5084,851.5,301,15.5996,7,0.0,False,False,93,1.3562,1,16,even,False,71,6.5956,6.5956,3.0,5,high,False,451,28,100.0,8,low,2367,3,0.5935
False,45.8916,965.5,377,14.5661,8,0.0,False,True,95,2.9465,1,29,even,False,70,10.0,10.0,1.0,5,medium,False,578,22,100.0,8,high,2343,0,0.6755
False,37.046,1000.0,406,26.7987,3,0.0,True,False,91,1.8417,0,19,even,False,57,7.9708,7.9708,1.0,5,medium,False,780,24,100.0,8,low,2820,1,0.5867
False,34.8157,1000.0,469,25.1877,6,0.0,False,True,87,8.0347,2,20,even,True,73,10.0,10.0,8.0,4,high,False,119,16,100.0,7,high,2536,8,0.6117
False,44.9701,1000.0,397,21.19,8,0.0,False,False,85,4.2286,1,14,even,True,64,10.0,10.0,8.0,6,low,False,75,43,100.0,9,medium,3459,8,0.6276
False,30.0365,951.0,314,20.1681,10,0.0,True,False,91,5.1759,1,38,uneven,True,49,10.0,10.0,1.0,6,low,False,332,29,100.0,7,low,3111,0,0.565
True,45.7114,919.0,346,25.4768,9,0.0,True,True,95,5.8947,1,31,uneven,True,71,10.0,10.0,11.0,5,high,False,660,34,100.0,7,low,3146,11,0.6774
False,38.9854,956.5,371,26.6518,4,0.0,False,False,84,9.0371,1,47,uneven,True,66,10.0,10.0,2.0,5,high,False,121,36,100.0,7,low,3207,2,0.7088
True,47.2065,940.0,360,22.1018,9,0.0,True,False,90,9.6342,1,40,uneven,True,61,10.0,10.0,10.0,5,high,False,712,22,100.0,7,high,3208,10,0.5827
False,50.7823,690.5,247,23.1767,8,0.0,False,False,94,9.983,1,10,even,True,71,10.0,10.0,3.0,4,medium,False,10,28,100.0,8,low,2783,3,0.6245
False,36.674,1000.0,390,23.2464,9,0.0,False,False,81,3.7183,2,37,uneven,False,61,7.3267,7.3267,11.0,6,medium,False,586,30,100.0,8,medium,2187,11,0.6035
False,49.5564,608.0,192,22.7591,5,0.0,False,False,91,8.3026,1,17,even,True,73,10.0,10.0,5.0,4,medium,False,201,21,100.0,8,medium,2638,5,0.639
False,42.0736,845.5,297,15.5479,10,0.0,False,False,86,6.0845,1,39,uneven,False,72,10.0,10.0,8.0,5,medium,False,211,27,100.0,8,high,3233,8,0.5364
False,38.9729,871.0,314,22.4048,8,0.0,True,True,93,3.7491,1,8,even,True,82,10.0,10.0,2.0,5,medium,False,135,29,100.0,8,high,2649,2,0.631
True,57.4882,902.5,335,20.5928,8,0.0,True,False,94,9.338,0,17,even,True,76,10.0,10.0,9.0,5,low,False,812,23,100.0,8,high,2299,9,0.652
False,53.0248,998.5,399,19.0306,0,0.0,False,True,96,9.5173,1,13,even,False,68,10.0,10.0,7.0,5,low,False,863,21,100.0,8,high,2465,7,0.6271
False,48.3041,690.5,247,25.6672,9,0.0,False,False,83,7.0136,1,32,uneven,False,66,9.8168,9.8168,6.0,4,medium,False,362,20,100.0,8,medium,2524,6,0.5814
False,29.3659,1000.0,598,18.8891,7,0.0,True,False,95,2.5872,1,33,uneven,True,70,10.0,10.0,1.0,6,high,False,98,15,100.0,8,low,3528,0,0.6204
False,36.8515,1000.0,378,24.7249,9,0.0,False,False,94,6.1764,1,37,uneven,True,64,9.2157,9.2157,3.0,7,low,False,55,14,100.0,7,medium,2451,3,0.6181
False,39.9849,977.0,438,21.9792,5,0.0,True,False,85,2.5252,1,16,even,True,57,8.9126,8.9126,1.0,4,medium,False,85,22,100.0,8,low,3060,1,0.6257
True,52.9646,943.0,362,19.144,9,0.0,False,False,98,3.4686,1,38,uneven,True,67,10.0,7.5368,8.0,5,low,False,507,24,100.0,8,low,2321,8,0.6214
False,49.521,890.0,380,25.2681,7,0.0,True,False,84,1.0,1,41,uneven,False,66,7.0975,7.0975,8.0,4,medium,False,956,17,100.0,7,medium,2639,8,0.4925
False,37.7011,748.0,232,23.7389,10,0.0,True,True,91,8.5775,1,6,even,False,64,10.0,10.0,8.0,5,high,False,163,31,100.0,8,high,3092,8,0.6689
False,34.5218,923.5,349,20.9987,6,0.0,False,True,93,1.9945,1,42,uneven,True,67,10.0,10.0,2.0,5,high,False,245,18,100.0,7,low,3083,2,0.6844
True,46.0395,867.0,258,20.2746,3,0.0,True,False,91,5.2334,1,19,even,True,62,10.0,10.0,1.0,6,medium,False,888,28,100.0,8,low,3075,0,0.5451
True,33.2308,1000.0,492,14.2983,8,0.0,True,False,99,4.5961,1,28,even,True,59,10.0,8.658,7.0,4,high,False,711,30,100.0,8,high,2544,6,0.6231
False,45.9784,1000.0,401,24.2806,5,0.0,False,False,89,9.4815,1,31,uneven,False,66,10.0,10.0,8.0,5,medium,False,772,39,100.0,7,low,2810,8,0.6002
False,44.3628,820.0,280,24.9363,7,0.0,True,False,94,5.3008,1,8,even,False,66,7.9379,7.9379,4.0,5,medium,False,640,22,100.0,8,high,2115,4,0.5224
False,68.7214,1000.0,444,14.8336,8,0.0,True,True,90,8.0977,1,29,even,False,64,10.0,10.0,10.0,5,high,False,681,29,100.0,8,low,3292,9,0.6662
True,56.0775,940.5,307,18.8294,7,0.0,False,False,90,1.9666,1,48,uneven,True,66,10.0,8.2858,4.0,6,high,False,804,33,100.0,8,medium,2921,4,0.6229
False,59.7246,958.0,372,22.135,5,0.0,False,True,96,7.5364,1,43,uneven,False,65,10.0,10.0,4.0,5,high,False,998,31,100.0,7,high,2236,4,0.6551
False,53.0896,861.5,361,20.6895,3,0.0,False,True,82,4.1676,1,38,uneven,False,74,10.0,10.0,1.0,4,low,False,731,29,100.0,8,low,2538,1,0.7027
False,51.9432,958.0,372,19.9341,8,0.0,False,False,90,9.7686,1,12,even,True,80,10.0,10.0,8.0,5,low,False,323,25,100.0,7,high,2798,8,0.6304
False,34.5644,987.5,445,23.3547,3,0.0,True,True,90,1.0,1,28,even,False,60,10.0,10.0,1.0,4,high,False,724,20,100.0,8,low,2666,0,0.5221
False,47.9539,814.0,276,19.7324,8,0.0,False,False,91,3.1748,1,29,even,True,72,7.8524,7.8524,2.0,5,high,False,80,12,100.0,8,high,2506,2,0.6747
False,41.6583,1000.0,494,23.435,5,0.0,False,True,91,2.4751,1,41,uneven,False,63,9.7626,9.7626,4.0,5,medium,False,92,19,100.0,8,low,2210,4,0.5989
False,42.0323,888.5,379,27.0174,6,0.0,True,False,88,3.9526,2,8,even,False,65,7.7413,7.7413,2.0,4,medium,False,100,21,100.0,7,low,2306,2,0.6035
False,48.3368,776.0,304,17.6194,5,0.0,False,True,97,6.9867,2,31,uneven,False,65,10.0,10.0,4.0,4,high,False,245,30,100.0,7,high,2431,4,0.6736
False,38.5862,867.0,258,14.6406,6,0.0,True,False,89,3.0859,1,24,even,True,61,10.0,10.0,6.0,6,low,False,261,25,100.0,8,low,3569,5,0.6015
False,39.9298,612.5,195,21.8322,5,0.0,True,False,87,1.0,0,36,uneven,True,74,8.71,8.71,5.0,4,high,False,259,33,100.0,7,high,3284,5,0.6295
False,38.9636,967.0,378,20.671,8,0.0,True,True,91,6.0974,1,23,even,True,62,10.0,10.0,10.0,5,low,False,75,15,100.0,8,high,2918,10,0.6092
False,41.5463,1000.0,529,28.7154,5,0.0,False,True,98,8.2169,1,42,uneven,False,73,10.0,10.0,6.0,4,low,False,365,16,100.0,7,high,2165,6,0.6466
False,39.6396,937.0,358,19.3513,5,0.0,False,True,82,6.6531,1,49,uneven,False,66,10.0,10.0,11.0,5,medium,False,684,39,100.0,8,low,2691,11,0.6149
False,39.258,785.5,257,26.27,8,0.0,True,False,96,4.2089,1,9,even,False,68,8.3319,8.3319,9.0,5,medium,False,443,34,100.0,7,low,2491,9,0.5946
False,37.2888,1000.0,429,16.8047,7,0.0,False,False,97,1.6219,1,40,uneven,False,68,6.8035,6.8035,9.0,5,high,False,537,27,100.0,7,low,2397,9,0.5583
False,40.3993,1000.0,336,20.8972,3,0.0,True,True,86,6.7391,1,43,uneven,False,65,10.0,10.0,10.0,7,medium,False,357,30,100.0,7,high,2972,10,0.6685
False,33.4719,856.0,304,19.2041,2,0.0,False,False,87,10.0,1,46,uneven,False,57,10.0,10.0,2.0,5,low,False,53,14,100.0,8,low,2634,2,0.6067
False,40.8693,972.5,435,20.4779,5,0.0,False,True,89,3.5288,2,47,uneven,False,81,10.0,10.0,7.0,4,high,False,930,32,100.0,8,low,3176,7,0.5979
False,33.6945,934.0,356,28.6538,9,0.0,True,False,93,6.7971,0,36,uneven,True,66,10.0,10.0,5.0,5,low,False,88,26,100.0,7,high,2724,5,0.6898
False,48.6805,844.5,243,26.5504,6,0.0,False,True,84,2.4473,0,21,even,False,62,10.0,10.0,9.0,6,high,False,517,20,100.0,7,low,3156,9,0.6573
False,43.3228,692.5,195,23.3828,6,0.0,True,True,90,4.2813,1,42,uneven,False,75,10.0,10.0,11.0,5,medium,False,763,29,100.0,8,low,2865,11,0.5754
True,53.5721,854.5,303,18.2447,9,0.0,True,True,88,7.1141,1,37,uneven,True,61,10.0,10.0,10.0,5,medium,False,894,25,100.0,8,high,2663,10,0.5319
False,56.6055,739.0,226,22.8069,6,0.0,True,True,86,5.0867,1,27,even,False,66,10.0,10.0,2.0,5,low,False,668,27,100.0,8,low,3207,2,0.6119
False,50.3117,1000.0,505,28.6846,9,0.0,False,True,92,3.3429,1,45,uneven,True,69,10.0,10.0,3.0,6,high,False,385,18,100.0,8,medium,2667,3,0.5176
True,33.6029,781.0,254,14.5589,5,0.0,False,False,94,4.9869,0,47,uneven,True,75,10.0,9.1634,12.0,5,low,False,979,20,100.0,8,medium,2668,11,0.6357
False,57.0515,889.0,326,16.0044,11,0.0,True,False,96,8.2026,1,22,even,False,67,10.0,10.0,1.0,5,high,False,466,17,100.0,7,high,2591,0,0.5823
False,38.6779,865.5,257,25.0791,8,0.0,True,True,92,9.0365,0,42,uneven,True,68,10.0,10.0,11.0,6,low,False,105,23,100.0,8,medium,1914,11,0.5772
False,56.2505,760.0,240,15.6894,3,0.0,False,True,92,9.4594,1,20,even,True,70,10.0,10.0,8.0,5,low,False,119,22,100.0,7,low,2858,8,0.5485
False,56.963,706.0,204,21.1952,8,0.0,False,True,90,10.0,1,5,even,False,74,10.0,10.0,5.0,5,low,False,789,24,100.0,8,medium,2818,5,0.6684
False,35.6159,846.0,404,22.2837,8,0.0,False,False,88,5.05,0,31,uneven,False,70,8.355,8.355,10.0,3,high,False,697,27,100.0,8,low,2332,10,0.5872
False,41.6658,1000.0,463,15.2467,9,0.0,False,False,91,8.53,1,29,even,False,74,9.475,9.475,9.0,6,low,False,762,25,100.0,8,medium,2084,9,0.6654
False,51.9935,1000.0,506,20.5962,7,0.0,False,True,92,2.7128,1,32,uneven,False,63,10.0,10.0,1.0,5,high,False,78,27,100.0,7,low,2757,1,0.6106
False,32.6452,800.0,320,24.014,5,0.0,True,False,89,8.7817,1,7,even,True,61,10.0,10.0,7.0,4,medium,False,448,20,100.0,7,high,2396,7,0.6196
False,32.0313,830.5,287,22.0679,8,0.0,False,False,94,8.3925,1,49,uneven,True,57,8.7112,8.7112,8.0,5,medium,False,328,17,100.0,7,high,1806,8,0.61
False,56.2857,617.0,198,23.3977,3,0.0,False,True,93,3.2556,2,33,uneven,False,81,10.0,10.0,9.0,4,low,False,574,21,100.0,8,low,2604,9,0.6182
False,49.4357,1000.0,384,26.6927,9,0.0,True,False,90,9.7488,2,46,uneven,False,61,10.0,10.0,10.0,6,high,False,18,26,100.0,8,high,2303,10,0.591
False,55.3176,801.0,214,16.3256,5,0.0,True,True,88,7.7965,1,37,uneven,True,59,10.0,10.0,1.0,6,high,False,84,19,100.0,8,high,2431,1,0.5198
True,41.7325,1000.0,498,22.6099,10,0.0,False,True,98,3.2257,0,12,even,True,60,10.0,10.0,9.0,4,medium,False,624,16,100.0,8,high,3102,9,0.6867
False,43.1435,801.5,321,19.7058,8,0.0,True,False,92,8.653,1,15,even,True,69,10.0,10.0,6.0,4,low,False,265,21,100.0,8,low,2922,6,0.5783
False,47.3992,993.0,342,26.1561,8,0.0,False,False,89,10.0,1,8,even,True,83,10.0,10.0,3.0,6,high,False,238,21,100.0,8,medium,2394,3,0.5925
False,50.2259,994.0,396,18.3742,7,0.0,True,False,81,7.2094,1,23,even,False,69,10.0,10.0,5.0,5,low,False,386,17,100.0,8,high,3332,5,0.6124
False,37.84,653.5,169,24.8711,7,0.0,True,True,91,2.0528,1,23,even,False,75,10.0,10.0,10.0,5,high,False,369,24,100.0,7,low,2659,10,0.6202
False,47.2871,988.0,392,28.2668,9,0.0,False,False,90,4.3059,1,24,even,False,69,9.3629,9.3629,3.0,5,high,False,229,23,100.0,7,low,2884,3,0.6472
True,39.0869,941.0,414,19.9512,3,0.0,False,False,96,5.5566,1,30,even,True,68,10.0,10.0,6.0,4,low,False,540,31,100.0,9,low,3202,6,0.6917
False,40.8448,1000.0,445,22.5875,6,0.0,True,False,89,9.8303,0,32,uneven,True,81,9.8652,9.8652,7.0,6,high,False,47,26,100.0,7,high,1980,7,0.6232
False,30.8893,946.0,364,20.544,7,0.0,True,True,97,5.9031,0,48,uneven,True,74,10.0,10.0,5.0,5,high,False,199,23,100.0,7,low,2840,5,0.6694
False,61.5603,949.0,366,23.324,8,0.0,True,False,100,3.2188,2,28,even,False,62,7.7619,7.7619,7.0,5,medium,False,47,21,100.0,8,low,2461,7,0.7171
False,49.9449,698.0,252,24.0726,7,0.0,True,True,88,4.168,1,17,even,False,62,10.0,10.0,11.0,4,high,False,589,22,100.0,7,high,2623,11,0.6194
True,51.1532,1000.0,421,17.4594,10,0.0,False,False,85,4.5642,1,23,even,True,83,10.0,9.4271,1.0,6,high,False,709,33,100.0,8,low,2858,1,0.5818
False,65.1088,972.5,435,22.1544,9,0.0,False,True,84,7.5954,1,43,uneven,False,77,10.0,10.0,1.0,4,high,False,125,41,100.0,8,low,2352,1,0.5819
False,60.1101,1000.0,333,19.5323,9,0.0,False,False,91,4.8428,1,40,uneven,True,67,8.7489,8.7489,2.0,7,medium,False,171,31,100.0,7,high,2531,2,0.5443
False,45.5951,971.0,274,23.5428,6,0.0,True,False,90,8.7043,1,27,even,False,69,9.5771,9.5771,4.0,7,high,False,300,31,100.0,7,medium,2090,4,0.5638
False,48.6247,885.5,377,17.1442,9,0.0,False,True,91,2.172,0,33,uneven,True,66,10.0,10.0,1.0,4,medium,False,283,16,100.0,8,low,2482,0,0.5517
True,36.1288,1000.0,414,22.2404,2,0.0,True,False,86,2.4136,1,16,even,True,63,10.0,7.4443,1.0,5,low,False,514,35,100.0,7,high,2495,0,0.5631
False,35.9813,967.0,378,16.3419,6,0.0,False,True,89,9.296,1,29,even,False,59,10.0,10.0,1.0,5,low,False,871,33,100.0,7,low,2700,1,0.6444
False,43.9731,796.0,264,13.9627,6,0.0,True,True,82,3.6483,1,36,uneven,False,61,10.0,10.0,6.0,5,medium,False,570,23,100.0,8,low,2802,5,0.6378
False,54.913,672.5,235,21.4267,11,0.0,False,True,90,9.8797,1,14,even,True,59,10.0,10.0,11.0,4,medium,False,235,42,100.0,8,medium,3239,11,0.4829
True,43.4159,1000.0,437,20.4868,8,0.0,True,True,99,6.0033,1,32,uneven,True,66,10.0,10.0,9.0,6,high,False,750,17,100.0,8,low,2414,9,0.6491
True,36.8177,962.0,428,18.1418,6,0.0,True,False,86,7.2599,1,38,uneven,True,75,10.0,9.87,3.0,4,low,False,755,22,100.0,8,medium,2496,3,0.6852
False,48.6036,868.0,312,22.02,8,0.0,False,True,94,8.7878,1,40,uneven,True,70,10.0,10.0,9.0,5,medium,False,166,33,100.0,6,low,2243,9,0.5958
False,51.8241,1000.0,433,23.3661,7,0.0,True,False,88,2.6841,1,28,even,False,65,7.392,7.392,7.0,6,medium,False,436,35,100.0,8,medium,2420,7,0.551
False,40.3667,632.5,155,21.6577,6,0.0,True,True,91,4.3746,1,18,even,False,65,10.0,10.0,1.0,5,low,False,512,23,100.0,7,low,2777,1,0.5843
False,43.1686,749.5,233,16.8557,9,0.0,False,False,92,9.8153,1,12,even,False,72,10.0,10.0,10.0,5,medium,False,229,24,100.0,7,low,2773,10,0.6669
False,41.8056,780.5,307,26.1539,5,0.0,False,True,94,1.0,2,10,even,False,66,10.0,10.0,6.0,4,low,False,140,36,100.0,8,high,3014,6,0.6167
False,43.0814,814.0,276,22.6861,7,0.0,False,False,89,9.3707,1,30,even,False,77,10.0,10.0,1.0,5,high,False,870,24,100.0,7,high,3266,0,0.6473
False,48.2169,935.0,410,19.6753,8,0.0,True,False,94,8.7139,1,41,uneven,False,73,9.712,9.712,7.0,4,medium,False,192,26,100.0,8,medium,2142,7,0.6552
False,39.8705,895.0,330,26.3935,4,0.0,False,True,95,7.8371,1,41,uneven,True,76,10.0,10.0,5.0,5,medium,False,235,31,100.0,7,high,2174,5,0.6167
True,39.9679,935.5,357,22.0427,4,0.0,False,True,91,10.0,0,13,even,True,54,10.0,10.0,11.0,5,high,False,1000,34,100.0,8,high,2976,11,0.5857
False,42.5741,1000.0,525,17.6207,7,0.0,False,True,89,8.1546,1,34,uneven,False,57,10.0,10.0,7.0,6,high,False,86,25,100.0,8,medium,2742,7,0.7341
False,59.2974,778.0,252,18.5917,7,0.0,True,True,93,9.1125,0,18,even,False,62,10.0,10.0,1.0,5,medium,False,10,28,100.0,7,medium,2851,1,0.6833
False,27.2952,675.5,237,18.2197,8,0.0,True,False,91,8.0443,1,27,even,False,77,10.0,10.0,9.0,4,low,False,356,24,100.0,8,medium,2682,9,0.55
False,31.2436,927.0,298,25.2269,7,0.0,False,True,88,9.1947,1,24,even,True,56,10.0,10.0,7.0,6,medium,False,319,9,100.0,8,medium,2220,7,0.5857
False,33.8259,1000.0,453,18.944,10,0.0,True,True,83,9.4945,0,24,even,True,83,10.0,10.0,9.0,5,low,False,347,22,100.0,8,high,2798,9,0.6343
False,61.8212,881.5,321,13.0147,7,0.0,False,True,94,2.7959,1,19,even,False,67,10.0,10.0,4.0,5,low,False,465,28,100.0,8,low,3343,3,0.543
True,35.8725,803.0,322,20.0273,6,0.0,False,True,88,5.8348,0,32,uneven,True,76,10.0,10.0,7.0,4,low,False,635,28,100.0,7,medium,2694,7,0.6171
False,43.9717,1000.0,441,21.2417,3,0.0,False,True,86,3.3044,2,50,uneven,False,64,10.0,10.0,2.0,5,high,False,626,38,100.0,8,high,2557,2,0.6221
False,43.2291,837.5,345,24.1324,8,0.0,True,True,84,8.2815,1,6,even,False,62,10.0,10.0,7.0,4,low,False,232,23,100.0,7,low,2606,7,0.7048
False,54.8761,913.5,289,17.6365,7,0.0,True,False,94,9.6312,1,13,even,False,63,10.0,10.0,11.0,6,low,False,318,38,100.0,7,medium,2451,11,0.6091
False,45.5124,1000.0,588,23.6895,7,0.0,True,False,85,7.8898,0,10,even,False,67,9.5699,9.5699,9.0,5,high,False,453,30,100.0,8,low,2250,9,0.6376
False,59.2258,991.0,394,23.4209,9,0.0,True,True,84,1.0,1,48,uneven,True,65,10.0,10.0,2.0,5,high,False,491,21,100.0,8,low,2614,2,0.6918
False,52.4655,773.5,249,25.4364,4,0.0,True,True,86,9.7785,1,17,even,True,62,10.0,10.0,10.0,5,medium,False,225,26,100.0,7,medium,3040,10,0.5746
False,52.6417,781.0,254,20.9478,7,0.0,True,True,97,4.9735,1,40,uneven,False,76,10.0,10.0,4.0,5,low,False,400,28,100.0,8,medium,2763,4,0.563
False,58.9332,1000.0,406,30.4334,4,0.0,False,False,100,1.8917,1,20,even,False,66,7.7009,7.7009,2.0,6,medium,False,291,32,100.0,7,high,2702,2,0.6776
False,44.6145,810.5,327,10.6581,9,0.0,True,True,89,1.6453,1,12,even,True,67,10.0,10.0,10.0,4,medium,False,119,33,100.0,7,low,2573,9,0.654
True,54.1518,898.0,332,21.8556,7,0.0,False,False,91,6.1399,1,37,uneven,True,68,10.0,9.5725,1.0,5,medium,False,668,24,100.0,8,medium,2601,0,0.608
False,41.1267,793.0,262,26.644,4,0.0,True,True,87,9.5537,1,27,even,False,70,10.0,10.0,8.0,5,high,False,662,16,100.0,7,medium,3144,8,0.5417
True,36.2079,892.5,275,21.6988,10,0.0,False,True,93,6.755,1,43,uneven,True,66,10.0,10.0,10.0,6,high,False,717,28,100.0,7,medium,2606,10,0.669
False,48.7525,758.5,239,26.198,9,0.0,False,False,88,5.2676,1,9,even,True,56,8.9713,8.9713,8.0,5,medium,False,225,32,100.0,8,low,2535,8,0.5454
True,53.6639,866.0,364,16.7894,4,0.0,False,True,90,4.39,1,22,even,True,60,10.0,10.0,7.0,4,low,False,602,29,100.0,7,high,2526,7,0.5825
False,41.7803,678.5,239,22.7001,3,0.0,True,True,90,8.1005,1,6,even,False,67,10.0,10.0,9.0,4,medium,False,557,16,100.0,8,medium,2591,9,0.5627
False,52.9794,1000.0,444,20.0626,5,0.0,False,False,93,6.9105,1,23,even,False,67,9.5702,9.5702,2.0,5,high,False,799,24,100.0,8,low,2446,2,0.557
False,43.4328,778.0,252,22.5461,8,0.0,True,True,90,1.6191,1,34,uneven,False,62,8.8921,8.8921,1.0,5,medium,False,97,33,100.0,8,medium,2033,0,0.5544
True,36.3223,819.5,333,24.4599,4,0.0,False,True,90,6.7902,1,29,even,True,72,10.0,10.0,4.0,4,low,False,727,23,100.0,7,high,2664,4,0.586
True,41.7217,1000.0,467,24.3473,10,0.0,True,False,91,3.7047,1,31,uneven,True,73,10.0,8.0074,1.0,6,high,False,702,34,100.0,8,low,2462,1,0.6435
False,61.0325,1000.0,446,28.7893,9,0.0,True,False,95,5.9325,0,48,uneven,False,74,10.0,10.0,1.0,6,medium,False,41,13,100.0,8,high,2886,1,0.6714
True,57.9245,881.0,374,20.5862,3,0.0,False,False,98,9.6878,1,5,even,True,66,10.0,10.0,9.0,4,high,False,700,34,100.0,8,high,2585,9,0.5905
False,52.7662,1000.0,431,10.8287,7,0.0,True,False,90,6.7307,1,29,even,False,70,8.0528,8.0528,9.0,5,high,False,736,28,100.0,7,medium,1875,8,0.7105
False,45.5764,902.5,335,24.0527,6,0.0,True,True,97,7.1433,1,35,uneven,False,68,10.0,10.0,4.0,5,low,False,731,20,100.0,8,high,2665,4,0.5139
False,44.6977,1000.0,413,20.6481,8,0.0,False,False,93,5.0495,1,39,uneven,False,73,10.0,10.0,8.0,5,high,False,421,31,100.0,7,low,3037,8,0.5316
True,45.7974,938.5,359,16.2415,7,0.0,True,True,92,4.3683,1,43,uneven,True,82,10.0,10.0,8.0,5,medium,False,613,32,100.0,7,low,3040,8,0.7106
False,32.9064,731.0,274,16.8903,5,0.0,False,True,91,2.8968,1,23,even,False,63,10.0,10.0,6.0,4,medium,False,930,33,100.0,8,medium,3419,6,0.5331
False,50.0597,872.5,315,14.1505,8,0.0,False,False,85,7.3389,1,20,even,False,60,10.0,10.0,7.0,5,medium,False,503,25,100.0,8,low,2743,6,0.5977
False,43.2979,832.0,288,23.5269,6,0.0,False,True,87,8.2736,1,28,even,False,61,10.0,10.0,6.0,5,low,False,496,27,100.0,7,low,2798,6,0.5227
False,49.472,797.5,265,20.1234,6,0.0,False,True,97,1.7422,0,20,even,False,55,9.3311,9.3311,1.0,5,high,False,962,24,100.0,8,low,2184,0,0.5652
False,42.1222,952.0,368,13.1268,6,0.0,False,True,90,6.9915,1,9,even,False,66,10.0,10.0,11.0,5,high,False,932,42,100.0,7,high,2272,10,0.7294
False,58.1988,517.0,78,13.3545,10,0.0,False,False,93,4.0225,1,34,uneven,False,67,9.6937,9.6937,4.0,5,medium,False,299,21,100.0,9,medium,3073,3,0.6549
False,47.017,885.5,377,16.5403,8,0.0,True,False,93,3.9785,1,5,even,False,72,8.7217,8.7217,7.0,4,high,False,684,20,100.0,7,low,2693,7,0.674
False,45.5881,1000.0,422,24.5754,9,0.0,True,True,90,10.0,1,28,even,False,75,10.0,10.0,8.0,6,medium,False,309,19,100.0,7,low,3328,8,0.5977
False,41.7411,877.5,265,17.7127,12,0.0,True,False,94,7.4916,1,7,even,True,72,10.0,10.0,1.0,6,medium,False,393,28,100.0,7,high,2844,1,0.696
False,53.4129,967.0,378,20.5523,6,0.0,False,False,92,5.8833,1,21,even,False,66,10.0,10.0,8.0,5,low,False,663,19,100.0,7,medium,3246,8,0.6416
True,40.9312,824.5,283,20.9175,7,0.0,False,False,83,6.7382,1,16,even,True,72,10.0,10.0,5.0,5,medium,False,874,24,100.0,7,high,3810,5,0.5848
True,26.9045,950.5,367,19.5827,8,0.0,False,False,89,1.444,0,15,even,True,77,10.0,6.347,7.0,5,medium,False,556,27,100.0,8,medium,2250,7,0.6064
False,50.6408,863.0,362,20.0984,1,0.0,False,False,92,9.458,1,39,uneven,False,68,10.0,10.0,9.0,4,medium,False,749,24,100.0,7,low,2690,9,0.5982
True,52.0962,735.5,277,25.5601,11,0.0,True,True,89,5.9939,1,37,uneven,True,66,10.0,10.0,3.0,4,low,False,741,28,100.0,7,high,3015,3,0.6059
False,40.5672,1000.0,500,28.0969,8,0.0,True,True,84,2.9985,0,9,even,True,65,10.0,10.0,3.0,5,high,False,201,29,100.0,7,medium,2348,3,0.6394
False,45.0724,950.5,367,20.3129,9,0.0,False,True,95,7.6337,1,32,uneven,False,70,10.0,10.0,1.0,5,low,False,229,37,100.0,8,low,2700,0,0.5777
False,46.4765,854.5,303,25.5265,5,0.0,True,True,87,3.591,1,45,uneven,False,66,10.0,10.0,2.0,5,medium,False,410,20,100.0,7,low,2645,2,0.7034
True,40.6517,834.5,343,20.4121,9,0.0,False,False,89,9.3266,1,23,even,True,67,10.0,10.0,4.0,4,medium,False,666,18,100.0,8,medium,2356,4,0.6108
False,47.7604,769.0,246,12.2879,8,0.0,True,False,90,8.6747,1,18,even,False,55,10.0,10.0,3.0,5,high,False,457,25,100.0,7,high,2665,2,0.6308
False,40.8677,792.0,208,21.7889,9,0.0,False,False,90,6.5147,1,45,uneven,True,71,9.5348,9.5348,1.0,6,low,False,197,26,100.0,7,medium,2511,1,0.627
False,38.5877,878.5,319,20.2298,6,0.0,True,True,90,9.2877,1,5,even,False,70,10.0,10.0,3.0,5,medium,False,879,36,100.0,8,high,2623,3,0.5236
True,41.6265,959.5,373,24.3251,11,0.0,False,False,83,1.0,1,24,even,True,67,10.0,6.985,11.0,5,high,False,922,24,100.0,7,low,2594,11,0.5808
True,45.5135,1000.0,472,20.7208,8,0.0,True,True,92,6.5036,1,25,even,True,62,10.0,10.0,1.0,6,high,False,686,34,100.0,7,high,2677,0,0.6399
False,49.0706,872.5,315,23.7199,10,0.0,False,False,92,8.0949,1,31,uneven,True,75,9.745,9.745,4.0,5,high,False,223,27,100.0,8,medium,2279,4,0.603
True,32.7678,896.5,331,22.2864,7,0.0,False,False,90,5.7938,0,42,uneven,True,72,10.0,10.0,5.0,5,high,False,757,32,100.0,8,low,3227,5,0.6139
True,48.2787,777.5,305,19.8648,10,0.0,True,True,91,9.0368,1,28,even,True,70,10.0,10.0,10.0,4,high,False,654,18,100.0,8,low,1902,10,0.5842
False,49.8198,1000.0,505,24.2978,8,0.0,True,True,99,2.8863,2,39,uneven,False,75,10.0,10.0,8.0,6,high,False,506,30,100.0,8,low,2585,8,0.617
False,46.4257,792.5,315,20.7985,7,0.0,True,True,87,1.9138,0,43,uneven,False,70,9.8319,9.8319,1.0,4,low,False,390,26,100.0,7,medium,2350,0,0.7028
False,31.0908,812.5,275,22.4057,9,0.0,True,False,91,6.1204,1,21,even,False,66,10.0,10.0,9.0,5,medium,False,651,33,100.0,7,medium,3078,9,0.5894
False,49.9333,1000.0,451,20.9381,8,0.0,True,True,92,1.4535,1,22,even,False,71,10.0,10.0,2.0,5,high,False,246,22,100.0,7,low,2813,2,0.5516
False,40.5106,821.5,281,28.6603,4,0.0,False,True,86,7.3857,1,39,uneven,False,63,10.0,10.0,7.0,5,medium,False,151,27,100.0,8,low,2640,7,0.692
False,59.9336,1000.0,479,22.5743,6,0.0,False,False,84,4.1398,1,31,uneven,False,78,8.2824,8.2824,6.0,5,low,False,256,29,100.0,7,medium,2485,6,0.6615
False,60.4082,1000.0,420,16.5757,5,0.0,True,True,80,4.2326,0,23,even,False,62,10.0,10.0,8.0,5,medium,False,960,26,100.0,8,high,2306,8,0.5929
False,43.2673,921.0,294,18.3196,7,0.0,False,False,95,6.1907,1,45,uneven,False,70,9.5803,9.5803,11.0,6,high,False,823,28,100.0,8,medium,2594,11,0.673
False,43.3293,1000.0,513,19.3685,6,0.0,True,True,95,9.3384,1,5,even,False,65,10.0,10.0,8.0,5,high,False,968,17,100.0,8,high,2384,8,0.6459
True,34.0228,928.0,352,15.2664,6,0.0,False,False,89,2.0768,1,13,even,True,66,10.0,9.1784,3.0,5,low,False,640,28,100.0,8,medium,3256,3,0.6013
False,40.043,995.5,397,23.4551,10,0.0,True,False,95,6.7321,1,39,uneven,False,71,9.1735,9.1735,1.0,5,low,False,636,30,100.0,8,medium,2323,0,0.5901
False,32.1657,776.5,251,17.2009,6,0.0,False,False,92,3.4504,1,27,even,False,76,10.0,10.0,5.0,5,high,False,679,22,100.0,7,medium,3432,5,0.5881
True,42.0369,866.5,311,26.5454,7,0.0,True,True,92,7.2325,1,44,uneven,True,69,10.0,10.0,7.0,5,medium,False,782,26,100.0,8,low,2854,7,0.5961
False,30.2064,1000.0,498,20.6547,5,0.0,True,False,89,7.2429,1,13,even,False,63,10.0,10.0,5.0,5,low,False,641,22,100.0,8,medium,3357,5,0.6102
False,47.0558,1000.0,458,22.9809,10,0.0,True,True,89,5.9283,1,47,uneven,False,81,10.0,10.0,7.0,5,low,False,195,34,100.0,7,medium,2573,7,0.7265
False,43.9199,718.5,319,17.1748,9,0.0,False,True,96,6.0481,1,25,even,False,68,10.0,10.0,9.0,3,medium,False,860,26,100.0,8,medium,2527,9,0.5412
False,32.34,831.5,341,12.9549,8,0.0,True,True,87,1.6585,0,42,uneven,True,68,9.8767,9.8767,11.0,4,low,False,431,25,100.0,7,low,2419,10,0.6292
False,37.384,1000.0,372,17.1299,5,0.0,True,True,88,7.7603,1,41,uneven,False,69,10.0,10.0,8.0,6,medium,False,925,29,100.0,7,medium,2641,8,0.6028
False,48.0945,851.5,301,19.9486,7,0.0,False,True,84,6.9096,0,17,even,False,61,10.0,10.0,7.0,5,low,False,870,32,100.0,7,high,2651,7,0.5937
False,53.1684,743.0,282,26.8879,5,0.0,True,False,93,6.6783,1,40,uneven,True,64,9.5892,9.5892,4.0,4,high,False,489,40,100.0,8,high,2500,4,0.6469
False,45.4004,710.5,207,23.7557,8,0.0,True,False,92,9.4955,1,37,uneven,False,79,10.0,10.0,1.0,5,high,False,953,41,100.0,7,low,2225,1,0.538
False,27.9782,1000.0,428,26.1236,4,0.0,False,True,84,7.453,2,42,uneven,False,66,10.0,10.0,9.0,6,high,False,472,29,100.0,7,low,2725,9,0.5785
False,52.6078,1000.0,408,19.7473,10,0.0,True,True,95,7.7859,1,35,uneven,True,66,10.0,10.0,6.0,6,high,False,329,34,100.0,8,high,3139,6,0.6654
False,38.6014,839.5,293,13.5205,7,0.0,False,False,93,9.0135,1,49,uneven,True,60,10.0,10.0,8.0,5,medium,False,170,21,100.0,7,medium,2476,7,0.4988
True,54.7957,987.5,445,21.6439,5,0.0,False,True,91,1.9923,1,16,even,True,67,10.0,10.0,3.0,4,high,False,960,17,100.0,7,high,2603,3,0.6323
False,40.0539,1000.0,467,14.8734,9,0.0,True,True,98,6.6284,0,43,uneven,False,70,10.0,10.0,7.0,5,medium,False,649,26,100.0,7,medium,2592,6,0.5877
False,30.2355,1000.0,426,23.3845,9,0.0,True,False,99,3.3145,2,5,even,False,69,7.7198,7.7198,5.0,7,medium,False,621,27,100.0,8,high,2425,5,0.7204
True,31.9211,753.5,289,24.6909,2,0.0,False,True,89,8.9667,1,11,even,True,63,10.0,10.0,3.0,4,high,False,904,24,100.0,8,medium,3700,3,0.6102
False,50.2638,1000.0,408,26.2208,4,0.0,False,True,85,6.7736,2,30,even,True,59,10.0,10.0,6.0,5,high,False,146,40,100.0,8,low,2273,6,0.6158
False,34.2543,1000.0,582,25.3383,12,0.0,False,False,91,1.1536,1,39,uneven,False,70,7.2243,7.2243,5.0,4,high,False,979,23,100.0,8,medium,2659,5,0.5596
False,46.6489,773.5,249,29.6884,7,0.0,True,False,84,7.168,0,43,uneven,False,64,10.0,10.0,1.0,5,medium,False,370,27,100.0,7,high,3293,1,0.5113
True,28.7136,1000.0,403,28.3444,7,0.0,False,False,97,5.0589,1,44,uneven,True,80,10.0,8.7944,7.0,6,medium,False,586,35,100.0,7,low,2506,7,0.6314
False,46.8426,847.5,245,16.7046,5,0.0,False,False,86,6.6718,1,44,uneven,False,78,10.0,10.0,4.0,6,low,False,970,26,100.0,8,medium,3182,4,0.595
True,39.6753,842.0,348,18.19,3,0.0,False,True,84,3.778,1,38,uneven,True,69,10.0,10.0,4.0,4,low,False,565,25,100.0,8,high,3299,4,0.5608
True,57.7948,646.0,324,22.3196,11,0.0,False,False,92,9.8123,2,21,even,True,66,10.0,10.0,1.0,2,high,False,575,28,100.0,7,medium,2388,0,0.5184
False,54.5729,671.0,234,15.2536,4,0.0,True,True,91,6.6954,1,11,even,False,75,10.0,10.0,7.0,4,medium,False,746,29,100.0,8,medium,3052,7,0.5746
False,32.411,1000.0,442,21.9743,11,0.0,True,True,88,2.5253,1,15,even,False,64,9.6802,9.6802,8.0,6,medium,False,661,37,100.0,8,low,2167,8,0.5743
False,46.5889,947.0,418,15.6084,3,0.0,False,True,92,1.7144,1,5,even,True,66,9.2997,9.2997,5.0,4,low,False,92,33,100.0,7,medium,2177,5,0.5595
False,44.1648,1000.0,460,23.9001,6,0.0,True,True,99,3.8836,1,5,even,True,64,10.0,10.0,2.0,6,low,False,46,22,100.0,7,high,2690,2,0.6552
False,37.5276,1000.0,433,18.0866,5,0.0,True,True,96,3.2355,1,12,even,False,70,10.0,10.0,10.0,5,low,False,503,30,100.0,7,medium,2791,10,0.5808
True,30.9415,770.5,247,25.4095,8,0.0,True,True,93,8.8507,1,26,even,True,68,10.0,10.0,6.0,5,medium,False,770,11,100.0,8,medium,3182,6,0.6366
True,48.1714,955.0,370,20.7412,6,0.0,False,False,84,1.9919,0,40,uneven,True,70,10.0,7.3559,4.0,5,medium,False,861,35,100.0,8,medium,2544,4,0.6773
False,49.1651,755.0,290,19.7879,9,0.0,True,False,92,4.3897,1,23,even,False,70,7.1698,7.1698,5.0,4,low,False,479,20,100.0,7,high,1990,5,0.6841
False,46.1577,860.5,307,27.061,11,0.0,False,False,89,1.2915,1,10,even,False,62,7.2457,7.2457,11.0,5,medium,False,724,36,100.0,8,high,2640,11,0.4972
True,55.7778,803.5,269,23.9064,6,0.0,False,False,90,2.2029,1,26,even,True,73,10.0,8.5814,1.0,5,low,False,725,24,100.0,7,low,2992,1,0.5886
False,38.3065,935.5,357,23.1348,6,0.0,False,False,96,4.1027,2,5,even,True,79,8.9139,8.9139,1.0,5,medium,False,359,31,100.0,8,low,2745,1,0.6258
False,48.0639,662.5,175,15.1094,8,0.0,True,True,93,3.8037,1,18,even,False,68,10.0,10.0,3.0,5,low,False,520,21,100.0,7,high,2501,3,0.5656
False,31.3497,809.0,326,22.1897,2,0.0,False,False,92,8.6636,1,37,uneven,False,61,9.8793,9.8793,6.0,4,medium,False,622,31,100.0,8,medium,2219,6,0.5634
False,33.784,800.5,267,27.9779,6,0.0,True,True,96,1.7433,1,27,even,False,68,10.0,10.0,1.0,5,low,False,101,28,100.0,8,low,3004,0,0.5852
False,60.5211,855.5,357,20.8978,6,0.0,True,True,93,9.2303,1,31,uneven,False,67,10.0,10.0,3.0,4,low,False,325,22,100.0,7,high,3177,3,0.6713
True,59.6963,863.0,362,25.1302,5,0.0,True,True,91,5.5216,1,37,uneven,True,66,10.0,10.0,12.0,4,medium,False,791,31,100.0,7,high,2638,12,0.5696
False,44.8097,966.0,324,16.1203,4,0.0,True,True,90,8.4088,0,24,even,True,79,10.0,10.0,1.0,6,low,False,56,26,100.0,7,high,2378,1,0.6873
False,36.4707,901.0,334,22.4859,6,0.0,True,True,93,10.0,0,18,even,False,76,10.0,10.0,2.0,5,high,False,676,24,100.0,7,low,2481,2,0.5499
False,38.9156,1000.0,437,26.8875,4,0.0,True,True,91,8.31,0,49,uneven,False,71,10.0,10.0,6.0,6,medium,False,94,25,100.0,8,medium,2465,6,0.6978
True,45.6975,967.0,378,21.0278,10,0.0,False,False,94,6.5026,1,18,even,True,71,10.0,10.0,11.0,5,medium,False,958,25,100.0,8,low,3164,11,0.6178
False,37.1121,997.0,398,20.2242,8,0.0,True,False,93,6.3679,0,16,even,False,74,9.6689,9.6689,4.0,5,high,False,969,26,100.0,7,medium,2594,4,0.6078
False,65.7073,706.0,204,23.4368,7,0.0,True,True,87,3.383,1,19,even,False,73,10.0,10.0,7.0,5,medium,False,316,26,100.0,8,medium,2874,7,0.6192
True,47.5104,957.5,425,24.0987,8,0.0,False,False,92,9.4701,1,9,even,True,61,10.0,10.0,9.0,4,high,False,557,22,100.0,7,medium,3160,9,0.6992
False,37.4304,757.0,238,17.8961,7,0.0,True,True,90,4.3416,1,11,even,False,63,10.0,10.0,9.0,5,medium,False,437,34,100.0,7,low,2809,9,0.6052
False,52.0278,1000.0,482,17.5416,8,0.0,True,True,87,4.0735,1,14,even,False,58,10.0,10.0,8.0,5,medium,False,675,32,100.0,8,high,2507,8,0.5717
False,53.9846,889.0,326,14.0361,7,0.0,True,True,92,4.9707,1,36,uneven,True,63,10.0,10.0,1.0,5,high,False,337,36,100.0,7,high,2652,0,0.5737
True,52.5066,668.0,232,24.3879,5,0.0,True,True,87,7.4161,0,7,even,True,59,10.0,10.0,1.0,4,medium,False,796,19,100.0,7,high,2901,0,0.6209
True,40.3976,1000.0,416,19.9765,12,0.0,True,False,88,5.1522,1,43,uneven,True,63,10.0,9.6836,2.0,5,high,False,996,27,100.0,8,high,2843,2,0.6319
False,28.7807,935.5,357,18.2021,7,0.0,False,True,90,5.0755,1,24,even,False,67,10.0,10.0,6.0,5,high,False,159,30,100.0,9,high,2264,6,0.5985
False,46.0787,769.0,246,14.3308,6,0.0,True,True,94,1.6257,1,17,even,False,67,10.0,10.0,2.0,5,high,False,183,34,100.0,8,high,3087,1,0.5654
False,32.7068,1000.0,424,26.4203,9,0.0,False,False,84,7.8536,1,25,even,False,53,9.7668,9.7668,1.0,6,medium,False,621,17,100.0,8,low,2336,1,0.6868
False,48.4779,931.0,354,19.1806,10,0.0,True,False,89,4.1983,0,13,even,True,59,8.8292,8.8292,7.0,5,high,False,498,25,100.0,7,medium,2692,7,0.6507
False,30.3871,947.5,365,12.0585,10,0.0,False,True,87,8.5552,1,6,even,False,69,10.0,10.0,3.0,5,high,False,40,42,100.0,8,high,1956,2,0.6463
False,46.8251,979.5,333,25.0914,6,0.0,False,True,94,2.7845,1,17,even,False,66,9.2898,9.2898,5.0,6,high,False,449,20,100.0,8,medium,1959,5,0.5301
False,46.8806,764.0,296,21.6796,9,0.0,True,False,88,7.2315,1,37,uneven,True,55,9.6432,9.6432,3.0,4,high,False,203,34,100.0,7,low,2411,3,0.5666
False,42.0657,989.5,393,31.1008,6,0.0,False,True,93,4.3286,1,11,even,False,61,10.0,10.0,11.0,5,low,False,470,29,100.0,8,low,3121,11,0.6413
True,49.9448,899.5,333,22.5429,8,0.0,True,False,80,4.6107,1,6,even,True,72,10.0,9.4204,10.0,5,medium,False,746,25,100.0,7,medium,2846,10,0.5805
False,35.7409,648.5,219,16.1047,6,0.0,True,False,95,7.985,1,35,uneven,True,68,10.0,10.0,4.0,4,low,False,279,26,100.0,7,high,2624,4,0.6367
False,39.5525,687.5,245,25.1063,7,0.0,False,True,87,1.6635,1,42,uneven,True,74,10.0,10.0,1.0,4,medium,False,411,14,100.0,8,high,2478,1,0.5235
False,37.8765,725.5,217,16.1618,5,0.0,True,True,90,4.7891,1,36,uneven,True,79,10.0,10.0,3.0,5,medium,False,13,32,100.0,8,high,2124,3,0.5989
True,41.3078,786.5,311,21.5954,7,0.0,True,True,85,9.0446,1,19,even,True,77,10.0,10.0,5.0,4,low,False,580,22,100.0,7,medium,2338,5,0.5804
False,35.2225,1000.0,452,23.4369,12,0.0,True,False,95,1.3727,1,11,even,False,55,7.0488,7.0488,1.0,5,medium,False,357,22,100.0,8,high,2545,1,0.6214
False,45.1844,890.5,327,21.1208,9,0.0,False,True,92,5.7258,1,13,even,True,60,10.0,10.0,2.0,5,medium,False,149,27,100.0,7,high,2600,2,0.6385
False,49.8307,887.5,325,15.3972,6,0.0,False,True,91,1.7712,0,8,even,False,70,10.0,10.0,4.0,5,high,False,906,29,100.0,8,high,2713,4,0.6792
True,43.0863,767.5,245,26.9772,5,0.0,False,False,80,1.2558,2,43,uneven,True,55,10.0,7.1479,10.0,5,low,False,648,22,100.0,8,high,2608,10,0.6963
True,32.0234,906.5,391,21.3603,8,0.0,True,True,95,7.4288,1,11,even,True,62,10.0,10.0,3.0,4,medium,False,746,21,100.0,8,low,2335,3,0.6222
True,46.3405,1000.0,518,18.1005,8,0.0,False,False,92,2.5934,1,18,even,True,66,10.0,7.3842,1.0,5,medium,False,964,35,100.0,8,high,2435,1,0.6484
False,44.4842,965.5,377,19.5759,10,0.0,False,True,85,6.6788,1,18,even,True,70,10.0,10.0,1.0,5,high,False,82,24,100.0,7,low,2529,1,0.6924
False,48.9492,916.0,344,22.0321,7,0.0,False,True,100,9.2785,1,7,even,False,64,10.0,10.0,7.0,5,high,False,662,36,100.0,8,low,2353,7,0.5736
False,46.619,905.5,337,19.6517,7,0.0,True,False,93,6.6112,1,14,even,True,61,9.3931,9.3931,5.0,5,high,False,10,28,100.0,7,low,2435,5,0.7219
False,51.3198,1000.0,437,24.6635,14,0.0,False,True,93,2.2223,0,19,even,True,66,10.0,10.0,8.0,6,medium,False,113,35,100.0,8,low,2658,8,0.6102
False,35.3055,868.0,312,21.2417,7,0.0,True,True,84,5.8904,1,45,uneven,False,59,10.0,10.0,1.0,5,high,False,440,34,100.0,8,medium,2836,1,0.6719
False,52.0616,845.0,350,21.4392,6,0.0,True,False,91,1.5732,1,34,uneven,False,75,9.7141,9.7141,1.0,4,low,False,144,23,100.0,7,low,3571,1,0.6605
False,38.5057,843.5,189,22.5853,6,0.0,True,False,89,4.688,0,12,even,True,71,8.199,8.199,4.0,7,low,False,129,25,100.0,7,high,2342,4,0.528
False,51.4589,740.0,280,15.6686,8,0.0,True,True,96,10.0,1,13,even,True,70,10.0,10.0,11.0,4,high,False,41,20,100.0,7,medium,2762,11,0.5945
True,41.5898,1000.0,519,22.7808,8,0.0,False,False,95,8.6176,2,40,uneven,True,71,10.0,10.0,7.0,4,high,False,799,33,100.0,8,high,2527,7,0.5696
False,56.1857,1000.0,501,22.5068,8,0.0,True,False,86,2.3318,0,5,even,True,63,7.9709,7.9709,10.0,5,high,False,481,24,100.0,8,high,2722,10,0.58
True,44.4024,818.5,279,19.6472,5,0.0,False,True,88,2.0836,1,17,even,True,67,10.0,10.0,3.0,5,medium,False,634,22,100.0,8,medium,2445,3,0.6554
False,43.1679,736.0,224,23.4875,4,0.0,True,False,94,7.7092,0,34,uneven,True,63,10.0,10.0,5.0,5,low,False,59,26,100.0,8,high,2840,5,0.6013
False,46.1209,845.0,350,24.5325,6,0.0,False,False,87,9.3604,1,43,uneven,False,70,10.0,10.0,9.0,4,high,False,859,19,100.0,8,low,2850,9,0.6764
False,39.2155,557.0,158,17.5795,9,0.0,False,True,97,4.0355,1,13,even,False,69,10.0,10.0,1.0,4,high,False,624,19,100.0,8,medium,2151,1,0.6781
False,49.8905,1000.0,520,16.5644,5,0.0,False,True,91,9.2557,1,20,even,False,69,10.0,10.0,8.0,5,medium,False,249,12,100.0,7,medium,2701,8,0.6422
True,40.5957,754.0,236,24.8927,9,0.0,True,True,88,3.7546,1,16,even,True,62,10.0,10.0,6.0,5,medium,False,687,19,100.0,8,medium,2569,6,0.6841
False,48.1063,1000.0,410,21.5962,8,0.0,False,False,91,4.3203,1,9,even,False,58,8.4527,8.4527,10.0,6,medium,False,888,28,100.0,7,low,2517,10,0.6137
True,45.7743,788.5,259,15.4032,4,0.0,False,False,87,3.5573,1,36,uneven,True,72,10.0,10.0,9.0,5,high,False,964,24,100.0,8,high,3468,9,0.6151
False,53.4906,905.0,390,25.7258,13,0.0,False,False,95,3.6355,1,12,even,False,65,8.6127,8.6127,1.0,4,low,False,127,36,100.0,7,medium,2718,0,0.5541
False,50.1812,1000.0,430,17.6644,1,0.0,False,False,82,6.4254,1,21,even,True,56,9.0027,9.0027,9.0,5,high,False,67,29,100.0,7,medium,2316,9,0.5979
True,40.1989,1000.0,369,18.1032,7,0.0,True,True,93,2.7314,2,31,uneven,True,61,10.0,10.0,5.0,7,high,False,735,26,100.0,7,medium,2710,5,0.6312
False,40.2061,837.5,345,18.0424,9,0.0,True,False,87,2.3703,0,15,even,True,75,8.7626,8.7626,7.0,4,medium,False,187,33,100.0,8,low,3031,7,0.6493
False,33.1147,991.0,394,19.1123,2,0.0,True,False,91,9.1869,1,25,even,True,70,10.0,10.0,9.0,5,high,False,422,28,100.0,7,medium,2561,9,0.5876
False,51.2651,831.0,234,18.2517,7,0.0,False,False,92,2.2456,0,6,even,False,75,7.3803,7.3803,1.0,6,low,False,1000,26,100.0,8,low,2503,0,0.6132
False,39.6203,766.0,244,22.2005,4,0.0,False,True,92,6.5681,0,39,uneven,True,66,10.0,10.0,9.0,5,medium,False,61,25,100.0,8,medium,2719,9,0.7518
False,35.6006,1000.0,463,25.5528,9,0.0,True,True,86,2.5363,1,26,even,True,63,10.0,10.0,7.0,4,high,False,10,33,100.0,8,high,2865,7,0.6323
False,41.9136,1000.0,401,22.9995,9,0.0,False,False,96,5.828,1,20,even,False,57,8.5365,8.5365,9.0,5,medium,False,533,27,100.0,7,medium,2249,9,0.5989
False,40.3025,761.0,294,17.8716,9,0.0,True,False,86,9.1805,1,5,even,False,64,10.0,10.0,10.0,4,medium,False,939,29,100.0,8,medium,2626,10,0.5321
False,41.2145,876.0,264,31.9845,10,0.0,True,False,99,4.6844,1,37,uneven,True,70,8.3347,8.3347,9.0,6,high,False,237,28,100.0,8,medium,2397,9,0.6253
False,47.0673,1000.0,515,21.4287,8,0.0,True,True,92,7.559,1,45,uneven,False,59,10.0,10.0,2.0,6,low,False,716,23,100.0,8,high,2898,2,0.5359
False,35.0246,1000.0,457,24.5032,7,0.0,False,False,100,5.751,2,13,even,False,68,8.3955,8.3955,11.0,6,high,False,874,23,100.0,8,low,2208,11,0.5823
True,43.4124,1000.0,518,19.2573,3,0.0,True,False,87,6.4264,1,28,even,True,74,10.0,9.1457,3.0,5,low,False,780,33,100.0,8,high,2373,3,0.6309
False,47.6371,704.5,203,22.9489,10,0.0,True,False,85,5.3268,1,44,uneven,True,67,10.0,10.0,8.0,5,high,False,129,21,100.0,8,medium,3156,8,0.5575
False,44.7669,720.5,267,22.2251,10,0.0,False,True,85,6.3544,1,32,uneven,False,57,10.0,10.0,5.0,4,low,False,417,29,100.0,8,high,2257,5,0.6298
True,42.7982,1000.0,418,26.44,7,0.0,True,True,94,3.964,1,22,even,True,65,10.0,10.0,10.0,6,medium,False,659,18,100.0,7,low,2402,10,0.5632
False,26.9622,844.0,296,20.6143,8,0.0,False,True,88,10.0,1,44,uneven,False,67,10.0,10.0,10.0,5,medium,False,891,32,100.0,7,medium,2657,10,0.6207
False,53.4681,943.5,309,22.1165,7,0.0,True,True,83,9.4087,1,14,even,False,65,10.0,10.0,9.0,6,medium,False,91,23,100.0,8,medium,3354,9,0.6282
False,37.3735,1000.0,480,18.3336,6,0.0,False,True,89,6.4547,1,21,even,False,63,10.0,10.0,9.0,5,low,False,544,23,100.0,8,low,2128,9,0.6095
True,42.7209,844.0,296,21.0043,7,0.0,False,True,88,7.0065,2,38,uneven,True,68,10.0,10.0,5.0,5,high,False,682,21,100.0,8,low,2467,5,0.6815
False,43.8343,917.0,398,26.3145,6,0.0,False,True,90,5.0049,1,5,even,False,57,10.0,10.0,10.0,4,high,False,560,15,100.0,7,high,2732,10,0.6488
False,46.2681,879.5,373,25.1521,9,0.0,True,False,92,3.1019,1,36,uneven,False,67,7.1259,7.1259,6.0,4,low,False,322,26,100.0,8,medium,2230,6,0.6926
False,45.6985,844.0,296,21.6854,8,0.0,True,False,81,5.1562,1,36,uneven,True,49,8.8381,8.8381,1.0,5,low,False,432,27,100.0,7,medium,2504,0,0.5966
False,46.8091,705.5,257,27.1486,8,0.0,False,False,92,1.6891,1,44,uneven,False,57,7.6545,7.6545,2.0,4,medium,False,814,35,100.0,8,high,2724,2,0.6234
False,39.3887,1000.0,476,28.0536,6,0.0,True,True,95,1.0886,1,42,uneven,False,66,10.0,10.0,11.0,4,high,False,466,40,100.0,8,medium,2827,11,0.5637
False,39.0552,973.5,329,15.735,7,0.0,True,True,85,6.6431,2,24,even,False,68,10.0,10.0,8.0,6,low,False,329,40,100.0,7,high,2152,8,0.5515
False,41.9308,996.0,344,21.3363,4,0.0,False,True,89,5.0321,1,50,uneven,False,67,10.0,10.0,11.0,6,medium,False,315,29,100.0,7,medium,3374,11,0.6594
True,47.7466,994.5,343,23.8602,11,0.0,True,False,87,7.6559,2,16,even,True,67,10.0,10.0,6.0,6,medium,False,517,18,100.0,8,high,3311,6,0.6033
False,59.4146,1000.0,350,23.2875,6,0.0,True,False,83,3.7873,0,33,uneven,False,61,9.2512,9.2512,11.0,6,high,False,572,27,100.0,7,medium,2943,11,0.5381
False,51.4255,1000.0,548,23.9162,10,0.0,True,False,88,1.5047,1,12,even,False,68,6.5249,6.5249,7.0,4,low,False,890,31,100.0,7,medium,2309,7,0.65
True,44.3271,788.5,259,13.6494,8,0.0,False,False,84,1.8756,0,42,uneven,True,57,10.0,7.4603,6.0,5,medium,False,703,30,100.0,8,low,2609,5,0.5646
False,47.0124,789.0,206,23.9861,10,0.0,False,False,93,8.4281,0,44,uneven,True,74,10.0,10.0,12.0,6,low,False,277,7,100.0,7,low,2756,12,0.5885
False,29.1259,703.5,309,24.5108,6,0.0,True,False,81,9.6182,1,18,even,False,64,10.0,10.0,8.0,3,high,False,824,29,100.0,8,low,2751,8,0.6148
False,51.9297,1000.0,369,21.5701,8,0.0,False,False,87,9.2488,1,50,uneven,False,78,10.0,10.0,2.0,6,high,False,868,21,100.0,7,high,3365,2,0.5786
False,43.9758,910.0,340,28.2727,5,0.0,True,True,83,5.4245,1,44,uneven,False,72,10.0,10.0,11.0,5,high,False,583,19,100.0,7,medium,3287,11,0.6184
True,24.531,813.5,329,16.3383,7,0.0,False,True,93,2.8172,1,17,even,True,83,10.0,10.0,1.0,4,medium,False,860,24,100.0,7,low,3015,0,0.6907
False,32.8712,1000.0,404,18.5944,6,0.0,True,True,92,9.8561,2,15,even,True,80,10.0,10.0,11.0,6,medium,False,446,23,100.0,8,high,2696,11,0.4755
False,57.1972,909.5,393,24.0274,7,0.0,True,False,90,1.5648,1,34,uneven,False,72,7.4824,7.4824,4.0,4,medium,False,410,24,100.0,7,medium,2680,4,0.6901
False,39.1272,1000.0,394,24.6873,9,0.0,False,True,96,9.5502,1,34,uneven,False,69,10.0,10.0,1.0,6,high,False,790,31,100.0,8,medium,3123,1,0.6086
False,38.752,731.0,274,19.1274,8,0.0,False,False,93,7.7556,1,32,uneven,True,79,9.6703,9.6703,2.0,4,high,False,58,36,100.0,7,medium,2317,2,0.6857
False,42.4731,929.5,353,25.8055,5,0.0,False,False,94,6.5227,1,31,uneven,False,78,9.8363,9.8363,8.0,5,high,False,808,29,100.0,7,medium,2630,8,0.6215
True,32.1105,831.5,341,10.2906,12,0.0,True,False,91,6.2821,1,48,uneven,True,46,10.0,10.0,6.0,4,low,False,858,46,100.0,7,high,3151,5,0.5808
False,45.9378,780.5,307,24.9292,2,0.0,True,True,96,4.2689,2,7,even,False,76,10.0,10.0,11.0,4,high,False,545,26,100.0,7,high,2922,11,0.6028
False,42.2977,841.0,294,27.7514,7,0.0,True,True,81,4.2304,1,10,even,False,60,10.0,10.0,10.0,5,high,False,430,28,100.0,7,high,2784,10,0.6365
False,53.4752,533.5,89,15.3502,9,0.0,False,True,95,6.9053,1,29,even,False,75,10.0,10.0,4.0,5,low,False,536,17,100.0,7,medium,3295,4,0.6376
True,51.6114,845.5,297,23.1827,8,0.0,False,False,90,4.5645,0,23,even,True,56,10.0,9.0573,1.0,5,low,False,748,31,100.0,7,medium,2710,1,0.4619
False,44.973,830.5,287,24.4424,7,0.0,False,True,91,6.5244,1,33,uneven,False,72,10.0,10.0,2.0,5,low,False,332,22,100.0,8,low,3273,2,0.6652
False,41.3772,955.5,317,21.7971,9,0.0,True,True,80,5.0774,1,44,uneven,True,72,10.0,10.0,9.0,6,medium,False,492,26,100.0,7,low,3216,9,0.6067
True,41.65,974.5,383,18.3584,7,0.0,False,True,92,3.3978,1,40,uneven,True,72,10.0,10.0,8.0,5,low,False,565,28,100.0,7,medium,3070,8,0.5861
False,51.6289,779.5,253,18.481,3,0.0,False,False,88,7.5791,1,34,uneven,False,73,9.002,9.002,6.0,5,low,False,908,24,100.0,8,medium,2085,6,0.5354
False,47.057,836.0,344,25.1274,8,0.0,True,False,100,1.431,1,20,even,False,68,7.543,7.543,5.0,4,high,False,966,31,100.0,7,high,2731,5,0.518
True,51.8724,815.5,277,28.0784,9,0.0,False,True,95,5.109,1,46,uneven,True,74,10.0,10.0,4.0,5,low,False,987,20,100.0,7,high,2684,4,0.5958
False,42.9574,801.5,321,30.6846,5,0.0,True,False,85,7.7369,1,37,uneven,False,65,9.1059,9.1059,4.0,4,medium,False,220,30,100.0,7,low,2095,4,0.6846
True,41.9751,1000.0,409,15.4648,6,0.0,True,False,93,7.4973,1,48,uneven,True,67,10.0,10.0,11.0,5,high,False,974,22,100.0,7,low,3042,11,0.5533
False,32.0665,901.0,334,23.5453,10,0.0,False,False,99,3.6381,0,14,even,True,60,6.8891,6.8891,3.0,5,medium,False,165,32,100.0,7,low,2028,3,0.5632
False,16.2377,857.0,358,27.0473,5,0.0,False,True,91,5.306,0,11,even,False,63,10.0,10.0,9.0,4,medium,False,948,23,100.0,7,medium,2299,9,0.6951
True,34.2635,895.5,277,23.8301,3,0.0,True,True,88,8.8052,1,35,uneven,True,62,10.0,10.0,1.0,6,medium,False,793,9,100.0,8,high,2520,0,0.5814
False,39.6208,1000.0,466,13.3264,6,0.0,True,True,95,2.001,1,13,even,False,75,10.0,10.0,3.0,5,low,False,207,19,100.0,7,medium,3146,2,0.5932
False,46.6486,984.5,443,21.782,6,0.0,True,False,84,6.5463,1,14,even,False,63,9.6756,9.6756,8.0,4,low,False,811,35,100.0,7,medium,2561,8,0.6199
False,33.3364,861.5,361,20.9312,9,0.0,False,True,87,9.8635,1,21,even,False,61,10.0,10.0,3.0,4,high,False,567,19,100.0,8,low,2719,3,0.6741
False,38.1274,780.5,307,17.7143,5,0.0,True,False,87,3.9766,1,13,even,True,63,7.4358,7.4358,2.0,4,medium,False,496,18,100.0,8,medium,2179,2,0.6401
False,28.6889,1000.0,470,28.2566,6,0.0,True,True,89,7.9573,1,25,even,False,61,10.0,10.0,9.0,5,high,False,821,34,100.0,9,low,2423,9,0.6414
False,44.947,833.5,289,26.4119,5,0.0,True,True,88,2.5108,1,26,even,False,65,9.9054,9.9054,10.0,5,medium,False,366,35,100.0,7,medium,2260,10,0.6867
False,49.3623,749.5,233,16.6682,9,0.0,True,False,94,8.6549,1,50,uneven,False,55,10.0,10.0,5.0,5,medium,False,928,34,100.0,8,high,2547,5,0.5479
False,39.2322,1000.0,323,18.8538,10,0.0,False,False,100,1.6965,1,39,uneven,False,66,7.3532,7.3532,3.0,8,high,False,794,28,100.0,7,medium,2602,3,0.5906
False,48.7661,682.0,188,21.5586,12,0.0,True,True,91,8.942,1,31,uneven,True,75,10.0,10.0,2.0,5,medium,False,356,21,100.0,7,high,3250,2,0.5821
False,42.7822,839.0,346,25.4296,8,0.0,True,False,99,5.8686,1,45,uneven,True,65,9.6593,9.6593,1.0,4,high,False,285,29,100.0,8,low,2690,0,0.6769
False,43.3868,964.5,323,24.9244,9,0.0,True,False,85,5.7398,1,30,even,False,67,10.0,10.0,9.0,6,medium,False,29,25,100.0,8,medium,2896,9,0.6264
False,34.1323,910.0,340,18.6715,9,0.0,False,True,93,7.7131,1,17,even,False,73,10.0,10.0,5.0,5,medium,False,322,22,100.0,7,low,3501,5,0.6602
False,41.965,878.0,372,20.4923,11,0.0,True,True,92,1.931,1,5,even,True,77,10.0,10.0,1.0,4,low,False,143,25,100.0,8,medium,2642,0,0.5886
False,50.0904,848.5,299,19.184,4,0.0,True,False,88,3.6266,0,24,even,False,67,7.8783,7.8783,11.0,5,low,False,595,23,100.0,8,high,2426,11,0.5883
True,41.9483,863.0,362,21.5204,6,0.0,True,True,92,7.7993,1,6,even,True,75,10.0,10.0,7.0,4,high,False,648,28,100.0,7,medium,2738,7,0.6187
True,41.7799,1000.0,427,25.5896,7,0.0,True,True,89,1.6752,1,11,even,True,70,10.0,9.7676,6.0,6,medium,False,813,18,100.0,7,low,2372,6,0.5616
False,47.0758,1000.0,365,15.2076,3,0.0,False,False,89,7.5806,1,46,uneven,False,67,10.0,10.0,11.0,6,low,False,654,30,100.0,7,low,2958,11,0.6081
True,44.7704,891.5,381,30.7811,11,0.0,True,True,94,1.2263,0,9,even,True,75,10.0,8.9306,7.0,4,low,False,713,26,100.0,7,high,2127,7,0.5696
False,47.3841,757.0,238,20.8585,5,0.0,False,True,95,6.8827,1,46,uneven,False,63,10.0,10.0,11.0,5,medium,False,474,40,100.0,8,medium,2548,11,0.6176
True,41.3128,674.5,183,14.5748,5,0.0,False,False,88,4.6195,0,5,even,True,70,10.0,8.3447,2.0,5,medium,False,590,22,100.0,8,high,2414,1,0.5783
False,25.9853,651.5,221,24.6115,7,0.0,False,True,92,3.2087,1,34,uneven,True,60,10.0,10.0,4.0,4,high,False,351,20,100.0,8,high,2635,4,0.6394
False,51.0508,811.0,274,21.0954,7,0.0,False,True,87,6.7543,1,15,even,False,67,10.0,10.0,11.0,5,medium,False,62,38,100.0,7,low,3821,11,0.5414
False,45.7356,883.0,322,18.2831,7,0.0,False,False,96,1.4025,1,39,uneven,True,67,4.4938,4.4938,1.0,5,high,False,352,29,100.0,7,low,1517,1,0.6589
False,49.3149,1000.0,509,22.5124,6,0.0,True,False,91,8.1379,1,5,even,True,64,9.384,9.384,10.0,4,high,False,158,18,100.0,8,low,2126,10,0.6116
True,48.968,1000.0,459,22.8666,6,0.0,True,False,94,8.1937,1,49,uneven,True,67,10.0,10.0,10.0,4,medium,False,524,30,100.0,8,high,3041,10,0.6204
False,40.0228,1000.0,392,25.8419,7,0.0,False,True,92,1.0109,1,24,even,True,78,9.173,9.173,9.0,6,high,False,422,24,100.0,7,medium,2267,9,0.6121
False,44.6113,1000.0,508,19.8778,6,0.0,True,False,87,4.7673,1,42,uneven,False,70,9.8686,9.8686,1.0,5,medium,False,1000,32,100.0,8,medium,2994,1,0.6957
False,41.1312,1000.0,465,21.2237,3,0.0,False,True,93,2.0256,1,36,uneven,True,67,9.3078,9.3078,2.0,5,low,False,456,32,100.0,8,low,2118,2,0.6399
True,50.1558,1000.0,520,16.6765,7,0.0,True,True,94,1.297,1,6,even,True,68,10.0,9.3635,4.0,5,low,False,622,27,100.0,8,high,2286,4,0.5878
True,46.046,898.0,332,19.3758,4,0.0,False,False,88,6.8773,1,43,uneven,True,66,10.0,10.0,4.0,5,medium,False,610,28,100.0,8,high,2972,4,0.608
False,49.9985,719.5,213,18.6388,6,0.0,True,False,88,7.7409,1,37,uneven,False,71,10.0,10.0,8.0,5,low,False,362,30,100.0,8,high,2977,8,0.6728
False,47.3887,1000.0,490,10.4086,7,0.0,True,False,86,4.0929,1,5,even,False,65,8.739,8.739,6.0,5,low,False,581,18,100.0,7,high,2677,5,0.6191
False,48.5842,956.5,371,16.6427,8,0.0,False,False,95,8.5036,1,36,uneven,True,62,10.0,10.0,10.0,5,medium,False,190,21,100.0,8,high,2951,10,0.5917
True,36.0011,683.5,349,23.0871,8,0.0,True,True,84,2.1423,1,13,even,True,71,10.0,10.0,8.0,2,low,False,720,32,100.0,8,low,2642,8,0.6886
True,49.1023,886.0,324,22.0827,7,0.0,False,False,85,3.2065,1,8,even,True,61,10.0,5.7107,1.0,5,medium,False,798,24,100.0,8,high,1643,1,0.5832
True,48.4742,1000.0,436,21.7579,8,0.0,False,False,90,7.1573,1,21,even,True,68,10.0,10.0,3.0,5,high,False,693,38,100.0,8,medium,3420,3,0.6191
True,39.9237,833.5,289,19.648,5,0.0,False,False,87,9.6904,1,6,even,True,70,10.0,10.0,10.0,5,high,False,638,22,100.0,8,medium,2378,10,0.7485
True,47.4951,1000.0,449,14.5669,6,0.0,True,False,91,4.938,1,18,even,True,65,10.0,9.1215,3.0,6,medium,False,952,24,100.0,8,high,2661,2,0.6554
False,40.3322,853.0,302,20.0486,11,0.0,False,False,90,6.7716,1,32,uneven,False,71,9.2008,9.2008,10.0,5,high,False,374,32,100.0,7,low,2326,10,0.5945
False,54.7072,796.5,371,24.5882,7,0.0,True,False,83,2.4784,1,26,even,False,59,8.0667,8.0667,11.0,3,high,False,800,25,100.0,8,medium,2731,11,0.6328
True,42.7902,853.0,302,25.6852,9,0.0,True,True,90,6.1567,0,14,even,True,69,10.0,10.0,6.0,5,high,False,581,35,100.0,8,medium,2541,6,0.6268
False,51.0842,791.5,261,10.4823,5,0.0,True,False,97,6.5939,1,47,uneven,False,77,10.0,10.0,4.0,5,medium,False,820,28,100.0,8,low,2991,3,0.6675
False,38.4956,985.0,390,23.3222,5,0.0,False,False,96,7.2587,1,41,uneven,False,82,9.6843,9.6843,11.0,5,high,False,241,32,100.0,8,high,2422,11,0.6094
False,44.5627,937.0,358,13.4253,11,0.0,True,True,96,6.6374,1,44,uneven,False,67,10.0,10.0,2.0,5,low,False,367,33,100.0,7,high,2895,1,0.669
True,33.9108,983.5,389,18.0075,10,0.0,True,False,92,4.1028,2,28,even,True,62,10.0,10.0,9.0,5,high,False,841,22,100.0,9,low,3361,9,0.6578
True,38.0056,892.0,328,16.0041,4,0.0,False,False,90,9.0229,1,36,uneven,True,64,10.0,10.0,3.0,5,high,False,520,27,100.0,7,low,2419,3,0.6888
False,38.1926,1000.0,465,27.0847,10,0.0,True,False,89,6.4196,1,21,even,False,68,8.9323,8.9323,10.0,5,high,False,419,24,100.0,8,low,2289,10,0.4604
True,41.5332,575.0,170,25.9756,11,0.0,True,False,95,7.3073,0,24,even,True,69,10.0,10.0,11.0,4,high,False,615,28,100.0,7,high,2985,11,0.6322
True,60.104,671.0,234,18.1821,7,0.0,True,True,89,1.5351,1,37,uneven,True,75,10.0,10.0,4.0,4,medium,False,978,17,100.0,8,high,2834,4,0.685
False,46.2021,946.0,364,18.9864,4,0.0,False,True,96,5.6502,0,48,uneven,True,67,10.0,10.0,6.0,5,high,False,108,25,100.0,7,medium,2916,6,0.5653
True,43.5602,858.0,252,15.9891,8,0.0,True,False,95,9.7988,1,15,even,True,72,10.0,10.0,11.0,6,low,False,921,12,100.0,7,high,2766,11,0.71
True,38.1644,678.0,132,21.2169,3,0.0,False,False,91,1.2293,1,5,even,True,72,10.0,7.0521,4.0,6,low,False,551,14,100.0,7,low,2575,4,0.5975
False,49.1436,961.0,374,23.7503,10,0.0,True,False,89,8.1764,0,49,uneven,True,66,10.0,10.0,3.0,5,medium,False,22,17,100.0,7,high,2807,3,0.5717
False,48.435,802.0,268,26.7825,4,0.0,True,False,94,6.1949,1,30,even,False,80,8.92,8.92,10.0,5,low,False,677,17,100.0,8,medium,2329,10,0.6567
True,52.3737,877.0,318,22.6603,10,0.0,False,False,90,2.4063,1,6,even,True,66,10.0,7.8257,9.0,5,high,False,748,20,100.0,8,low,2649,9,0.6942
False,52.4102,1000.0,437,15.3544,11,0.0,True,True,92,7.7089,1,31,uneven,False,68,10.0,10.0,7.0,5,medium,False,623,39,100.0,7,medium,2872,7,0.6127
False,41.8324,1000.0,383,19.7712,8,0.0,False,True,92,2.1536,1,9,even,False,67,10.0,10.0,8.0,7,low,False,411,31,100.0,8,low,2521,8,0.6235
False,43.8635,879.5,373,28.4151,8,0.0,False,False,89,5.5589,1,7,even,False,82,8.5295,8.5295,11.0,4,high,False,833,39,100.0,7,medium,2300,11,0.6481
False,45.1348,757.5,345,20.7295,7,0.0,True,True,90,2.2328,1,43,uneven,False,69,10.0,10.0,7.0,3,high,False,851,34,100.0,8,low,2399,7,0.6048
False,46.8823,1000.0,429,21.3389,9,0.0,True,False,96,4.5892,1,46,uneven,True,65,8.9546,8.9546,5.0,5,high,False,90,29,100.0,7,high,2664,5,0.6244
False,39.6308,996.0,344,23.5971,7,0.0,False,True,90,6.5024,1,16,even,False,81,10.0,10.0,9.0,6,medium,False,276,23,100.0,9,medium,1813,9,0.6117
False,51.5523,792.0,368,21.7093,6,0.0,False,True,84,6.2634,1,45,uneven,True,69,10.0,10.0,3.0,3,high,False,285,27,100.0,8,low,2193,3,0.5978
False,42.2234,1000.0,554,26.6514,4,0.0,True,True,86,8.908,1,42,uneven,False,52,10.0,10.0,6.0,5,low,False,493,26,100.0,7,medium,2703,6,0.5183
False,45.2308,996.0,344,17.0125,1,0.0,False,True,82,9.5954,0,47,uneven,False,69,10.0,10.0,2.0,6,medium,False,214,27,100.0,8,high,2743,2,0.5938
False,37.022,846.0,244,26.7498,7,0.0,True,True,87,7.3604,0,45,uneven,True,56,10.0,10.0,7.0,6,medium,False,449,25,100.0,8,medium,2207,7,0.6064
True,36.6093,931.0,354,22.1565,5,0.0,False,False,98,8.4666,0,19,even,True,71,10.0,10.0,6.0,5,low,False,530,33,100.0,8,high,2795,6,0.8122
False,45.6177,952.0,368,19.3786,9,0.0,True,True,90,5.7665,1,21,even,False,67,10.0,10.0,7.0,5,medium,False,364,27,100.0,7,high,3367,7,0.6213
True,45.9072,931.5,301,24.0029,10,0.0,True,False,97,8.5636,1,18,even,True,61,10.0,9.5643,10.0,6,medium,False,648,31,100.0,7,medium,2113,10,0.6607
False,57.3052,793.5,369,17.9981,7,0.0,True,False,86,5.8761,0,26,even,True,64,10.0,10.0,7.0,3,medium,False,111,19,100.0,8,low,2963,7,0.5311
False,37.2225,1000.0,427,18.2955,8,0.0,True,False,91,9.0129,0,15,even,False,60,10.0,10.0,9.0,5,low,False,186,41,100.0,7,low,2909,9,0.6253
False,45.8677,1000.0,403,18.0429,7,0.0,True,False,89,8.6503,1,36,uneven,False,75,10.0,10.0,7.0,5,medium,False,168,24,100.0,7,high,2432,7,0.7095
False,46.0499,818.5,279,23.174,3,0.0,False,True,90,1.5073,0,45,uneven,True,61,9.9087,9.9087,2.0,5,low,False,122,25,100.0,7,high,2462,2,0.65
False,43.1631,742.0,228,17.8379,5,0.0,False,True,93,2.3421,1,28,even,True,71,10.0,10.0,10.0,5,high,False,494,13,100.0,8,high,2471,10,0.6775
False,20.4237,773.5,409,20.2193,13,0.0,True,False,92,1.0472,1,42,uneven,True,71,8.2286,8.2286,2.0,2,medium,False,400,26,100.0,7,medium,3082,2,0.5622
True,33.2336,786.5,311,16.1223,2,0.0,True,True,89,7.493,1,45,uneven,True,65,10.0,10.0,3.0,4,high,False,543,20,100.0,7,medium,2556,3,0.6254
True,39.9463,959.5,373,20.9478,8,0.0,True,True,94,5.3419,1,37,uneven,True,61,10.0,10.0,6.0,5,low,False,539,31,100.0,8,low,2139,6,0.5913
False,63.8019,932.5,355,19.2173,2,0.0,False,True,87,4.5405,1,35,uneven,False,58,10.0,10.0,1.0,5,medium,False,957,37,100.0,7,low,2343,0,0.5721
False,32.4441,748.0,232,27.451,6,0.0,False,True,82,6.2306,1,11,even,False,75,10.0,10.0,1.0,5,high,False,875,21,100.0,8,low,2643,0,0.7113
True,53.5983,1000.0,405,19.8385,9,0.0,False,True,91,4.6461,1,40,uneven,True,63,10.0,10.0,6.0,7,low,False,699,19,100.0,7,medium,2059,6,0.6372
False,43.8804,894.5,383,22.985,7,0.0,False,True,86,9.4909,0,8,even,False,74,10.0,10.0,6.0,4,medium,False,702,22,100.0,7,low,2844,6,0.593
False,53.0721,960.0,320,18.8609,8,0.0,True,True,88,9.4926,1,43,uneven,True,67,10.0,10.0,7.0,6,high,False,447,23,100.0,7,medium,2539,7,0.4819
True,40.9802,833.5,289,22.2345,6,0.0,False,True,81,8.2328,1,14,even,True,73,10.0,10.0,1.0,5,low,False,577,31,100.0,8,low,2153,0,0.6214
False,34.5452,1000.0,456,18.7715,8,0.0,False,True,93,3.5283,1,16,even,False,69,10.0,10.0,10.0,5,high,False,165,25,100.0,7,high,3176,10,0.5442
False,37.1444,928.0,352,9.3899,9,0.0,False,False,95,2.5589,1,35,uneven,False,73,8.5145,8.5145,4.0,5,high,False,592,16,100.0,8,medium,2894,2,0.5557
False,53.5537,1000.0,385,21.5464,4,0.0,True,True,87,3.1848,1,43,uneven,False,67,10.0,10.0,6.0,6,low,False,778,23,100.0,8,high,2733,6,0.631
True,34.303,1000.0,402,18.2276,6,0.0,True,False,98,2.1105,0,48,uneven,True,66,10.0,8.2452,10.0,5,medium,False,894,27,100.0,7,low,2876,10,0.5762
True,50.9259,935.5,357,21.0703,5,0.0,True,False,90,2.4562,2,18,even,True,74,10.0,7.3806,9.0,5,low,False,958,21,100.0,7,high,2461,9,0.6728
True,52.731,664.5,283,19.507,9,0.0,True,False,95,4.6569,1,15,even,True,59,10.0,9.4059,9.0,3,low,False,722,29,100.0,7,low,2831,9,0.5697
False,47.0961,907.5,285,16.9157,6,0.0,True,True,95,3.0419,1,15,even,False,64,10.0,10.0,5.0,6,high,False,923,29,100.0,8,low,2269,5,0.6493
False,50.537,934.0,356,23.6306,4,0.0,False,False,85,7.247,1,42,uneven,False,69,8.836,8.836,6.0,5,high,False,424,28,100.0,8,low,2085,6,0.6018
True,34.9372,1000.0,519,21.4016,3,0.0,True,True,87,2.3495,1,21,even,True,69,10.0,10.0,8.0,7,high,False,969,26,100.0,8,low,2710,8,0.6928
False,51.8532,918.5,399,19.7067,9,0.0,True,True,88,2.6388,1,29,even,False,68,10.0,10.0,1.0,4,low,False,938,26,100.0,8,medium,2816,1,0.6081
False,40.8574,704.5,203,19.5273,6,0.0,False,False,90,3.1149,1,30,even,False,68,8.11,8.11,5.0,5,low,False,225,24,100.0,8,high,2621,5,0.6819
False,38.5098,838.0,292,26.1177,9,0.0,False,True,84,2.6532,1,17,even,True,71,10.0,10.0,7.0,5,low,False,429,28,100.0,7,medium,2565,7,0.6017
False,38.3446,830.5,287,29.8295,6,0.0,True,True,87,3.1672,0,29,even,False,74,10.0,10.0,9.0,5,low,False,726,31,100.0,8,medium,2446,9,0.5926
False,50.1354,877.0,318,20.6658,9,0.0,True,True,94,4.4778,2,49,uneven,True,65,10.0,10.0,7.0,5,medium,False,81,26,100.0,8,medium,2581,7,0.721
True,56.8979,916.0,344,15.3531,6,0.0,True,True,94,8.7651,1,22,even,True,67,10.0,10.0,8.0,5,medium,False,592,16,100.0,7,high,2514,8,0.5846
False,39.1382,1000.0,395,19.0951,8,0.0,True,False,85,3.3388,1,27,even,False,82,7.6494,7.6494,5.0,6,high,False,749,19,100.0,7,low,2392,5,0.6003
False,48.4942,663.0,282,21.4814,5,0.0,False,True,90,1.5577,1,9,even,True,64,10.0,10.0,9.0,3,low,False,436,26,100.0,7,medium,3421,9,0.4933
False,48.9821,944.5,363,22.659,7,0.0,False,False,87,3.6364,1,6,even,False,73,8.1307,8.1307,3.0,5,medium,False,613,29,100.0,8,low,2525,3,0.6091
False,43.0284,881.5,321,20.4159,10,0.0,False,True,90,6.7117,1,32,uneven,True,69,10.0,10.0,10.0,5,low,False,279,32,100.0,7,high,2646,10,0.6612
False,39.3243,523.0,82,23.0143,8,0.0,True,True,94,1.3556,0,44,uneven,False,68,9.7078,9.7078,9.0,5,low,False,72,16,100.0,8,medium,2412,9,0.625
False,48.1292,834.5,343,25.9062,8,0.0,False,False,89,1.6905,1,8,even,False,71,7.6252,7.6252,8.0,4,low,False,858,21,100.0,8,low,2712,8,0.601
False,30.8014,862.0,308,18.1692,7,0.0,True,True,94,2.0638,0,33,uneven,False,73,10.0,10.0,1.0,5,low,False,540,16,100.0,8,medium,2757,0,0.6621
True,46.2467,527.0,138,17.9484,9,0.0,True,False,87,3.8109,0,13,even,True,65,10.0,7.5954,10.0,4,medium,False,820,26,100.0,8,medium,2276,10,0.5983
True,48.4143,521.0,134,33.2862,9,0.0,True,True,98,7.7226,2,8,even,True,64,10.0,10.0,1.0,4,low,False,885,24,100.0,7,medium,2484,0,0.6368
False,45.4325,897.0,278,26.1,4,0.0,True,False,95,2.0136,0,40,uneven,False,72,7.9593,7.9593,5.0,6,medium,False,637,33,100.0,7,low,2781,5,0.6563
True,49.4668,824.5,283,22.7135,7,0.0,True,True,96,8.7862,1,8,even,True,74,10.0,10.0,8.0,5,high,False,666,28,100.0,7,medium,2941,8,0.523
False,38.6365,917.5,345,25.5105,6,0.0,True,False,90,3.1965,1,36,uneven,False,60,9.7232,9.7232,3.0,5,high,False,207,21,100.0,7,high,3250,3,0.5614
False,37.0944,693.5,249,19.1671,6,0.0,True,True,90,1.3356,0,50,uneven,False,67,10.0,10.0,4.0,4,low,False,864,32,100.0,7,high,3044,4,0.5494
False,47.8471,688.5,139,16.8291,9,0.0,False,False,90,9.9838,1,41,uneven,True,67,10.0,10.0,1.0,6,high,False,499,41,100.0,8,medium,2354,1,0.5937
False,53.3897,1000.0,395,20.1938,4,0.0,False,False,94,3.2106,1,29,even,False,62,6.3003,6.3003,10.0,6,high,False,537,34,100.0,8,high,1878,10,0.725
True,68.3954,966.0,324,16.4371,8,0.0,True,False,90,2.6744,0,23,even,True,59,10.0,8.0672,3.0,6,medium,False,921,18,100.0,7,medium,2692,3,0.6303
False,39.9641,723.5,269,27.2433,9,0.0,False,False,81,2.573,1,9,even,True,71,8.409,8.409,3.0,4,high,False,236,33,100.0,8,high,2849,3,0.5199
False,43.4427,1000.0,359,21.1122,11,0.0,False,True,93,9.3908,2,31,uneven,False,66,10.0,10.0,6.0,6,low,False,992,26,100.0,7,low,2901,6,0.568
False,67.4603,714.0,316,19.8555,10,0.0,False,False,85,2.8014,1,9,even,False,70,7.7307,7.7307,3.0,3,medium,False,86,26,100.0,8,high,2532,3,0.5919
True,34.6693,1000.0,531,15.7225,7,0.0,False,True,89,2.198,0,35,uneven,True,64,10.0,10.0,2.0,5,high,False,644,36,100.0,7,high,2470,2,0.5683
False,53.3302,748.0,232,25.1483,6,0.0,False,False,100,3.1452,1,8,even,False,75,9.0626,9.0626,10.0,5,medium,False,487,30,100.0,7,medium,2996,10,0.5499
True,33.8683,1000.0,414,18.3291,6,0.0,False,True,91,2.9407,1,15,even,True,62,10.0,10.0,7.0,5,low,False,535,20,100.0,8,high,2561,7,0.6171
True,52.345,717.5,265,12.7106,6,0.0,True,False,94,8.146,2,12,even,True,51,10.0,10.0,9.0,4,medium,False,506,20,100.0,7,high,2480,8,0.6261
False,35.77,1000.0,379,22.7814,10,0.0,True,True,97,5.4486,0,7,even,True,65,10.0,10.0,3.0,6,medium,False,415,32,100.0,7,high,3179,3,0.5888
False,40.7783,991.5,341,22.1137,6,0.0,True,True,89,6.4216,0,42,uneven,False,74,10.0,10.0,10.0,6,medium,False,74,20,100.0,7,low,2054,10,0.6083
False,45.6295,743.5,229,21.4758,6,0.0,False,False,86,8.8434,0,8,even,False,62,10.0,10.0,6.0,5,low,False,709,32,100.0,7,high,2685,6,0.5926
False,37.7469,1000.0,556,20.7961,6,0.0,True,True,89,3.0612,1,32,uneven,False,73,10.0,10.0,2.0,5,high,False,468,37,100.0,7,low,2191,2,0.6583
True,39.469,791.5,261,24.2594,5,0.0,False,False,90,2.1418,1,24,even,True,70,10.0,7.1359,1.0,5,medium,False,883,25,100.0,8,low,2426,1,0.5166
False,42.0198,1000.0,445,30.2501,6,0.0,True,False,90,2.823,1,26,even,False,63,7.364,7.364,2.0,6,low,False,610,24,100.0,8,medium,2381,2,0.6278
False,44.9925,962.5,375,27.3462,6,0.0,False,True,93,7.0712,1,30,even,False,57,10.0,10.0,2.0,5,medium,False,651,19,100.0,8,medium,2651,2,0.6144
False,47.3869,653.0,222,19.8077,5,0.0,True,False,80,1.9849,1,33,uneven,True,64,9.725,9.725,2.0,4,medium,False,409,22,100.0,8,high,3493,2,0.6459
False,31.4006,764.5,243,17.8361,11,0.0,True,True,91,7.7962,0,7,even,False,64,10.0,10.0,3.0,5,high,False,586,27,100.0,7,medium,1856,3,0.533
False,58.1817,1000.0,407,21.9208,7,0.0,True,False,88,1.6436,2,17,even,False,61,8.1268,8.1268,10.0,5,medium,False,594,25,100.0,8,medium,2922,10,0.6014
False,32.9742,1000.0,409,20.9563,9,0.0,False,False,87,9.0122,1,45,uneven,True,69,10.0,10.0,2.0,5,low,False,323,28,100.0,7,low,2473,2,0.6299
False,29.6122,717.5,265,26.5301,7,0.0,True,False,92,4.5042,1,14,even,True,66,9.7971,9.7971,2.0,4,medium,False,279,33,100.0,8,medium,3018,2,0.6309
False,43.7825,817.5,225,21.5464,9,0.0,False,False,88,2.8534,1,33,uneven,False,78,8.4917,8.4917,11.0,6,low,False,72,25,100.0,8,high,2826,11,0.7254
True,34.5611,913.0,342,21.5712,6,0.0,True,False,77,9.1188,1,19,even,True,72,10.0,10.0,5.0,5,medium,False,773,35,100.0,7,high,3426,5,0.5419
False,41.425,1000.0,426,19.5425,8,0.0,True,True,89,1.7836,1,17,even,False,75,9.6293,9.6293,1.0,6,medium,False,114,21,100.0,7,high,2295,1,0.487
False,43.0972,874.0,316,29.7111,7,0.0,False,False,86,5.5453,1,7,even,False,65,10.0,10.0,3.0,5,medium,False,81,21,100.0,7,low,3027,3,0.5656
False,42.915,716.5,211,19.3897,7,0.0,True,True,99,2.185,1,8,even,False,67,10.0,10.0,6.0,5,high,False,529,27,100.0,8,high,2408,6,0.533
False,59.3308,1000.0,461,21.7362,10,0.0,True,True,97,6.6597,1,43,uneven,False,60,10.0,10.0,4.0,5,high,False,895,31,100.0,7,medium,3187,4,0.7069
False,36.3827,559.0,106,15.8156,7,0.0,False,False,92,10.0,1,37,uneven,True,67,10.0,10.0,7.0,5,low,False,171,23,100.0,7,high,2660,7,0.51
True,50.195,865.5,257,18.3785,5,0.0,False,False,90,8.0534,1,47,uneven,True,66,10.0,10.0,2.0,6,high,False,965,21,100.0,7,low,3141,2,0.5821
False,43.6077,931.0,354,18.8016,6,0.0,True,False,88,9.5355,1,28,even,False,73,10.0,10.0,9.0,5,high,False,101,29,100.0,7,high,3299,9,0.6337
False,46.0146,734.5,223,22.7776,7,0.0,True,False,87,9.0107,1,34,uneven,False,68,9.7028,9.7028,5.0,5,low,False,975,27,100.0,7,low,2079,5,0.6146
False,37.7699,1000.0,401,28.0291,6,0.0,True,True,98,3.8959,1,41,uneven,False,75,10.0,10.0,11.0,5,low,False,289,44,100.0,8,medium,3087,11,0.6493
False,49.0129,930.0,300,24.9618,7,0.0,True,True,93,7.5979,1,40,uneven,False,74,10.0,10.0,5.0,6,low,False,270,25,100.0,8,medium,2986,5,0.6268
False,57.56,976.0,384,28.3997,9,0.0,False,False,91,1.4218,1,19,even,True,70,7.2509,7.2509,3.0,5,medium,False,447,14,100.0,8,medium,2616,3,0.6878
False,49.1329,1000.0,443,16.3158,11,0.0,False,False,95,2.7099,1,45,uneven,False,66,8.3424,8.3424,10.0,5,medium,False,371,16,100.0,7,high,2795,10,0.6083
