immersion_rating,physical_activity_frequency,number_of_tech_devices_owned,weekend_vr_hours,number_of_languages_spoken,gaming_frequency,uses_tech_for_leisure,vr_technology_familiarity,age_group,VR_apps_usage,gender,daily_computer_usage_hours,education_app_satisfaction,leisure_time_reading_books_percentage,positive_vr_interactions,digital_comfort,owns_VR_device,technology_usage_percent,VR_gaming_frequency,graphic_preference,VR_accessibility,tech_interaction_frequency,VR_interest_level,VR_content_creation,derived_stress_level,has_gaming_experience,motion_sickness_experience,frequent_equipment_updates,cognitive_task_frequency,technology_usage_frequency,owned_interactive_devices,technical_job_experience,vr_usage_duration,tech_meetup_attendance,top_tech_user,daily_tech_usage_hours,social_interaction,technical_training_level,leisure_time_immersive_tech_percentage,has_young_children,VR_exposure_frequency,owns_advanced_VR,education_level,reads_tech_articles,immersiveness_preference,VR_community_belonging
6,1,10,27,5,7,True,1,56+,12,male,11,2,93,40,1,False,26.5213,1,True,False,0,3,0,5.0,True,False,True,12,14,0,12,120,8,False,24,True,3,33,True,10,False,1,False,1,4
3,1,2,15,4,5,False,10,46-55,20,female,8,1,82,25,5,False,25.4468,0,True,True,2,1,6,5.0,,False,True,3,14,1,28,114,38,False,4,True,2,43,True,10,False,5,False,1,4
4,2,0,7,5,4,True,10,26-35,20,male,8,1,68,30,5,False,40.5184,0,True,False,16,3,2,5.0,,True,True,6,14,5,40,111,35,True,4,True,3,29,True,10,True,5,True,2,5
6,2,10,16,5,5,False,10,36-45,20,female,6,3,15,30,3,False,21.1116,1,False,True,3,2,6,5.0,False,False,False,4,14,2,15,103,15,False,24,True,2,30,False,10,True,3,True,2,4
8,2,0,20,6,1,False,10,56+,20,female,16,3,9,50,3,False,15.065,1,True,False,9,3,3,5.0,True,True,True,0,14,1,22,120,7,True,0,True,1,51,True,7,True,3,True,2,5
4,1,4,23,5,1,False,10,36-45,14,female,10,4,54,20,4,False,45.2872,0,False,False,17,4,1,5.0,True,True,False,13,14,6,21,120,20,False,24,True,3,27,False,10,False,4,False,1,4
3,1,14,21,4,5,True,10,46-55,18,male,8,1,40,15,5,False,21.3527,0,False,False,14,3,3,5.0,False,False,False,11,14,7,24,120,19,True,24,True,4,33,False,10,False,5,True,1,4
5,1,8,24,4,5,True,10,46-55,20,male,2,1,93,25,5,False,40.4498,0,False,,15,2,7,5.0,True,True,True,4,14,4,13,120,37,False,24,True,2,43,False,10,False,5,True,1,4
1,1,8,25,4,2,False,5,56+,18,female,0,1,95,5,1,False,44.8574,0,False,True,2,1,2,5.0,False,False,False,3,14,1,2,111,7,True,24,False,4,48,True,10,False,1,True,1,4
7,1,5,10,6,4,False,10,18-25,20,male,5,1,29,45,5,False,40.495,0,True,True,20,4,3,5.0,True,True,True,6,14,8,12,103,37,,24,True,3,47,True,10,False,5,True,1,5
7,1,3,22,3,1,True,10,26-35,12,female,7,3,61,35,5,False,20.8477,1,False,False,8,3,0,5.0,True,False,False,2,14,4,35,112,48,True,12,True,4,43,True,10,False,5,False,1,4
2,2,0,19,5,5,True,10,56+,12,female,10,1,27,20,5,False,17.6363,1,True,True,17,3,0,2.15,True,False,False,12,14,8,11,120,41,True,3,True,1,39,False,2,True,5,False,2,4
2,2,1,23,5,1,False,10,56+,20,male,18,3,59,10,5,False,33.3133,0,False,True,8,2,9,5.0,False,False,False,7,14,3,19,119,35,False,4,False,4,43,True,10,True,5,True,2,4
8,1,13,14,4,4,True,10,46-55,20,male,18,2,86,40,4,False,27.9177,1,False,False,7,3,4,5.0,True,False,False,0,14,4,3,116,43,True,24,True,4,39,False,10,False,4,False,1,4
10,1,0,24,5,0,True,10,26-35,17,male,19,2,34,50,2,False,37.0371,0,True,True,12,1,1,5.0,True,False,True,10,14,6,6,117,12,True,3,True,3,45,False,10,False,2,True,1,5
9,2,6,26,4,6,True,10,46-55,20,male,12,2,91,45,4,False,30.5765,1,False,,16,4,4,5.0,,True,True,3,14,6,21,117,27,True,24,True,3,30,False,10,True,4,False,2,4
4,1,0,18,4,5,False,10,26-35,19,male,14,2,95,20,4,False,32.2601,0,False,False,13,1,2,5.0,True,True,True,5,14,4,14,120,21,True,1,True,2,29,False,10,False,4,True,1,5
5,1,0,29,3,3,False,10,26-35,16,female,14,3,17,25,5,False,37.5716,1,False,False,10,1,1,5.0,False,False,False,6,14,5,26,119,39,False,0,True,2,36,False,10,False,5,True,1,4
1,2,0,20,4,0,True,10,56+,12,male,7,1,52,15,3,False,32.5731,1,True,True,1,4,0,5.0,False,False,False,3,14,0,22,120,6,True,4,True,3,45,False,10,True,3,True,2,4
4,2,3,24,5,5,False,10,26-35,20,female,19,4,9,20,3,False,31.3206,1,False,True,7,4,8,5.0,False,True,True,8,14,0,19,113,4,False,16,True,1,46,False,10,True,3,True,2,4
9,1,8,30,3,4,True,10,18-25,20,male,4,1,26,50,4,False,19.5596,0,True,True,12,3,7,5.0,False,False,False,6,14,5,26,120,4,False,24,True,3,37,False,10,False,4,True,1,4
6,1,13,12,3,6,,10,36-45,20,male,21,2,15,40,3,False,21.7303,1,True,,12,3,8,5.0,False,True,True,10,14,3,14,119,16,True,24,True,3,41,False,10,False,3,True,1,4
6,2,0,19,5,0,,10,36-45,20,female,6,1,29,30,4,False,27.7732,1,False,False,16,2,5,5.0,True,True,False,0,14,5,0,120,40,False,0,True,2,43,False,10,True,4,False,2,4
5,2,0,22,5,5,False,10,18-25,12,male,10,1,13,35,1,False,20.4895,0,True,False,11,2,0,5.0,True,True,True,1,14,2,5,113,9,False,0,True,3,43,False,10,True,1,True,2,4
1,1,0,22,4,1,False,10,46-55,20,female,23,4,30,15,5,False,21.0085,0,True,False,17,2,9,5.0,False,True,False,0,14,5,35,117,47,False,0,True,2,45,True,10,False,5,True,1,4
2,1,2,13,3,3,True,10,56+,14,female,3,1,34,20,5,False,29.7235,0,True,,7,2,1,5.0,False,False,True,8,14,4,26,113,45,False,12,True,4,45,True,10,False,5,True,1,4
1,2,9,18,3,3,False,10,46-55,20,male,6,3,25,15,2,False,42.2191,0,True,False,15,1,3,5.0,True,True,False,12,14,4,10,116,17,,24,True,2,43,False,10,True,2,False,2,4
2,1,1,22,4,5,True,10,18-25,12,male,22,3,38,10,3,False,28.944,1,False,True,13,1,0,5.0,True,False,False,7,14,6,21,113,7,False,4,False,2,46,False,10,False,3,True,1,4
7,2,12,29,5,4,True,10,46-55,12,male,7,1,31,35,4,False,38.3048,0,False,False,19,1,0,5.0,False,True,False,6,14,7,14,115,25,False,24,True,2,36,True,10,True,4,True,2,4
9,1,0,24,3,3,False,10,56+,20,female,20,4,32,50,3,False,26.0549,0,True,False,11,1,4,5.0,False,False,True,13,14,5,13,120,19,True,0,True,2,43,True,10,False,3,False,1,4
8,2,2,20,6,1,True,10,56+,14,male,14,4,21,50,5,False,22.4711,1,True,False,6,1,1,4.4,,True,False,10,14,1,24,120,33,False,12,True,1,42,False,2,True,5,True,2,4
4,1,11,17,4,4,False,10,26-35,14,female,7,1,39,20,3,False,34.4286,1,False,False,6,2,1,5.0,,True,False,13,14,1,15,112,29,False,24,True,1,33,True,5,False,3,False,1,4
1,2,11,30,4,2,False,10,46-55,20,female,19,2,52,5,1,False,54.0364,0,False,True,8,2,3,5.0,False,False,True,8,14,3,6,106,17,True,24,False,3,47,False,10,True,1,False,2,5
1,2,4,23,4,1,True,10,26-35,18,male,6,2,84,15,5,False,31.8787,1,True,False,19,3,3,5.0,True,True,True,12,14,8,30,120,36,True,19,True,1,42,True,10,True,5,True,2,4
3,1,6,13,4,5,False,10,36-45,20,female,15,4,65,15,4,False,30.8502,0,False,False,20,2,8,5.0,True,True,False,10,14,9,23,120,4,False,24,True,4,44,True,10,False,4,True,1,5
1,1,0,15,4,1,False,10,26-35,12,male,15,3,45,5,3,False,19.6783,0,False,False,8,3,0,3.5,False,True,False,8,14,2,20,115,4,True,0,False,1,43,True,5,False,3,True,1,4
4,1,12,19,5,1,True,10,36-45,20,female,18,3,20,20,4,False,23.4609,1,False,,0,2,7,5.0,True,False,False,1,14,0,16,118,11,False,24,True,3,46,True,10,False,4,True,1,4
9,2,4,9,5,6,False,10,56+,16,male,4,3,57,45,5,False,18.9581,0,False,False,2,1,2,5.0,True,False,True,3,14,1,22,114,40,False,24,True,1,33,False,7,True,5,True,2,4
1,2,5,20,6,3,False,10,26-35,18,female,17,1,53,5,5,False,39.83,0,False,True,12,2,3,5.0,True,False,True,9,14,5,10,120,44,False,24,False,3,40,True,10,True,5,False,2,4
7,2,1,18,4,0,False,10,46-55,18,male,19,3,92,45,1,False,20.1096,1,True,False,6,1,3,5.0,False,True,True,1,14,1,6,120,8,True,1,True,2,58,False,10,True,1,False,2,4
3,1,9,24,6,2,False,10,26-35,14,male,17,1,28,15,5,False,27.7143,0,False,False,16,3,1,5.0,False,True,False,2,14,5,37,116,32,,24,True,2,26,True,10,False,5,True,1,4
3,1,2,25,4,0,False,10,26-35,20,male,22,2,63,15,3,False,18.9371,1,False,True,15,2,5,5.0,True,True,False,0,14,5,22,107,9,False,9,True,4,40,True,10,False,3,True,1,4
1,2,1,18,3,5,False,10,46-55,20,male,12,3,72,5,3,False,20.1348,1,False,False,16,4,6,5.0,False,True,True,3,14,5,20,112,7,False,4,False,4,39,True,10,True,3,True,2,4
4,1,6,33,5,0,False,10,26-35,14,female,20,1,26,30,5,False,34.3223,0,True,False,10,3,0,5.0,,False,False,2,14,5,21,120,40,False,24,True,4,48,True,10,False,5,True,1,4
2,1,7,36,5,1,False,10,46-55,20,male,3,3,31,10,4,False,36.1488,1,False,True,2,1,3,5.0,True,False,True,1,14,1,19,120,11,False,24,False,4,44,False,10,False,4,True,1,4
8,1,5,5,4,3,True,10,36-45,12,male,8,3,31,50,5,False,26.3388,0,True,False,2,1,0,5.0,True,False,True,3,14,1,21,120,45,True,24,True,3,34,True,10,False,5,False,1,4
6,1,7,22,2,1,True,10,18-25,18,female,14,2,27,40,2,False,23.106,0,True,True,16,3,3,5.0,False,True,True,4,14,6,17,107,1,False,24,True,4,39,True,10,False,2,False,1,4
7,1,3,29,4,1,True,10,56+,16,male,11,4,43,45,5,False,20.4651,0,True,,14,1,2,5.0,,True,False,8,14,4,40,104,39,False,12,True,2,36,True,9,False,5,False,1,4
8,2,10,20,6,2,False,10,56+,20,female,12,1,95,50,5,False,38.8834,0,True,False,14,1,3,5.0,True,True,True,10,14,5,19,104,21,True,24,True,2,31,True,10,True,5,True,2,4
3,1,1,22,4,2,True,10,46-55,20,male,23,1,22,25,5,False,45.9103,0,True,True,17,4,6,5.0,True,False,True,13,14,9,37,120,19,True,4,True,1,48,False,8,False,5,True,1,4
3,1,4,18,5,4,True,10,36-45,20,male,18,3,56,25,5,False,24.9035,0,True,False,12,4,9,5.0,True,False,True,5,14,5,20,119,35,True,19,True,2,58,True,10,False,5,True,1,5
7,2,9,26,5,0,True,10,56+,20,male,22,3,0,35,5,False,22.4767,0,False,False,0,3,8,5.0,False,False,False,7,14,0,20,120,36,False,24,True,4,57,True,10,True,5,True,2,4
1,2,1,15,6,3,False,10,18-25,20,female,11,1,76,15,3,False,21.371,1,True,True,6,3,6,5.0,False,False,True,5,14,2,2,111,19,False,4,True,4,34,False,10,True,3,True,2,5
4,2,6,8,5,4,False,10,18-25,14,female,14,3,32,30,5,False,18.3843,0,True,False,14,2,0,5.0,True,True,False,2,14,4,39,119,6,True,24,True,2,42,False,10,True,5,True,2,4
8,2,12,14,4,4,True,10,18-25,14,male,4,2,93,50,4,False,19.7239,1,True,True,0,2,1,5.0,,False,False,5,14,0,16,120,24,False,24,True,3,55,True,10,True,4,False,2,4
4,1,3,9,6,5,True,10,36-45,12,male,4,4,81,30,1,False,33.3666,0,True,True,10,4,0,5.0,,False,False,9,14,5,1,116,10,True,19,True,3,29,True,10,False,1,False,1,4
5,2,2,29,4,4,False,5,46-55,20,male,8,1,98,35,1,False,27.5842,1,True,False,1,2,6,5.0,False,False,True,13,14,0,0,102,5,False,4,True,3,24,True,10,True,1,True,2,5
2,2,1,17,6,1,,10,46-55,20,female,23,3,95,10,5,False,30.0116,1,False,False,12,1,3,5.0,False,False,True,9,14,5,34,120,0,False,1,False,4,44,True,10,True,5,True,2,4
9,1,8,18,3,5,True,10,56+,20,female,5,2,87,45,3,False,16.9394,2,False,True,9,1,7,5.0,False,True,False,1,14,2,4,117,30,True,24,True,3,43,True,10,False,3,False,1,4
8,2,3,27,5,5,False,10,18-25,20,female,9,2,24,50,2,False,43.4341,1,True,True,10,1,9,5.0,True,True,True,5,14,3,8,111,17,True,16,True,2,29,False,10,True,2,False,2,4
4,1,1,22,5,6,False,10,36-45,20,female,10,2,33,20,2,False,33.4544,1,False,True,13,4,4,5.0,False,True,True,2,14,3,5,107,28,False,4,True,1,30,False,9,False,2,False,1,4
6,2,6,28,6,0,True,10,56+,20,male,21,1,16,40,4,False,31.1099,0,True,True,8,2,4,5.0,True,True,False,2,14,2,22,120,10,False,24,True,2,54,False,9,True,4,True,2,4
2,2,9,27,5,6,False,10,46-55,20,female,2,4,37,10,3,False,31.5855,0,False,True,8,2,7,5.0,True,False,False,12,14,4,3,118,26,True,24,False,1,35,True,3,True,3,True,2,4
2,1,6,29,3,4,True,10,36-45,20,female,20,4,57,20,3,False,22.1791,1,True,True,17,4,7,5.0,True,True,True,12,14,5,27,110,1,False,24,True,4,38,True,10,False,3,False,1,4
6,2,6,22,4,0,True,10,18-25,17,female,14,4,7,30,5,False,36.9003,1,False,True,9,1,1,5.0,True,False,True,7,14,4,21,114,25,True,24,True,1,41,False,10,True,5,True,2,5
3,1,10,27,4,5,True,10,26-35,20,female,16,4,23,25,5,False,30.1605,0,True,False,11,3,7,5.0,True,True,True,13,14,3,25,118,43,True,24,True,4,52,True,10,False,5,True,1,4
1,1,5,14,5,5,False,10,36-45,14,female,11,1,72,5,5,False,33.2193,1,False,True,12,3,1,5.0,True,False,False,0,14,6,33,117,39,True,24,False,3,47,False,10,False,5,False,1,4
4,2,2,36,5,6,False,10,36-45,20,male,1,1,16,30,5,False,42.8946,0,True,True,12,2,5,5.0,False,True,True,10,14,4,31,116,35,False,4,True,1,46,False,9,True,5,False,2,4
5,2,9,17,3,1,False,10,56+,20,male,19,2,2,35,5,False,24.3209,0,True,True,3,2,5,5.0,,False,True,5,14,1,9,118,44,False,24,True,2,24,True,10,True,5,False,2,4
7,2,14,21,3,2,False,10,36-45,18,male,11,4,13,45,5,False,22.3334,0,True,False,14,3,3,5.0,True,True,False,6,14,4,36,113,1,False,24,True,3,30,True,10,True,5,True,2,4
8,2,10,15,6,2,False,10,46-55,20,male,13,2,5,40,5,False,24.7252,0,False,True,15,2,3,5.0,True,False,True,1,14,7,37,109,2,True,24,True,2,48,True,10,True,5,True,2,5
7,1,2,22,4,3,,10,46-55,14,male,15,3,99,35,5,False,35.5584,0,False,True,16,3,1,5.0,True,True,True,3,14,5,16,120,34,False,4,True,1,49,True,8,False,5,True,1,4
9,2,10,19,5,4,True,10,36-45,16,female,11,3,28,45,5,False,23.3115,0,False,False,8,1,2,5.0,False,True,True,5,14,2,29,118,17,False,24,True,2,39,True,10,True,5,True,2,4
7,3,9,24,5,1,False,10,56+,18,female,12,1,13,35,5,False,38.1351,1,False,True,2,2,3,5.0,False,False,True,5,14,1,27,120,36,True,24,True,4,40,False,10,True,5,True,3,4
7,1,10,23,5,3,True,10,18-25,16,female,18,1,10,45,5,False,11.978,0,True,True,7,1,2,5.0,False,True,False,6,14,1,31,116,23,True,24,True,2,54,False,10,False,5,True,1,4
4,2,5,20,5,6,False,10,36-45,18,female,2,1,72,30,4,False,39.0591,1,True,False,4,4,2,5.0,True,True,True,3,14,0,15,109,21,,24,True,2,34,True,10,True,4,False,2,4
1,1,5,8,4,5,False,10,18-25,12,female,15,1,25,15,5,False,26.719,0,True,,16,1,0,5.0,True,True,False,5,14,6,21,120,43,False,24,True,1,43,False,6,False,5,True,1,4
2,1,9,28,4,3,True,10,46-55,20,female,11,1,75,10,3,False,36.1686,1,False,False,13,1,3,5.0,False,True,False,3,14,4,24,117,0,False,24,False,3,25,True,10,False,3,False,1,4
3,1,11,26,4,6,True,10,26-35,20,female,19,1,75,25,4,False,24.4974,1,True,True,16,3,8,5.0,False,True,False,9,14,5,27,113,11,True,24,True,1,29,True,5,False,4,False,1,4
1,1,8,23,5,2,False,10,18-25,16,male,16,2,52,15,5,False,32.9024,0,True,False,16,4,1,5.0,False,False,True,10,14,7,37,120,40,True,24,True,2,32,False,10,False,5,True,1,4
9,1,10,26,4,6,,10,36-45,20,female,5,4,65,45,5,False,21.7927,1,False,False,15,1,9,5.0,False,False,False,3,14,7,32,118,43,True,24,True,2,39,True,10,False,5,True,1,4
2,2,3,24,4,5,False,10,36-45,20,female,10,3,71,10,3,False,37.0562,0,False,False,19,3,5,5.0,False,True,True,6,14,8,8,119,14,True,16,False,3,34,False,10,True,3,True,2,4
8,2,13,21,6,2,False,10,18-25,20,male,2,4,20,50,5,False,32.8063,0,True,True,2,3,5,5.0,False,False,True,1,14,1,21,113,30,False,24,True,2,43,True,10,True,5,True,2,5
10,1,2,26,5,2,False,10,46-55,20,female,3,1,95,50,5,False,35.8553,1,True,True,14,1,4,5.0,True,True,True,10,14,4,11,117,47,True,9,True,1,37,False,8,False,5,False,1,4
6,1,0,26,5,5,True,10,26-35,15,male,13,1,1,30,5,False,37.6162,1,False,,19,2,0,4.25,False,True,False,0,14,9,37,116,37,True,3,True,1,39,False,5,False,5,False,1,5
8,2,4,22,3,6,False,9,26-35,20,male,1,2,31,50,1,False,51.4055,1,True,True,3,1,4,5.0,False,False,False,2,14,2,7,116,5,True,24,True,3,37,True,10,True,1,False,2,5
3,1,1,17,5,4,False,10,56+,20,female,0,4,89,25,1,False,29.6052,0,True,False,15,4,7,5.0,True,True,True,4,14,4,2,114,13,False,4,True,3,37,False,10,False,1,False,1,4
2,1,1,17,5,3,False,10,26-35,20,male,20,4,16,20,5,False,24.5947,2,True,True,14,1,7,5.0,True,True,True,6,14,4,23,120,12,True,4,True,1,37,False,10,False,5,True,1,4
7,1,0,23,7,5,False,10,18-25,18,female,2,4,42,35,4,False,26.4807,1,False,True,7,3,3,5.0,False,False,True,12,14,3,20,113,14,True,0,True,4,47,True,10,False,4,True,1,4
1,1,3,6,3,0,False,10,46-55,20,male,14,1,96,15,3,False,38.1254,1,True,False,3,3,5,5.0,True,False,False,0,14,2,4,112,25,True,9,True,3,51,True,10,False,3,True,1,4
2,2,10,32,2,2,,10,46-55,14,female,10,1,3,20,5,False,34.2649,1,True,True,7,3,0,5.0,,True,True,9,14,0,26,118,28,True,24,True,3,43,True,10,True,5,False,2,4
9,1,12,19,6,6,False,10,18-25,14,male,20,1,21,50,4,False,45.6629,1,True,False,15,2,1,5.0,False,False,True,0,14,7,3,120,42,True,24,True,4,45,True,10,False,4,False,1,4
7,1,11,25,5,2,,10,46-55,20,female,14,3,7,45,5,False,18.0749,0,True,True,19,1,4,5.0,True,True,True,13,14,7,16,120,38,,24,True,3,42,True,10,False,5,True,1,5
5,2,13,11,5,3,False,10,56+,12,female,5,1,83,25,4,False,29.4114,1,False,True,19,2,0,5.0,,True,False,3,14,7,10,115,21,False,24,True,2,46,True,9,True,4,True,2,4
7,2,4,24,4,0,,10,26-35,20,male,11,1,84,35,5,False,13.0835,1,False,True,11,1,3,5.0,False,True,False,3,14,3,35,113,29,True,24,True,1,38,True,5,True,5,False,2,4
6,2,2,18,4,0,True,10,18-25,14,male,6,3,36,30,5,False,41.164,1,False,False,4,1,1,5.0,True,False,True,6,14,2,35,120,25,True,12,True,3,36,True,10,True,5,False,2,4
5,2,12,17,2,3,False,10,46-55,20,male,12,1,47,35,4,False,23.1735,1,True,False,11,2,7,5.0,False,True,False,4,14,3,20,119,15,False,24,True,2,33,True,10,True,4,True,2,4
8,1,10,35,5,2,True,10,56+,19,female,23,2,27,50,4,False,32.2313,1,True,True,19,2,1,5.0,True,True,False,5,14,7,34,120,4,False,24,True,1,18,False,2,False,4,False,1,5
2,2,5,24,4,6,True,10,56+,20,male,10,1,76,20,4,False,36.723,0,True,False,15,1,5,5.0,False,True,True,2,14,4,20,105,14,False,24,True,4,46,True,10,True,4,True,2,4
2,2,6,29,3,0,True,10,46-55,20,male,1,2,11,20,4,False,26.0056,1,True,True,0,2,5,5.0,False,False,True,4,14,0,35,116,5,True,24,True,1,28,True,8,True,4,False,2,5
8,1,14,28,5,1,True,10,46-55,20,male,12,1,13,40,5,False,36.8693,1,False,True,7,2,6,5.0,True,False,True,9,14,3,31,120,3,True,24,True,3,45,True,10,False,5,True,1,5
3,3,14,16,4,3,False,10,18-25,20,female,14,1,62,25,2,False,28.621,2,True,True,18,4,8,5.0,True,True,True,7,14,6,0,115,10,True,24,True,4,38,False,10,True,2,True,3,5
4,1,11,14,5,1,True,10,36-45,16,female,5,3,83,30,3,False,45.0523,1,True,True,7,1,2,5.0,True,True,True,0,14,0,22,120,13,True,24,True,1,47,True,9,False,3,False,1,4
3,2,5,17,4,2,True,10,56+,20,female,13,3,68,15,5,False,34.6217,0,False,True,14,4,7,5.0,True,False,True,6,14,6,26,119,27,False,24,True,2,42,False,10,True,5,False,2,4
6,2,5,32,5,4,True,10,46-55,20,female,8,1,40,30,2,False,19.3937,0,False,True,14,2,4,5.0,False,True,False,7,14,4,21,111,6,False,24,True,1,53,True,3,True,2,False,2,4
5,2,5,17,4,2,,10,36-45,18,female,5,4,63,35,5,False,37.2171,1,True,True,19,1,2,5.0,True,True,True,1,14,8,5,120,42,True,24,True,4,59,False,10,True,5,True,2,4
4,1,2,25,7,4,,10,46-55,20,male,2,3,0,30,5,False,31.1543,1,True,True,20,4,5,5.0,True,False,True,1,14,10,33,107,0,True,7,True,3,38,True,10,False,5,True,1,4
4,3,12,14,5,6,False,10,46-55,20,female,5,4,88,30,5,False,31.8138,2,True,,5,4,7,5.0,True,True,False,0,14,0,35,117,12,False,24,True,1,26,True,3,True,5,False,3,4
5,1,6,22,2,5,False,10,56+,16,female,18,2,65,25,5,False,33.33,0,False,False,9,3,1,5.0,True,False,True,0,14,4,13,112,34,False,24,True,2,52,True,10,False,5,True,1,4
8,2,0,24,4,1,True,10,36-45,16,male,22,3,19,40,4,False,37.2661,0,False,True,4,2,1,5.0,True,False,False,9,14,2,3,118,34,True,3,True,4,46,True,10,True,4,True,2,4
6,2,4,23,3,5,True,10,56+,12,female,17,3,50,30,4,False,43.5326,0,False,False,4,1,0,5.0,False,False,True,7,14,2,15,111,19,,19,True,1,40,False,7,True,4,True,2,4
8,2,10,16,3,5,True,10,26-35,12,female,23,1,20,40,5,False,31.4361,0,False,False,15,3,0,5.0,True,True,False,0,14,5,40,109,20,True,24,True,3,39,True,10,True,5,False,2,4
6,1,8,21,4,1,False,10,18-25,20,male,4,4,89,40,2,False,32.2776,2,True,False,14,3,6,5.0,False,False,False,4,14,6,13,104,11,False,24,True,4,44,True,10,False,2,False,1,4
5,2,11,25,2,0,False,10,46-55,20,male,13,3,12,35,5,False,24.6368,0,True,False,13,2,6,5.0,,False,False,3,14,6,21,120,48,True,24,True,3,54,False,10,True,5,True,2,4
4,1,3,30,4,5,True,10,36-45,20,female,20,3,80,30,5,False,16.9072,0,True,False,11,5,6,5.0,True,False,True,5,14,5,11,113,48,,19,True,1,29,True,9,False,5,False,1,4
9,1,14,19,6,3,True,10,56+,16,male,0,1,94,50,4,False,22.7241,1,True,True,5,1,1,5.0,False,True,True,6,14,0,24,120,5,False,24,True,4,34,True,10,False,4,True,1,4
1,2,13,17,6,3,False,10,36-45,14,male,2,1,12,5,4,False,22.5694,0,False,False,11,3,1,5.0,True,True,False,11,14,3,30,120,7,True,24,False,4,38,True,10,True,4,True,2,4
8,2,10,21,5,5,,10,36-45,14,male,1,2,65,40,5,False,34.8835,1,False,True,12,3,1,5.0,True,True,False,2,14,4,20,117,32,False,24,True,4,24,True,10,True,5,False,2,4
7,1,0,26,5,5,,10,56+,20,female,9,2,19,35,4,False,22.5651,0,False,True,16,3,8,2.15,False,False,False,11,14,7,35,111,7,False,3,True,1,47,True,2,False,4,False,1,4
1,2,6,21,5,5,True,10,36-45,20,female,12,4,44,15,5,False,23.7986,1,True,True,10,2,6,5.0,False,True,True,9,14,3,38,120,38,True,24,True,1,34,False,9,True,5,True,2,4
4,2,8,21,3,4,True,10,26-35,18,female,21,4,73,30,5,False,30.1324,0,True,True,7,2,2,5.0,False,True,False,3,14,1,2,117,48,False,24,True,4,53,True,10,True,5,False,2,4
8,1,6,27,5,0,True,10,26-35,20,male,5,1,12,50,5,False,31.0997,0,True,True,3,3,8,5.0,False,False,True,7,14,2,18,120,29,True,24,True,4,46,False,10,False,5,False,1,4
1,1,8,20,6,0,False,10,18-25,18,female,16,3,14,15,4,False,29.8146,0,True,True,19,1,3,5.0,False,True,False,5,14,8,29,120,4,,24,True,3,35,True,10,False,4,True,1,4
4,2,3,9,4,4,False,10,26-35,20,male,12,1,30,30,5,False,40.4091,0,True,True,20,2,3,5.0,True,True,True,4,14,8,8,105,47,True,9,True,3,47,False,10,True,5,False,2,4
1,1,1,20,3,6,,10,18-25,16,female,1,3,47,5,5,False,30.2792,1,False,True,18,1,1,5.0,False,True,True,9,14,6,10,115,37,True,4,False,4,29,True,10,False,5,True,1,4
4,1,4,10,6,2,False,10,26-35,14,male,6,1,54,30,5,False,38.2586,2,True,False,8,2,0,5.0,True,True,False,0,14,1,35,120,10,,16,True,1,46,False,5,False,5,True,1,4
2,1,7,18,4,2,False,10,26-35,18,male,19,3,24,20,5,False,27.0726,1,True,False,1,1,2,5.0,,False,False,3,14,1,16,120,40,True,24,True,3,51,False,10,False,5,True,1,4
3,2,2,20,3,1,True,10,36-45,20,male,1,5,36,15,2,False,37.6835,1,False,True,14,1,8,5.0,False,True,True,12,14,5,12,114,4,False,12,True,3,44,False,10,True,2,True,2,4
6,1,0,14,3,3,True,10,46-55,20,female,4,4,11,30,5,False,27.7304,0,False,False,5,2,7,5.0,True,True,False,5,14,0,18,108,38,True,4,True,4,39,False,10,False,5,False,1,4
4,2,3,22,3,2,,10,26-35,14,female,17,3,53,30,2,False,26.5279,1,True,True,3,4,0,5.0,True,False,False,0,14,2,0,112,27,True,9,True,1,37,True,5,True,2,False,2,4
1,2,2,12,3,1,True,10,46-55,20,female,23,3,30,5,5,False,16.0761,0,False,True,19,2,8,5.0,False,True,True,1,14,9,21,108,50,True,12,False,2,34,False,10,True,5,False,2,4
2,1,6,17,5,2,,10,46-55,12,female,15,4,64,20,1,False,28.8025,0,True,,8,1,0,5.0,False,True,False,0,14,2,0,120,8,True,24,True,1,54,False,3,False,1,False,1,4
1,1,0,17,3,5,False,10,46-55,20,male,13,1,96,15,5,False,35.2756,0,True,False,12,1,9,5.0,True,True,True,7,14,4,17,114,30,False,1,True,2,22,False,10,False,5,False,1,5
2,2,2,15,6,6,True,10,18-25,20,male,0,1,51,20,5,False,38.4985,1,True,True,14,3,5,5.0,,True,True,2,14,4,16,106,43,True,12,True,1,55,False,10,True,5,True,2,5
10,1,13,25,4,4,False,10,18-25,20,male,2,3,34,50,5,False,33.0626,0,True,False,8,1,8,5.0,True,False,True,2,14,4,35,116,37,True,24,True,2,38,False,10,False,5,False,1,4
1,1,0,13,4,0,True,10,18-25,20,female,2,1,57,15,2,False,33.7989,1,True,False,13,1,8,5.0,False,True,True,12,14,3,10,120,10,True,4,True,1,38,False,10,False,2,False,1,5
7,2,8,27,4,2,False,10,56+,20,male,17,3,46,35,5,False,32.4865,1,False,True,20,1,7,5.0,False,True,True,0,14,9,29,117,45,True,24,True,1,39,True,7,True,5,False,2,4
6,2,6,24,6,1,False,10,26-35,20,female,13,4,0,40,4,False,40.6752,0,True,False,17,3,6,5.0,False,False,True,8,14,9,17,109,15,False,24,True,3,41,True,10,True,4,True,2,4
1,1,0,17,5,1,False,8,56+,20,female,22,1,32,15,2,False,32.3477,1,True,True,0,2,3,5.0,,False,False,14,14,0,15,114,14,True,1,True,3,32,True,10,False,2,False,1,4
4,1,5,14,6,2,True,10,26-35,20,female,8,3,68,30,5,False,32.4254,0,True,,1,3,4,5.0,False,False,False,2,14,0,36,112,4,True,24,True,2,57,False,10,False,5,True,1,4
2,1,13,30,4,5,False,10,18-25,20,female,14,2,1,10,5,False,34.2821,0,False,True,9,2,5,5.0,,True,False,7,14,1,34,118,29,,24,False,1,65,True,6,False,5,False,1,4
1,1,8,22,5,2,False,10,18-25,20,female,9,1,61,5,5,False,35.2991,1,False,,10,2,7,5.0,True,True,False,5,14,2,19,113,32,False,24,False,2,34,False,10,False,5,False,1,5
6,2,11,19,4,3,False,10,46-55,12,female,8,2,25,40,5,False,36.0666,0,True,False,3,1,0,5.0,,False,True,9,14,2,23,113,30,False,24,True,3,48,False,10,True,5,True,2,4
5,1,15,29,5,0,True,10,56+,20,male,20,2,3,25,2,False,23.5246,0,False,True,17,1,6,5.0,,True,True,9,14,5,7,115,15,True,24,True,1,37,False,7,False,2,True,1,4
9,1,0,28,4,3,True,10,56+,20,female,21,1,48,45,4,False,36.9818,0,False,True,5,1,9,5.0,False,True,True,2,14,0,23,117,5,False,3,True,3,33,True,10,False,4,True,1,4
9,2,13,21,4,1,,10,46-55,12,male,14,3,46,45,5,False,35.7695,1,False,True,20,1,0,5.0,True,True,True,12,14,8,30,120,16,,24,True,2,37,True,10,True,5,True,2,4
8,2,8,30,5,3,True,10,26-35,20,female,20,2,23,40,5,False,37.4169,0,False,,11,1,4,5.0,True,False,False,11,14,5,37,111,44,True,24,True,2,37,True,10,True,5,False,2,4
3,1,3,11,6,6,False,10,18-25,20,female,6,4,72,15,5,False,29.1551,1,False,True,19,2,3,5.0,True,True,False,2,14,7,23,120,41,False,9,True,5,42,True,10,False,5,False,1,5
1,1,10,18,4,4,,10,26-35,20,male,5,1,29,5,5,False,35.9034,0,False,,9,1,8,5.0,False,False,False,0,14,4,14,120,32,True,24,False,1,51,False,5,False,5,True,1,4
8,2,10,20,5,3,True,10,18-25,20,female,8,3,34,50,3,False,37.7916,1,True,False,19,3,3,5.0,False,True,True,9,14,10,20,108,19,False,24,True,4,56,True,10,True,3,False,2,4
7,1,13,27,5,0,False,10,36-45,16,female,12,2,35,45,5,False,29.7164,0,True,True,6,2,1,5.0,False,False,True,0,14,3,30,120,9,False,24,True,3,49,False,10,False,5,True,1,4
6,2,1,20,6,2,True,10,18-25,15,female,14,1,6,30,5,False,21.1608,0,False,False,11,1,0,5.0,False,True,False,5,14,3,38,120,31,True,4,True,4,50,False,10,True,5,True,2,5
8,1,3,13,5,4,True,10,36-45,15,male,9,4,92,50,2,False,18.5885,1,True,True,18,3,0,5.0,True,False,True,0,14,9,20,117,6,False,12,True,2,43,True,10,False,2,False,1,5
7,1,4,30,3,7,True,10,26-35,14,female,15,1,72,35,5,False,42.6041,1,False,True,6,1,0,5.0,True,False,True,11,14,3,40,120,38,False,19,True,3,44,False,10,False,5,False,1,4
4,1,3,15,2,1,False,10,46-55,14,female,20,1,82,20,5,False,30.0237,1,False,True,0,2,1,5.0,,False,True,0,14,0,29,112,10,True,16,True,3,48,True,10,False,5,True,1,4
1,1,0,30,4,5,False,10,36-45,20,female,13,1,70,15,5,False,19.3229,0,True,False,11,4,5,5.0,False,False,False,9,14,5,30,115,19,True,0,True,2,37,True,10,False,5,True,1,5
1,2,13,20,2,0,,10,26-35,20,female,7,3,20,5,1,False,27.4173,0,False,True,9,1,7,5.0,False,True,True,5,14,1,2,118,16,False,24,False,2,55,False,10,True,1,False,2,4
2,2,9,17,4,0,True,10,46-55,20,female,5,2,45,10,5,False,20.0322,0,False,True,15,1,9,5.0,,True,False,8,14,4,21,117,31,False,24,False,4,40,True,10,True,5,False,2,4
3,1,0,20,4,4,True,10,46-55,20,female,12,4,1,15,5,False,31.2672,1,False,False,6,1,8,5.0,,False,True,8,14,3,11,107,36,,3,True,5,39,True,10,False,5,True,1,5
6,1,4,22,4,0,True,10,26-35,20,female,0,1,1,40,5,False,31.2153,0,True,False,2,1,7,5.0,,False,False,12,14,0,23,118,50,False,24,True,1,28,True,5,False,5,True,1,4
5,2,3,23,5,0,,10,36-45,20,male,8,1,24,35,2,False,32.3798,1,True,True,1,3,9,5.0,True,False,False,6,14,0,5,114,12,True,16,True,2,56,True,10,True,2,True,2,5
8,3,11,20,4,0,True,10,46-55,20,female,10,4,50,40,4,False,34.2272,1,False,False,0,2,5,5.0,False,False,True,4,14,0,30,120,3,True,24,True,2,38,False,10,True,4,True,3,4
1,2,6,26,6,2,True,10,46-55,20,male,7,3,25,5,5,False,34.8863,0,False,False,0,2,4,5.0,False,False,True,4,14,0,10,120,36,True,24,False,1,24,True,8,True,5,True,2,4
7,2,0,32,6,5,True,10,56+,20,female,17,2,32,45,4,False,22.7733,0,True,True,18,1,7,5.0,False,True,True,0,14,6,8,115,22,False,3,True,2,37,False,10,True,4,True,2,4
9,2,6,25,5,0,False,10,18-25,16,female,7,1,10,50,5,False,36.0026,1,True,,7,1,1,5.0,True,True,True,2,14,0,13,115,49,False,24,True,3,41,False,10,True,5,False,2,4
6,1,9,17,4,4,True,10,46-55,17,female,16,3,38,30,5,False,13.8579,0,False,False,14,1,1,5.0,,True,True,1,14,5,25,119,10,False,24,True,4,58,False,10,False,5,True,1,5
8,2,1,16,5,2,False,10,36-45,20,male,14,1,15,40,5,False,31.9672,1,False,True,13,1,6,5.0,True,True,True,0,14,3,31,117,47,True,4,True,2,43,False,10,True,5,False,2,4
1,1,2,32,5,6,True,10,36-45,16,male,16,3,45,15,5,False,19.6993,0,True,True,3,3,1,5.0,True,False,True,8,14,2,29,120,37,True,12,True,2,46,True,10,False,5,False,1,4
6,2,6,16,6,2,True,10,56+,20,male,0,1,28,40,5,False,32.3355,0,True,True,15,1,6,5.0,False,False,False,0,14,7,36,117,12,True,24,True,3,30,True,10,True,5,False,2,4
5,2,3,34,3,4,False,10,26-35,20,male,19,4,22,35,5,False,28.7087,0,True,True,14,4,3,5.0,False,False,True,2,14,7,19,120,47,True,9,True,4,43,True,10,True,5,False,2,5
6,1,9,23,3,3,False,10,36-45,18,female,12,1,63,40,4,False,31.716,1,True,False,7,3,2,5.0,True,True,True,5,14,0,18,119,14,True,24,True,2,45,True,10,False,4,True,1,4
4,1,8,36,5,5,True,10,56+,20,male,0,3,85,30,4,False,35.469,0,True,True,19,1,4,5.0,True,True,True,8,14,8,13,120,30,True,24,True,4,29,False,10,False,4,False,1,4
1,1,10,21,5,4,False,10,56+,14,male,7,3,51,5,2,False,14.7242,0,False,True,2,3,0,5.0,False,False,False,8,14,1,22,115,3,True,24,False,1,40,True,2,False,2,False,1,4
7,2,14,22,5,6,False,10,36-45,20,male,8,2,94,35,4,False,30.1883,0,False,True,16,2,4,5.0,False,False,True,12,14,8,19,117,16,True,24,True,2,32,False,10,True,4,True,2,4
3,1,7,26,3,0,False,10,56+,20,male,13,2,27,15,4,False,28.5563,0,False,,1,1,5,5.0,,False,False,11,14,1,24,113,7,,24,True,2,39,True,9,False,4,True,1,4
3,2,0,19,5,3,False,10,46-55,20,female,1,4,21,25,5,False,29.0382,0,True,,17,1,8,5.0,False,False,False,2,14,8,33,120,41,False,0,True,2,53,False,10,True,5,True,2,4
6,1,6,10,4,4,False,8,36-45,20,male,10,4,22,40,2,False,20.4708,1,True,False,0,2,4,5.0,,False,True,10,14,0,8,113,4,False,24,True,1,40,False,9,False,2,True,1,4
5,2,0,14,5,1,True,10,56+,16,female,17,3,11,25,1,False,38.2809,0,False,False,18,3,1,2.15,True,True,False,11,14,7,7,110,9,False,3,True,1,34,False,2,True,1,True,2,4
5,1,9,19,3,1,,10,18-25,20,female,8,1,78,25,5,False,29.2591,1,False,False,7,2,9,5.0,False,False,True,0,14,4,39,108,18,False,24,True,4,54,True,10,False,5,True,1,4
4,1,11,18,4,6,True,10,36-45,18,male,21,1,90,20,4,False,9.111,1,False,False,10,3,2,5.0,False,True,True,0,14,2,19,115,26,False,24,True,4,32,False,10,False,4,False,1,4
5,1,7,19,4,2,False,10,56+,20,female,2,2,27,35,5,False,43.6459,0,True,False,4,4,6,5.0,True,False,True,4,14,1,14,108,46,False,24,True,1,22,False,7,False,5,False,1,4
8,2,5,23,6,1,True,10,56+,20,male,11,2,6,50,5,False,20.5348,1,True,,7,2,3,5.0,True,False,False,11,14,4,14,106,43,True,24,True,4,42,True,10,True,5,True,2,4
3,2,5,13,4,0,False,10,56+,20,male,1,1,52,15,5,False,37.7639,0,False,True,0,1,8,5.0,True,False,False,7,14,0,31,120,33,True,24,True,1,40,True,2,True,5,False,2,4
4,2,3,17,3,2,,10,46-55,20,female,9,3,63,30,5,False,20.4138,1,True,False,13,2,9,5.0,,True,True,5,14,4,33,120,26,False,16,True,4,59,False,10,True,5,False,2,5
2,2,5,16,4,4,True,10,36-45,20,male,0,3,75,20,5,False,22.6286,1,True,True,12,3,9,5.0,,True,True,8,14,3,22,120,41,True,24,True,1,28,False,9,True,5,False,2,5
8,1,3,14,4,0,True,10,36-45,17,male,2,1,23,50,3,False,14.5114,0,True,False,13,4,0,5.0,False,True,False,10,14,4,19,111,2,False,19,True,1,37,True,4,False,3,True,1,5
2,1,13,20,5,1,True,10,26-35,15,male,4,4,23,20,5,False,40.5551,1,True,True,11,3,0,5.0,True,False,False,5,14,5,32,120,10,True,24,True,3,29,False,10,False,5,True,1,5
3,3,6,27,6,5,False,10,46-55,12,male,16,1,6,15,5,False,16.2167,2,False,True,19,4,0,5.0,False,True,True,4,14,9,25,116,31,False,24,True,2,34,False,10,True,5,False,3,4
7,1,9,29,3,6,,10,36-45,18,male,19,2,59,35,2,False,23.0435,0,False,True,19,2,2,5.0,False,True,False,10,14,8,2,120,28,False,24,True,3,42,False,10,False,2,False,1,4
4,2,5,23,3,1,False,10,56+,16,male,23,2,76,20,5,False,20.5308,1,False,True,20,2,1,5.0,True,True,False,13,14,9,24,117,33,False,24,True,1,38,False,2,True,5,True,2,4
6,2,5,9,4,1,False,10,18-25,20,male,0,1,22,40,5,False,40.0927,1,True,,1,2,8,5.0,False,False,False,11,14,0,34,120,0,True,24,True,4,27,True,10,True,5,True,2,4
8,1,1,30,7,5,,10,46-55,18,female,15,1,67,50,5,False,36.5669,1,True,False,18,1,2,2.15,True,False,False,8,14,8,35,107,30,True,1,True,1,52,False,3,False,5,False,1,4
9,2,11,28,5,6,False,10,46-55,20,male,23,1,69,50,3,False,23.8909,1,True,False,20,4,3,5.0,False,True,False,0,14,8,7,115,35,False,24,True,3,43,True,10,True,3,False,2,4
2,1,0,21,4,6,False,10,36-45,12,male,4,1,25,20,5,False,41.0266,1,True,False,4,4,0,5.0,False,True,True,12,14,0,26,116,27,False,0,True,2,40,False,10,False,5,False,1,4
8,1,0,27,4,4,True,10,56+,14,female,21,1,73,40,5,False,30.0742,0,False,False,19,1,0,2.4,False,True,False,0,14,9,17,112,20,,4,True,1,42,True,2,False,5,True,1,4
8,2,3,26,4,2,False,10,36-45,17,female,4,1,0,40,5,False,27.0261,0,False,True,18,1,0,5.0,,True,False,10,14,7,14,116,49,True,16,True,4,48,True,10,True,5,False,2,5
3,1,10,31,5,5,False,10,18-25,20,male,12,1,3,25,3,False,36.5514,0,True,True,6,3,8,5.0,False,True,False,2,14,1,24,117,2,True,24,True,4,40,False,10,False,3,False,1,4
4,2,3,20,5,6,False,10,36-45,20,female,15,1,49,20,4,False,34.8112,0,False,False,19,4,7,5.0,True,True,True,3,14,6,1,120,31,True,16,True,2,40,False,10,True,4,True,2,5
1,1,4,13,4,0,False,10,36-45,18,female,16,1,70,5,5,False,28.1704,0,False,False,19,2,3,5.0,False,True,False,9,14,7,32,120,10,True,16,False,2,19,True,10,False,5,True,1,4
4,2,7,18,4,0,True,10,18-25,14,female,17,3,65,20,2,False,36.8566,1,False,True,18,5,1,5.0,,True,True,0,14,6,2,120,22,True,24,True,1,29,False,10,True,2,False,2,4
5,2,12,19,5,5,False,10,26-35,20,male,9,4,75,25,5,False,30.5647,0,False,True,11,2,3,5.0,True,True,True,5,14,2,11,120,46,False,24,True,2,41,False,10,True,5,False,2,5
8,1,9,9,3,3,True,10,18-25,16,male,18,3,47,50,5,False,39.2683,1,True,False,6,4,2,5.0,False,False,True,7,14,2,21,120,25,True,24,True,1,28,False,10,False,5,True,1,4
8,1,4,28,4,0,,10,56+,20,female,12,1,70,40,5,False,30.9002,0,False,False,15,3,4,5.0,True,True,False,10,14,5,15,114,43,True,19,True,4,25,True,10,False,5,True,1,4
3,1,7,28,5,2,,10,46-55,18,female,0,2,62,15,5,False,26.8643,1,False,True,4,4,3,5.0,False,True,False,0,14,0,27,120,27,False,24,True,2,36,False,10,False,5,False,1,4
5,2,13,20,4,5,True,10,36-45,20,male,14,4,30,35,5,False,42.9856,1,True,False,5,3,3,5.0,False,False,True,12,14,3,30,113,40,False,24,True,3,42,False,10,True,5,True,2,4
2,3,3,23,4,5,True,10,26-35,12,female,16,2,58,10,5,False,33.011,2,False,False,2,4,0,5.0,True,False,True,3,14,1,33,113,7,False,12,False,3,42,True,10,True,5,True,3,4
4,2,9,23,3,5,True,10,36-45,20,male,9,3,22,20,1,False,17.7911,0,False,False,13,3,5,5.0,True,True,True,0,14,4,3,116,19,False,24,True,2,25,False,10,True,1,False,2,4
4,2,0,19,2,0,True,10,56+,20,male,6,1,51,30,4,False,20.3862,0,True,,12,2,5,5.0,False,True,True,1,14,4,26,120,16,False,3,True,4,36,True,10,True,4,False,2,4
3,2,2,15,3,6,True,10,46-55,20,male,11,3,90,15,5,False,28.7891,1,False,False,19,2,4,5.0,,True,True,0,14,8,33,120,33,True,7,True,1,34,False,8,True,5,False,2,4
2,2,12,22,5,0,False,10,26-35,20,male,0,2,29,20,5,False,33.9349,1,True,False,2,3,8,5.0,True,False,True,0,14,1,32,120,32,,24,True,3,41,True,10,True,5,True,2,5
6,2,9,23,6,4,False,10,46-55,14,female,11,1,65,30,5,False,20.6267,0,False,,18,2,0,5.0,True,True,False,6,14,6,35,120,10,True,24,True,4,39,True,10,True,5,True,2,4
2,2,1,9,4,4,True,10,26-35,20,female,16,1,85,20,3,False,20.0738,1,True,False,10,1,9,5.0,True,True,False,7,14,3,18,120,0,False,4,True,3,34,True,10,True,3,True,2,4
4,1,6,20,5,2,False,10,26-35,16,male,19,2,59,30,5,False,25.0829,1,True,True,7,2,2,5.0,False,True,False,8,14,1,17,109,27,True,24,True,2,41,False,10,False,5,True,1,4
6,2,11,17,5,1,False,10,18-25,20,female,10,2,75,30,5,False,28.3522,1,False,True,10,1,9,5.0,False,False,True,12,14,5,27,120,39,False,24,True,3,31,False,10,True,5,True,2,4
3,2,1,13,5,0,True,10,26-35,20,female,12,1,77,25,3,False,26.7499,0,True,True,12,3,3,5.0,True,True,True,0,14,4,7,120,27,False,7,True,4,49,True,10,True,3,True,2,4
1,2,2,28,4,3,False,10,36-45,20,female,4,2,59,15,5,False,33.9053,0,True,True,13,1,5,5.0,False,True,True,5,14,4,36,120,15,True,9,True,4,37,False,10,True,5,False,2,4
3,1,6,16,5,5,True,10,26-35,20,female,14,3,56,15,3,False,26.6957,0,False,,11,2,5,5.0,True,False,True,0,14,6,9,120,25,True,24,True,2,36,False,10,False,3,False,1,4
3,2,9,24,5,6,True,10,36-45,18,male,4,2,38,15,5,False,25.142,0,False,True,6,1,3,5.0,False,False,False,9,14,2,26,107,43,True,24,True,2,21,True,10,True,5,True,2,4
5,1,2,24,6,6,True,10,36-45,20,male,21,2,59,35,5,False,44.4745,0,True,False,7,3,6,5.0,True,True,True,2,14,0,29,120,41,True,7,True,1,35,True,9,False,5,True,1,4
7,1,9,23,4,2,True,10,56+,16,male,2,2,7,35,5,False,43.1819,0,False,False,0,1,1,5.0,False,False,True,11,14,0,25,114,11,True,24,True,1,41,False,7,False,5,True,1,4
1,1,6,24,7,4,False,10,56+,20,male,1,2,54,5,5,False,42.641,0,False,,4,2,8,5.0,True,True,True,10,14,0,29,116,30,True,24,False,1,40,False,7,False,5,False,1,4
1,3,5,25,4,1,True,10,36-45,16,male,8,1,55,5,2,False,27.7857,2,False,,16,1,2,5.0,False,False,True,3,14,7,10,118,15,True,24,False,4,59,True,10,True,2,False,3,4
8,1,1,33,3,1,False,10,56+,20,male,4,1,53,50,5,False,38.3851,0,True,False,12,1,6,5.0,True,True,True,2,14,4,0,112,48,False,4,True,1,43,True,7,False,5,True,1,4
1,2,2,18,5,1,True,10,26-35,14,female,9,3,25,15,5,False,23.9399,1,True,False,18,2,1,5.0,False,False,False,9,14,9,16,120,26,,12,True,1,39,False,5,True,5,True,2,4
3,1,2,11,5,1,False,10,36-45,20,female,2,2,52,25,5,False,22.4113,1,True,False,16,4,8,3.6,False,False,False,8,14,7,31,120,31,,4,True,1,30,False,4,False,5,False,1,4
5,2,1,14,4,5,True,10,56+,20,female,17,1,51,25,2,False,36.0676,1,False,True,7,1,8,5.0,False,False,True,0,14,3,15,113,5,True,7,True,1,41,False,7,True,2,False,2,4
1,2,7,14,4,4,False,10,46-55,20,female,2,1,36,5,5,False,35.8218,0,False,False,4,3,5,5.0,True,False,False,9,14,2,24,111,24,False,24,False,2,39,False,10,True,5,True,2,4
3,1,10,19,4,4,False,10,56+,20,male,23,2,56,25,5,False,40.4693,0,True,True,17,4,8,5.0,True,False,True,14,14,9,38,120,32,False,24,True,2,41,True,10,False,5,True,1,5
7,2,8,19,4,2,False,10,18-25,17,female,16,1,18,35,5,False,28.8009,0,False,True,11,3,1,5.0,True,True,False,6,14,3,21,117,36,False,24,True,3,34,False,10,True,5,False,2,5
4,2,8,27,4,4,True,10,56+,20,female,21,4,68,30,5,False,27.199,0,True,True,8,1,2,5.0,False,False,False,8,14,4,22,118,36,False,24,True,4,30,True,10,True,5,True,2,5
5,1,10,18,4,5,True,10,26-35,20,male,9,1,53,35,1,False,28.5928,1,True,False,19,1,6,5.0,False,True,True,7,14,6,3,115,9,,24,True,3,35,False,10,False,1,False,1,5
9,2,0,24,4,0,False,10,56+,20,male,13,3,82,45,2,False,35.3651,0,False,True,6,4,8,5.0,True,True,True,4,14,0,11,117,15,,0,True,2,43,True,10,True,2,False,2,4
9,2,3,15,6,1,False,10,46-55,20,female,17,3,57,50,4,False,26.6075,0,True,True,11,2,4,5.0,True,False,False,3,14,6,12,117,22,,16,True,3,45,False,10,True,4,True,2,4
4,2,1,33,4,0,True,10,26-35,16,female,18,2,63,30,5,False,35.9341,0,True,False,20,3,1,5.0,True,True,False,7,14,8,17,114,26,True,7,True,5,34,False,10,True,5,True,2,4
5,1,7,30,3,4,False,10,46-55,20,male,16,2,100,35,5,False,49.5105,1,True,False,13,1,8,5.0,False,True,False,1,14,3,18,120,39,True,24,True,2,54,True,10,False,5,True,1,4
4,1,5,31,3,0,False,10,18-25,20,male,10,3,59,30,5,False,27.0104,0,True,False,10,3,6,5.0,False,True,False,1,14,3,12,117,43,,24,True,1,30,True,6,False,5,False,1,5
2,2,0,17,4,0,True,10,56+,16,male,22,2,99,10,5,False,44.7194,1,False,False,7,3,1,5.0,,False,True,2,14,3,33,120,46,True,4,False,4,45,False,10,True,5,False,2,4
4,3,10,17,5,3,,10,46-55,15,male,1,2,66,20,4,False,22.3701,1,False,True,13,3,0,5.0,False,False,True,9,14,6,23,118,29,False,24,True,1,44,True,8,True,4,False,3,5
9,2,8,21,4,4,True,10,26-35,20,female,22,2,61,45,5,False,41.5725,0,False,False,16,3,5,5.0,True,True,False,3,14,6,18,120,47,False,24,True,2,50,True,10,True,5,True,2,4
2,1,7,17,7,5,True,10,36-45,18,male,12,2,87,20,5,False,21.5487,0,True,True,12,2,3,5.0,True,True,False,0,14,4,12,119,49,True,24,True,2,39,True,10,False,5,False,1,4
7,1,8,25,5,0,False,10,36-45,20,female,2,2,91,45,5,False,16.7674,1,True,True,7,1,5,5.0,,False,False,6,14,4,30,114,24,False,24,True,2,39,False,10,False,5,True,1,4
7,2,1,21,3,5,False,10,26-35,18,female,0,3,60,35,2,False,33.1205,0,False,False,11,2,2,5.0,True,False,False,9,14,5,12,119,17,True,4,True,2,46,True,10,True,2,False,2,4
7,1,1,25,4,3,True,10,18-25,16,male,15,1,22,35,5,False,27.6422,0,False,True,16,3,2,5.0,False,True,True,13,14,5,36,119,24,False,4,True,3,39,True,10,False,5,False,1,4
4,2,6,30,6,1,False,10,18-25,20,male,18,1,12,30,5,False,32.7073,1,True,False,19,1,4,5.0,True,True,False,6,14,9,37,120,37,True,24,True,3,52,False,10,True,5,True,2,5
6,1,7,18,5,3,False,10,36-45,16,female,8,4,67,30,1,False,27.9943,0,False,False,14,2,1,5.0,True,True,False,0,14,4,13,111,8,True,24,True,2,41,False,10,False,1,False,1,4
9,1,3,20,6,5,False,10,26-35,20,male,22,4,47,45,5,False,32.8374,0,False,True,7,2,9,5.0,,False,True,0,14,4,31,114,27,False,9,True,4,37,True,10,False,5,False,1,5
2,1,0,25,4,4,False,10,36-45,20,female,13,2,48,10,5,False,41.9555,1,False,False,12,1,5,5.0,True,False,True,8,14,6,24,119,11,False,0,False,2,41,False,10,False,5,True,1,4
1,1,9,19,6,5,False,10,36-45,20,male,3,1,69,15,5,False,24.8977,1,True,False,3,3,3,5.0,False,False,False,0,14,1,38,116,37,True,24,True,3,37,True,10,False,5,False,1,4
1,1,0,21,5,0,False,10,36-45,20,female,0,1,63,15,5,False,27.8356,1,True,,16,3,4,2.85,True,True,False,4,14,6,28,113,27,False,1,True,1,52,True,4,False,5,False,1,4
4,1,1,19,6,5,False,10,36-45,20,male,5,2,8,20,5,False,31.5792,1,False,True,4,1,9,2.85,False,True,False,5,14,0,39,114,9,True,1,True,1,35,True,4,False,5,False,1,5
6,2,0,22,4,4,False,10,18-25,20,male,9,4,27,40,5,False,27.0642,1,True,True,6,2,6,5.0,False,False,False,0,14,3,36,113,26,True,0,True,4,45,True,10,True,5,False,2,4
4,2,0,20,4,2,False,10,18-25,20,male,17,3,80,20,2,False,21.8378,0,False,True,10,2,7,5.0,False,True,False,3,14,2,9,110,15,False,1,True,4,42,True,10,True,2,False,2,4
3,2,6,15,2,6,True,10,18-25,14,female,22,3,10,25,5,False,30.8747,0,True,True,9,3,0,5.0,True,True,True,12,14,1,31,120,35,False,24,True,2,26,False,10,True,5,True,2,4
6,1,7,30,6,5,False,10,56+,16,female,16,1,82,40,5,False,31.5784,1,True,False,19,3,1,5.0,True,True,False,6,14,9,7,119,46,True,24,True,4,56,False,10,False,5,False,1,4
3,1,2,22,4,2,True,10,18-25,20,male,3,3,42,25,1,False,23.7779,0,True,False,14,1,8,5.0,True,False,True,1,14,6,0,113,5,,12,True,1,56,True,10,False,1,True,1,4
7,1,7,20,3,2,False,5,56+,20,male,22,3,20,35,1,False,26.8919,0,False,False,1,4,3,5.0,,False,False,10,14,1,3,119,12,True,24,True,3,48,False,10,False,1,False,1,4
8,1,3,9,6,5,False,10,18-25,20,male,15,3,9,50,5,False,22.4409,1,True,False,13,2,8,5.0,False,True,False,2,14,4,37,117,42,True,9,True,4,48,False,10,False,5,False,1,4
3,2,11,16,5,5,False,10,36-45,20,male,2,2,3,25,3,False,25.5785,0,True,False,15,2,8,5.0,True,True,True,5,14,4,21,111,7,True,24,True,2,42,True,10,True,3,True,2,4
6,2,6,23,5,6,True,10,18-25,20,male,7,1,42,40,2,False,39.8292,0,True,False,14,3,4,5.0,True,False,False,12,14,7,15,116,0,False,24,True,2,38,True,10,True,2,False,2,4
6,2,13,23,5,0,False,10,56+,16,male,20,3,3,40,1,False,41.176,0,True,False,14,4,2,5.0,False,True,True,8,14,4,4,114,7,,24,True,2,44,True,10,True,1,True,2,4
3,2,5,20,6,0,,10,46-55,20,male,10,3,95,15,3,False,18.3997,0,False,False,9,3,5,5.0,True,True,False,4,14,2,13,107,28,False,24,True,4,45,True,10,True,3,False,2,4
7,2,7,15,2,2,,10,18-25,18,male,8,3,9,45,4,False,32.483,1,True,False,14,1,3,5.0,True,True,True,5,14,5,22,113,22,True,24,True,1,25,True,10,True,4,False,2,4
7,2,2,21,4,4,True,10,36-45,15,male,0,4,0,45,5,False,39.1212,1,True,,6,1,0,5.0,True,False,False,5,14,2,31,115,47,True,12,True,3,35,True,10,True,5,False,2,5
9,1,11,25,5,2,False,10,26-35,20,male,14,4,42,45,5,False,48.248,1,False,True,12,1,9,5.0,True,True,False,2,14,3,23,120,34,False,24,True,2,36,False,10,False,5,False,1,4
3,1,0,30,2,0,False,10,46-55,18,male,7,1,24,25,3,False,31.593,0,True,True,15,1,2,5.0,False,True,True,13,14,5,24,119,18,True,0,True,4,32,True,10,False,3,False,1,4
8,2,9,16,4,0,True,10,36-45,20,female,3,1,28,50,5,False,40.4029,1,True,True,16,3,7,5.0,True,True,False,8,14,6,32,120,27,True,24,True,2,32,False,10,True,5,True,2,4
1,2,7,20,4,0,True,10,18-25,20,female,0,4,1,15,5,False,20.102,1,True,False,14,4,5,5.0,True,True,True,9,14,4,39,120,13,,24,True,2,45,True,10,True,5,False,2,5
5,2,0,19,3,6,False,5,36-45,12,male,4,2,49,35,1,False,36.0668,1,True,False,2,1,0,5.0,False,False,True,11,14,1,0,120,2,False,0,True,2,42,False,10,True,1,True,2,4
8,1,7,19,6,2,True,10,56+,20,male,4,1,91,50,5,False,32.8055,1,True,False,12,2,5,5.0,True,False,True,8,14,6,16,120,44,False,24,True,1,43,False,7,False,5,False,1,4
3,1,2,28,5,4,,10,56+,20,male,19,2,93,25,4,False,41.3858,1,True,True,16,1,7,5.0,False,False,True,12,14,8,8,120,31,True,4,True,1,43,False,7,False,4,False,1,4
8,2,3,16,6,4,False,10,36-45,12,female,1,4,34,50,2,False,39.1538,1,True,,19,1,0,5.0,False,True,False,5,14,9,11,118,17,True,16,True,1,30,False,4,True,2,False,2,4
3,1,0,23,4,6,False,10,46-55,16,female,16,1,70,25,5,False,29.6534,1,True,True,11,1,1,5.0,False,False,False,9,14,6,37,111,48,True,1,True,3,39,True,10,False,5,True,1,4
3,1,10,12,6,2,True,10,56+,20,male,5,3,79,15,5,False,14.1352,1,False,False,0,1,7,5.0,True,False,True,8,14,0,23,120,22,,24,True,2,28,False,10,False,5,True,1,4
4,2,12,11,4,2,False,10,18-25,20,male,16,1,10,30,5,False,31.2907,1,True,True,19,2,6,5.0,False,True,False,2,14,7,3,108,42,True,24,True,1,56,True,6,True,5,True,2,4
9,1,1,33,4,6,False,10,18-25,20,male,19,1,63,50,1,False,47.3589,1,True,True,6,2,9,5.0,True,False,True,11,14,2,14,120,1,True,4,True,4,43,False,10,False,1,False,1,5
6,1,0,23,2,5,False,10,36-45,20,female,5,1,64,40,5,False,31.7161,0,True,False,20,1,5,5.0,True,True,False,0,14,8,25,116,38,True,0,True,2,32,False,10,False,5,False,1,4
3,2,2,29,5,4,True,10,46-55,14,female,5,3,44,15,5,False,30.962,1,False,True,19,1,1,5.0,False,True,True,0,14,7,33,118,35,False,12,True,1,34,True,8,True,5,False,2,4
6,1,6,31,3,0,False,10,56+,20,female,22,4,41,40,5,False,31.199,0,True,False,5,1,3,5.0,True,True,False,3,14,0,30,112,42,True,24,True,1,22,True,2,False,5,False,1,4
9,2,8,15,5,6,False,10,56+,18,female,5,2,51,50,4,False,29.4241,0,True,False,8,3,3,5.0,False,False,True,9,14,3,13,113,25,False,24,True,1,37,False,7,True,4,True,2,4
1,2,5,21,4,6,True,10,18-25,20,male,17,3,3,15,5,False,34.4031,0,True,False,20,3,4,5.0,True,True,False,1,14,7,11,119,39,True,24,True,5,33,False,10,True,5,False,2,4
3,1,4,27,2,1,False,10,18-25,14,female,2,1,35,25,4,False,37.1223,1,True,True,16,1,0,5.0,False,True,True,1,14,6,0,120,46,False,24,True,5,54,False,10,False,4,False,1,4
7,1,2,22,5,1,True,10,46-55,20,male,17,1,73,35,4,False,45.8537,0,False,True,4,3,8,5.0,True,False,True,6,14,1,33,115,3,True,7,True,4,34,True,10,False,4,False,1,4
1,1,4,17,2,0,True,10,56+,20,female,21,3,38,5,2,False,38.7298,1,False,False,11,1,7,5.0,True,False,True,10,14,6,3,113,26,False,24,False,1,47,True,7,False,2,False,1,4
5,3,11,20,4,6,True,10,56+,16,male,6,1,23,25,5,False,31.0913,2,False,,3,5,2,5.0,False,False,True,0,14,1,31,120,20,False,24,True,2,36,True,10,True,5,True,3,4
5,1,12,21,4,0,,10,56+,20,male,19,1,60,25,5,False,34.0539,0,False,True,19,4,3,5.0,False,True,False,6,14,8,19,114,33,False,24,True,2,45,True,9,False,5,True,1,5
5,1,5,23,4,4,False,10,26-35,20,male,19,1,90,35,5,False,18.0699,1,True,,15,4,4,5.0,True,True,True,12,14,4,27,120,47,False,24,True,1,50,False,10,False,5,False,1,4
8,1,11,25,7,0,True,10,26-35,14,female,3,1,30,40,5,False,27.0482,0,False,False,7,3,1,5.0,,False,False,2,14,4,34,120,18,,24,True,1,47,False,5,False,5,False,1,4
2,1,12,20,4,4,False,10,36-45,18,female,18,3,6,10,5,False,26.2739,0,False,False,9,1,2,5.0,False,True,False,8,14,1,23,113,32,False,24,False,4,52,True,10,False,5,True,1,4
7,1,4,23,4,6,True,10,26-35,14,male,19,2,13,45,4,False,39.7198,1,True,True,5,3,0,5.0,True,False,False,6,14,3,22,109,28,True,24,True,2,49,True,10,False,4,False,1,4
10,2,6,16,3,4,False,10,56+,20,female,3,5,37,50,4,False,18.7051,1,True,False,17,1,4,5.0,False,True,True,5,14,6,24,112,17,False,24,True,1,39,True,7,True,4,False,2,4
4,2,1,20,6,3,True,10,56+,12,female,7,1,62,30,5,False,8.5577,1,True,False,8,3,0,5.0,True,True,False,0,14,2,28,117,25,,7,True,4,27,False,10,True,5,False,2,4
4,1,4,24,4,4,True,10,18-25,20,female,14,1,3,20,5,False,23.3521,1,False,True,17,3,7,5.0,,False,False,5,14,9,4,120,45,False,19,True,1,41,False,6,False,5,True,1,4
7,3,5,29,5,2,,10,46-55,16,female,16,2,48,45,5,False,31.996,2,True,False,16,2,1,5.0,False,True,False,6,14,5,35,111,10,False,24,True,4,63,True,10,True,5,True,3,4
10,3,2,17,4,2,False,10,36-45,19,male,14,4,16,50,5,False,47.7858,1,False,False,3,1,2,5.0,True,False,True,2,14,1,3,108,44,True,4,True,2,58,True,10,True,5,True,3,5
5,1,10,14,5,1,True,10,46-55,19,female,13,3,82,35,1,False,26.5486,1,True,,20,2,2,5.0,False,True,False,0,14,8,10,116,5,False,24,True,5,39,False,10,False,1,False,1,5
5,1,12,27,4,1,False,10,46-55,20,male,4,2,53,35,5,False,25.7071,1,True,False,9,3,5,5.0,,False,True,11,14,4,32,120,14,,24,True,1,34,False,8,False,5,True,1,4
8,1,11,21,4,3,True,10,26-35,20,male,13,1,43,40,4,False,11.5553,1,False,False,9,1,9,5.0,,True,True,2,14,2,35,112,4,False,24,True,4,59,True,10,False,4,False,1,4
3,1,12,15,3,6,False,10,18-25,20,female,0,2,56,25,4,False,40.4496,1,True,True,14,4,8,5.0,False,False,True,3,14,7,5,120,42,True,24,True,1,38,False,10,False,4,False,1,4
3,2,12,18,5,1,,10,46-55,18,male,17,1,12,25,5,False,25.4819,0,True,True,7,3,3,5.0,False,False,False,4,14,3,23,120,22,True,24,True,4,43,False,10,True,5,False,2,4
10,1,11,18,3,0,False,10,56+,20,female,15,3,43,50,4,False,33.9835,1,False,True,4,4,6,5.0,,False,False,10,14,2,23,116,17,False,24,True,4,48,False,10,False,4,False,1,4
9,2,12,29,4,3,False,10,56+,20,male,23,1,57,45,5,False,27.3421,0,False,True,9,1,4,5.0,False,True,False,8,14,1,35,120,41,False,24,True,1,49,True,2,True,5,False,2,4
6,1,13,34,3,2,True,10,36-45,18,male,7,3,41,30,3,False,37.4862,0,False,False,17,2,2,5.0,True,True,True,6,14,6,11,118,17,False,24,True,4,37,True,10,False,3,True,1,4
3,2,3,7,4,7,False,10,46-55,20,male,0,1,82,25,3,False,43.1425,1,True,False,12,3,4,5.0,False,False,False,5,14,6,10,120,10,False,16,True,3,37,True,10,True,3,True,2,4
5,2,2,21,5,2,True,10,36-45,16,female,1,2,13,35,5,False,32.7338,0,True,True,14,4,2,5.0,False,False,False,9,14,6,28,117,39,False,12,True,1,34,True,4,True,5,True,2,4
9,1,9,26,6,5,False,10,18-25,14,male,4,3,43,45,4,False,24.3633,0,False,True,20,3,0,5.0,,True,False,11,14,9,15,120,36,True,24,True,1,43,True,6,False,4,False,1,4
2,1,9,13,5,0,False,10,46-55,18,male,4,1,94,20,2,False,23.1401,1,True,True,17,1,2,5.0,True,False,True,3,14,9,1,120,18,True,24,True,2,35,False,10,False,2,True,1,4
5,2,6,14,4,0,False,10,18-25,16,female,7,3,83,35,5,False,17.6236,0,True,False,15,1,1,5.0,False,True,True,1,14,5,33,105,1,False,24,True,3,41,True,10,True,5,True,2,4
3,2,0,15,5,6,False,10,36-45,20,male,17,1,95,25,2,False,21.1974,0,True,False,10,1,8,5.0,,False,False,0,14,5,9,117,1,False,0,True,5,37,False,10,True,2,True,2,5
5,1,0,20,4,3,False,10,26-35,20,female,17,2,95,35,5,False,37.9176,1,True,True,19,3,3,5.0,False,True,True,10,14,6,28,116,10,True,1,True,3,44,True,10,False,5,True,1,4
6,2,7,21,4,6,True,10,36-45,20,female,21,1,45,30,5,False,38.1987,0,False,False,5,2,6,5.0,False,True,False,0,14,0,38,120,14,False,24,True,2,51,True,10,True,5,True,2,4
3,1,12,10,3,1,True,10,26-35,16,male,4,2,78,25,5,False,31.9756,1,True,False,13,4,2,5.0,True,False,True,10,14,7,34,116,45,False,24,True,4,46,True,10,False,5,True,1,4
6,1,9,24,4,4,True,10,18-25,20,female,14,4,64,40,5,False,39.8758,0,True,False,14,4,7,5.0,,True,False,2,14,4,31,116,14,False,24,True,2,36,True,10,False,5,True,1,4
5,2,11,12,5,2,False,10,46-55,20,female,10,2,14,25,5,False,24.8196,0,False,False,13,1,9,5.0,False,False,False,4,14,7,36,113,16,False,24,True,3,28,False,10,True,5,False,2,4
5,1,12,23,4,0,False,10,56+,20,female,5,4,69,35,4,False,38.3309,1,True,True,19,1,6,5.0,True,True,True,3,14,9,21,120,24,False,24,True,1,47,False,7,False,4,False,1,4
10,1,3,30,5,4,False,10,56+,20,female,19,2,62,50,3,False,34.3595,1,False,True,16,1,4,5.0,False,True,False,6,14,6,5,120,20,,16,True,1,46,True,2,False,3,True,1,4
1,2,10,18,6,6,False,10,36-45,19,female,16,1,3,15,5,False,33.5614,0,True,False,7,1,2,5.0,False,True,False,2,14,1,15,108,34,True,24,True,4,45,True,10,True,5,True,2,5
8,1,6,2,4,0,True,10,26-35,19,female,8,3,47,40,4,False,44.1685,1,False,False,19,1,1,5.0,,True,True,0,14,8,19,120,25,False,24,False,2,44,False,10,False,4,False,1,5
9,2,10,10,3,7,False,10,46-55,20,female,17,2,35,45,5,False,27.6291,1,False,True,5,3,5,5.0,False,False,True,12,14,2,35,120,6,False,24,True,3,38,False,10,True,5,True,2,4
2,3,1,8,3,2,,10,56+,20,female,20,3,56,10,5,False,45.2692,2,False,False,15,1,5,5.0,True,True,True,3,14,5,15,120,29,True,4,False,1,49,True,7,True,5,True,3,4
4,2,13,18,4,0,False,10,46-55,20,female,9,1,13,30,2,False,31.8942,0,True,True,3,2,9,5.0,True,False,True,5,14,1,11,114,17,True,24,True,3,45,False,10,True,2,False,2,5
6,1,2,14,5,1,,10,36-45,12,female,0,1,22,40,2,False,32.2843,1,True,,20,3,0,5.0,,True,True,0,14,7,10,118,0,,9,True,1,21,False,9,False,2,True,1,4
1,1,6,5,6,2,False,10,36-45,20,female,21,4,25,15,5,False,25.279,2,True,False,7,3,5,5.0,False,False,True,9,14,3,29,114,25,True,24,True,1,37,False,9,False,5,True,1,4
4,1,10,22,3,1,False,10,26-35,14,male,14,1,28,30,1,False,31.6676,1,True,False,18,1,1,5.0,,True,False,4,14,7,7,115,9,True,24,True,4,40,True,10,False,1,False,1,4
1,1,0,15,4,2,True,10,26-35,18,male,24,4,42,15,4,False,31.7399,1,True,False,17,1,3,5.0,False,False,True,6,14,9,31,117,2,,3,True,3,53,False,10,False,4,False,1,4
8,2,0,30,3,5,True,10,26-35,15,male,9,4,69,50,2,False,35.848,0,True,False,2,4,0,5.0,,False,True,2,14,0,5,117,13,True,3,True,2,48,True,10,True,2,True,2,5
5,2,11,16,2,3,True,10,26-35,18,female,6,3,26,35,5,False,43.0249,0,True,True,1,1,3,5.0,False,False,True,5,14,0,25,120,24,True,24,True,3,34,True,10,True,5,False,2,4
8,1,12,21,4,2,True,10,26-35,20,female,20,3,88,40,4,False,30.0568,1,False,False,20,4,3,5.0,True,True,False,2,14,9,10,116,24,True,24,True,4,44,False,10,False,4,True,1,4
6,1,0,24,4,1,True,10,26-35,16,male,10,3,81,30,1,False,43.7393,1,False,False,20,1,2,5.0,True,True,False,11,14,9,13,109,1,,3,True,4,36,True,10,False,1,False,1,4
4,2,6,19,5,1,True,10,18-25,20,female,19,2,14,20,5,False,38.5687,1,False,,9,2,8,5.0,False,True,True,7,14,1,32,107,3,False,24,True,4,54,True,10,True,5,True,2,5
6,2,2,27,6,3,False,10,46-55,16,male,2,3,87,30,5,False,22.761,0,False,True,2,4,2,5.0,,False,False,3,14,0,21,120,49,True,9,True,2,52,False,10,True,5,True,2,4
1,1,12,13,4,4,True,10,46-55,20,male,23,3,58,5,3,False,31.0472,1,False,True,8,1,3,5.0,False,True,True,13,14,1,14,116,13,False,24,False,3,39,False,10,False,3,True,1,5
3,2,9,22,4,1,True,10,46-55,20,male,16,3,55,25,5,False,24.0874,0,True,,5,1,7,5.0,False,False,False,11,14,3,27,110,24,False,24,True,3,44,False,10,True,5,True,2,4
4,2,0,26,4,3,True,10,18-25,17,male,22,3,24,30,2,False,37.7031,0,True,False,11,1,1,5.0,True,False,False,8,14,5,7,116,26,False,4,True,4,47,True,10,True,2,False,2,5
7,1,5,18,6,1,True,10,36-45,14,male,16,3,66,45,4,False,26.0628,1,True,True,3,3,1,5.0,False,False,False,4,14,2,4,115,39,True,24,True,1,35,False,4,False,4,False,1,4
7,2,12,21,4,3,False,10,56+,20,female,9,2,28,45,3,False,41.7139,0,True,True,8,2,5,5.0,True,True,False,8,14,1,0,120,36,True,24,True,3,40,True,10,True,3,False,2,4
2,2,11,17,4,1,False,10,18-25,14,female,10,1,61,10,1,False,26.566,0,False,True,12,3,0,5.0,False,True,False,8,14,3,0,120,12,True,24,False,3,38,True,10,True,1,False,2,4
6,1,3,14,5,2,False,10,46-55,20,male,19,2,57,30,3,False,27.4815,1,False,False,17,4,8,5.0,True,False,True,9,14,9,19,109,13,True,16,True,2,36,False,10,False,3,False,1,4
3,1,5,35,5,2,False,10,18-25,20,female,14,1,55,15,5,False,28.5437,1,False,False,19,1,3,5.0,False,True,False,4,14,8,13,112,37,,24,True,2,31,True,10,False,5,True,1,4
2,1,2,16,6,5,False,10,18-25,20,female,21,1,55,20,5,False,34.9418,1,True,False,7,2,5,5.0,False,True,True,5,14,0,30,117,43,False,9,True,4,50,False,10,False,5,True,1,4
4,2,13,29,4,0,False,10,36-45,20,female,14,1,86,30,2,False,45.3158,1,True,,8,2,7,5.0,False,False,False,2,14,3,4,120,26,,24,True,4,51,False,10,True,2,False,2,5
8,2,5,29,4,3,True,9,26-35,20,female,16,1,29,50,1,False,28.8762,0,True,True,4,2,4,5.0,,False,False,13,14,2,2,120,6,True,24,True,1,36,True,5,True,1,False,2,4
5,2,0,25,7,2,False,10,46-55,20,male,3,1,83,35,5,False,35.5,1,True,False,20,2,3,1.9,True,True,False,5,14,8,39,116,33,True,0,True,1,39,True,3,True,5,True,2,5
1,2,5,16,4,5,False,10,26-35,20,female,0,1,10,15,1,False,35.7291,1,True,True,12,1,2,5.0,False,True,True,11,14,4,3,115,13,True,24,True,4,28,False,10,True,1,False,2,5
6,1,7,29,4,3,False,10,18-25,14,male,20,1,10,30,4,False,36.2121,1,False,False,12,4,1,5.0,False,False,False,1,14,6,4,119,32,False,24,True,3,42,False,10,False,4,True,1,4
4,1,1,10,4,1,,10,36-45,14,female,23,1,41,30,5,False,28.1658,0,True,False,13,1,1,5.0,False,True,True,13,14,3,16,120,20,True,4,True,4,54,False,10,False,5,True,1,4
3,1,5,17,5,4,False,10,56+,16,female,11,2,90,25,1,False,28.7412,0,True,True,14,3,1,5.0,True,True,True,7,14,4,2,118,12,False,24,True,3,43,False,10,False,1,False,1,4
9,1,0,21,4,7,True,10,18-25,16,male,1,3,19,50,4,False,22.5943,1,True,False,4,2,2,5.0,True,False,True,12,14,2,1,120,40,True,3,True,3,45,False,10,False,4,False,1,4
6,2,0,20,3,2,False,10,18-25,19,male,19,3,89,40,4,False,38.1127,0,True,,13,1,1,5.0,False,True,False,4,14,3,25,120,17,,0,True,3,63,True,10,True,4,False,2,5
7,2,10,29,4,6,True,10,36-45,20,female,7,3,17,35,2,False,48.0573,0,False,True,1,2,8,5.0,True,False,False,4,14,0,19,114,9,True,24,True,1,44,False,4,True,2,False,2,4
8,2,7,12,4,3,True,10,56+,18,female,3,2,54,50,5,False,14.3527,1,True,True,12,2,2,5.0,True,True,False,0,14,4,31,116,35,True,24,True,2,36,False,9,True,5,True,2,4
2,2,7,15,3,2,False,10,36-45,16,female,17,1,4,10,4,False,33.6489,1,False,True,4,4,2,5.0,True,True,False,11,14,0,26,120,12,True,24,False,4,39,False,10,True,4,False,2,4
4,2,2,26,5,1,False,10,46-55,20,female,20,4,94,20,2,False,24.3549,1,False,,15,2,6,5.0,True,True,False,1,14,4,15,112,10,True,4,True,2,25,False,10,True,2,False,2,4
5,2,11,21,6,3,False,10,18-25,20,female,0,4,99,35,3,False,40.6084,0,True,False,5,1,7,5.0,True,False,True,3,14,2,0,115,24,,24,True,1,45,False,10,True,3,True,2,4
2,2,1,20,4,1,,10,18-25,20,female,4,4,28,20,4,False,29.765,0,True,True,17,1,3,4.85,True,True,False,3,14,6,24,120,15,False,1,True,1,28,True,6,True,4,False,2,4
6,1,9,13,2,4,False,10,26-35,20,male,1,1,39,30,5,False,34.9287,0,False,,14,4,3,5.0,False,False,False,0,14,7,15,112,32,False,24,True,4,39,False,10,False,5,True,1,4
5,2,4,12,2,6,False,10,36-45,12,female,22,1,40,35,5,False,33.6754,0,True,False,0,2,0,5.0,True,False,False,8,14,0,35,120,16,False,16,True,4,47,True,10,True,5,True,2,4
9,3,13,26,5,6,True,10,36-45,12,female,3,2,90,45,4,False,30.4898,2,False,False,5,2,0,5.0,False,True,True,12,14,0,8,120,28,False,24,True,2,54,False,10,True,4,True,3,4
6,2,13,22,4,2,True,10,18-25,20,female,6,3,41,30,4,False,32.0191,1,False,True,20,1,6,5.0,True,True,True,3,14,8,28,109,1,False,24,True,4,43,True,10,True,4,True,2,4
2,2,10,31,4,6,False,10,26-35,20,female,1,1,80,20,5,False,33.765,1,True,False,16,3,4,5.0,False,True,True,10,14,5,39,118,21,False,24,True,3,34,True,10,True,5,True,2,5
8,2,2,24,4,2,True,10,56+,20,female,9,1,13,50,5,False,31.4216,0,True,False,9,1,4,5.0,False,True,True,8,14,2,8,119,33,False,7,True,2,33,True,10,True,5,True,2,4
2,2,9,15,4,6,True,10,36-45,20,female,15,2,71,20,5,False,23.5377,1,True,True,9,1,6,5.0,True,False,True,2,14,5,11,120,34,False,24,True,3,44,True,10,True,5,True,2,5
7,2,2,25,4,1,,10,46-55,20,male,2,1,63,35,3,False,20.5815,0,False,False,19,3,9,5.0,False,True,True,0,14,6,21,118,6,,9,True,2,56,True,10,True,3,True,2,4
9,1,7,27,4,5,True,10,56+,20,male,10,3,53,45,5,False,28.6785,1,False,False,18,2,5,5.0,False,True,False,11,14,7,22,120,37,False,24,True,4,48,False,10,False,5,False,1,5
9,1,4,26,4,1,True,10,26-35,20,male,23,1,51,50,1,False,38.5572,0,True,False,8,1,4,5.0,False,False,False,12,14,3,3,120,0,True,24,True,2,42,False,10,False,1,False,1,4
3,2,14,1,3,0,True,10,18-25,20,male,15,1,62,25,4,False,23.0832,1,True,False,4,2,7,5.0,False,False,True,8,14,1,18,114,26,False,24,False,2,22,False,10,True,4,False,2,4
10,1,9,21,4,4,False,10,36-45,20,male,20,1,40,50,5,False,39.6497,0,False,True,17,3,9,5.0,True,False,False,13,14,8,31,118,46,False,24,True,1,11,False,4,False,5,False,1,4
5,2,8,25,4,0,False,10,26-35,14,male,3,2,85,35,5,False,21.5446,0,True,,14,4,0,5.0,True,True,False,9,14,5,25,109,36,False,24,True,3,36,False,10,True,5,True,2,4
9,1,7,17,5,4,True,10,56+,12,female,3,2,62,50,5,False,27.9475,0,True,False,14,1,0,5.0,False,False,False,2,14,6,39,120,14,True,24,True,4,52,False,10,False,5,False,1,4
6,1,5,16,4,4,False,10,46-55,18,male,17,3,54,30,3,False,19.7798,0,False,True,5,1,3,5.0,True,True,True,6,14,0,25,120,0,False,24,True,2,41,True,10,False,3,False,1,4
6,2,4,26,3,2,,10,46-55,20,male,5,3,83,30,1,False,42.1001,0,False,False,17,3,5,5.0,False,False,True,2,14,8,3,120,2,False,24,True,3,45,True,10,True,1,True,2,5
3,2,0,37,3,2,True,10,26-35,20,male,3,1,40,15,5,False,27.341,1,False,False,5,3,4,5.0,True,True,False,1,14,0,34,116,39,,3,True,3,47,False,10,True,5,False,2,4
3,2,12,19,3,3,True,10,36-45,20,female,13,2,55,25,3,False,17.2827,1,True,True,18,1,4,5.0,False,False,True,12,14,9,25,116,0,True,24,True,2,48,True,10,True,3,False,2,5
9,3,3,27,3,4,True,10,26-35,20,female,12,1,53,45,1,False,28.0437,1,False,True,18,1,5,5.0,False,True,True,0,14,7,12,115,8,False,19,True,1,29,False,10,True,1,False,3,4
1,1,2,9,5,2,,10,46-55,20,female,9,3,69,15,5,False,33.5988,1,True,True,18,3,8,5.0,False,True,True,12,14,7,21,119,49,False,4,True,4,35,True,10,False,5,True,1,4
1,1,0,30,3,7,True,10,56+,12,male,0,2,9,15,1,False,31.6834,1,True,False,14,1,0,5.0,False,False,False,9,14,7,10,120,8,True,3,True,3,37,True,10,False,1,False,1,4
4,1,0,33,5,2,True,10,46-55,12,female,17,3,74,20,4,False,21.4789,1,False,False,14,2,0,5.0,False,True,True,1,14,5,22,120,24,True,4,True,3,28,True,10,False,4,False,1,4
10,1,14,13,3,0,False,10,46-55,20,female,12,1,48,50,2,False,22.4319,2,False,False,5,1,6,5.0,True,False,False,1,14,3,14,120,13,False,24,True,1,30,False,3,False,2,False,1,5
1,2,2,20,4,1,True,10,36-45,16,female,6,1,0,5,4,False,34.9715,1,False,,4,1,2,5.0,True,False,True,11,14,2,24,117,12,False,12,False,3,35,True,10,True,4,False,2,4
5,2,10,21,7,1,False,10,26-35,20,male,3,3,53,35,2,False,42.4269,1,True,True,4,2,3,5.0,True,False,False,1,14,1,9,115,0,False,24,True,4,35,False,10,True,2,True,2,4
3,1,5,16,5,6,True,10,56+,14,female,24,1,9,25,5,False,48.3003,1,True,True,16,2,0,5.0,False,False,False,6,14,7,7,115,41,True,24,True,3,47,False,10,False,5,False,1,4
3,1,7,18,4,6,True,10,36-45,15,male,4,1,64,15,5,False,24.6729,1,False,True,10,1,0,5.0,True,False,False,5,14,4,15,120,45,,24,True,3,30,True,10,False,5,False,1,5
2,1,2,17,6,2,True,10,36-45,16,female,21,1,55,10,4,False,24.9179,0,False,False,4,2,2,5.0,,True,False,6,14,0,5,119,34,False,12,False,2,36,True,10,False,4,True,1,4
9,1,9,15,6,1,False,10,26-35,12,male,1,1,7,45,5,False,39.0007,2,False,True,0,1,0,5.0,False,False,True,10,14,0,39,111,36,False,24,True,1,53,True,10,False,5,False,1,4
8,1,9,12,5,3,False,10,46-55,19,male,22,1,22,40,5,False,43.6821,1,False,True,19,4,1,5.0,False,True,True,11,14,9,16,113,26,True,24,True,1,44,False,8,False,5,True,1,5
2,1,11,25,4,0,True,10,36-45,12,male,18,1,44,20,5,False,36.0506,1,True,False,19,2,0,5.0,False,True,False,4,14,7,21,112,45,False,24,True,2,46,True,10,False,5,False,1,4
3,2,7,13,2,1,True,10,56+,20,male,4,2,33,15,3,False,31.9884,0,False,True,14,1,9,5.0,,False,False,11,14,7,9,115,28,True,24,True,2,45,True,9,True,3,False,2,4
8,1,8,21,3,4,,10,46-55,20,male,0,2,81,40,5,False,28.3703,0,False,True,19,2,9,5.0,False,True,False,0,14,8,37,109,24,False,24,True,3,34,True,10,False,5,False,1,5
3,2,0,28,5,5,False,10,56+,14,male,20,2,78,25,3,False,34.844,0,True,True,11,2,1,5.0,True,False,False,9,14,6,23,111,0,False,0,True,4,34,False,10,True,3,True,2,4
5,2,9,11,6,0,False,10,18-25,20,male,14,4,87,25,5,False,21.4272,0,False,,18,4,4,5.0,,False,True,10,14,8,6,120,50,False,24,True,2,44,True,10,True,5,True,2,4
1,2,4,14,2,5,True,10,56+,20,female,11,1,16,5,5,False,25.6373,0,False,True,4,2,7,5.0,True,False,True,0,14,1,23,120,49,False,24,False,2,42,False,10,True,5,False,2,4
9,1,7,19,3,3,False,10,36-45,20,female,11,2,69,45,3,False,31.8812,0,False,True,12,1,5,5.0,True,False,False,0,14,6,26,120,3,False,24,True,4,45,True,10,False,3,False,1,4
2,2,13,16,3,3,True,10,46-55,20,female,20,2,40,10,2,False,30.4814,1,False,False,6,1,3,5.0,True,True,True,8,14,1,0,116,16,False,24,False,3,50,False,10,True,2,True,2,5
9,2,2,14,4,2,False,10,26-35,20,male,8,2,43,45,4,False,31.6318,1,False,True,1,1,9,5.0,False,False,False,1,14,1,7,120,29,False,9,True,2,51,True,10,True,4,True,2,4
4,1,11,16,4,3,True,10,46-55,20,female,11,1,96,20,4,False,38.8951,0,False,False,17,2,5,5.0,True,True,True,12,14,6,19,113,24,True,24,True,3,52,True,10,False,4,False,1,5
7,1,0,21,6,4,True,10,36-45,12,female,3,2,76,35,4,False,28.7394,0,False,True,20,1,0,5.0,True,True,False,0,14,9,26,110,0,True,4,True,4,43,True,10,False,4,True,1,4
9,2,10,25,3,1,False,10,36-45,15,female,0,3,84,50,5,False,21.6457,0,True,True,19,3,0,5.0,False,True,False,11,14,7,38,120,45,True,24,True,1,24,True,4,True,5,False,2,5
6,2,12,26,5,5,False,10,18-25,20,male,13,3,33,30,2,False,27.6493,0,False,True,9,3,7,5.0,False,False,False,1,14,5,19,120,8,True,24,True,4,47,False,10,True,2,False,2,4
1,2,15,31,3,2,False,10,46-55,14,female,17,3,78,15,4,False,25.1353,0,True,True,16,3,1,5.0,False,False,True,0,14,8,4,120,30,,24,True,4,27,True,10,True,4,True,2,4
7,1,3,23,3,3,False,10,36-45,20,female,16,1,76,35,5,False,23.5305,1,False,,14,1,5,5.0,,True,False,11,14,4,16,120,21,,16,True,3,44,True,10,False,5,True,1,4
1,1,7,14,4,6,True,10,56+,14,female,9,2,85,5,3,False,35.4375,0,False,True,2,1,0,5.0,False,False,True,3,14,1,5,119,36,,24,False,2,34,True,10,False,3,False,1,4
9,2,12,25,4,2,False,10,46-55,20,female,9,3,32,50,4,False,47.5829,0,True,False,8,2,6,5.0,True,True,False,10,14,1,3,108,32,False,24,True,3,44,True,10,True,4,True,2,4
4,1,12,26,6,6,False,10,36-45,14,male,5,2,19,30,2,False,35.4109,0,True,True,18,4,1,5.0,False,True,True,10,14,6,19,110,0,,24,True,4,51,False,10,False,2,False,1,4
7,2,1,17,3,0,False,10,46-55,20,female,9,1,62,35,4,False,34.7106,0,False,False,5,4,8,5.0,True,True,True,7,14,0,23,109,15,False,4,True,2,53,True,10,True,4,True,2,4
7,1,11,18,4,1,True,10,18-25,18,female,2,3,40,35,3,False,31.432,1,False,False,20,4,3,5.0,True,True,True,12,14,8,8,120,17,True,24,True,4,45,True,10,False,3,True,1,4
4,1,1,10,5,5,False,10,36-45,18,female,21,3,65,20,5,False,30.7415,1,False,True,11,1,2,5.0,False,True,True,13,14,2,30,117,33,,4,True,4,35,True,10,False,5,True,1,4
4,2,12,12,4,0,True,10,26-35,12,male,2,1,7,20,2,False,39.5199,0,False,,15,1,0,5.0,True,False,False,8,14,8,16,115,7,True,24,True,2,45,False,10,True,2,False,2,4
8,1,7,26,5,6,True,10,18-25,20,female,8,4,52,40,1,False,39.394,0,False,True,6,4,9,5.0,,False,False,12,14,3,2,118,0,True,24,True,4,32,False,10,False,1,False,1,4
6,1,1,15,6,0,False,10,26-35,20,male,7,1,21,40,5,False,23.6869,0,True,False,8,3,6,5.0,True,True,False,1,14,2,5,118,47,True,1,True,2,37,False,10,False,5,True,1,5
5,1,13,9,4,5,False,10,46-55,20,male,4,1,3,35,4,False,35.3479,0,True,False,11,1,10,5.0,False,True,False,9,14,3,9,120,34,True,24,True,1,55,False,3,False,4,False,1,4
1,1,0,25,4,5,True,10,26-35,20,male,4,2,35,15,4,False,33.7284,2,True,True,10,2,3,4.25,True,False,False,9,14,5,4,120,34,True,3,True,1,45,True,5,False,4,True,1,4
6,3,10,9,5,6,False,10,56+,20,female,10,1,20,30,4,False,30.1127,2,False,True,14,1,4,5.0,True,False,False,9,14,7,19,116,12,False,24,True,3,49,True,10,True,4,True,3,5
8,1,7,30,4,1,,10,46-55,20,female,7,1,22,40,1,False,23.5893,1,False,False,6,4,6,5.0,,True,False,11,14,0,5,104,8,False,24,True,3,25,True,10,False,1,True,1,4
6,1,10,19,5,2,False,10,46-55,20,male,8,1,63,40,4,False,18.3354,1,True,False,20,3,6,5.0,False,True,True,5,14,8,18,115,15,False,24,True,4,54,False,10,False,4,True,1,4
1,2,9,18,5,1,False,10,18-25,20,female,2,1,35,15,1,False,49.1438,1,True,True,7,1,8,5.0,,False,True,9,14,3,2,116,0,,24,True,1,26,False,10,True,1,False,2,4
1,2,0,25,4,4,True,10,46-55,16,male,0,1,52,5,5,False,22.3194,0,False,False,17,3,2,5.0,,False,True,9,14,9,20,120,28,False,4,False,1,34,True,8,True,5,True,2,4
3,2,7,18,5,6,False,10,26-35,18,female,0,1,74,25,5,False,17.4262,0,True,True,12,1,3,5.0,False,True,False,0,14,4,26,112,36,True,24,True,1,32,True,5,True,5,True,2,4
1,1,11,14,4,5,True,10,46-55,15,male,15,4,88,5,2,False,26.2476,0,False,False,7,1,0,5.0,True,True,False,10,14,0,9,120,0,True,24,False,1,51,True,3,False,2,True,1,5
2,2,9,18,4,5,False,10,56+,20,male,9,3,68,10,5,False,33.8844,1,False,True,20,3,8,5.0,False,True,True,0,14,8,25,116,20,False,24,False,2,49,False,10,True,5,False,2,4
5,1,4,23,4,7,False,10,46-55,20,male,21,3,34,35,4,False,19.5919,1,True,True,18,3,7,5.0,False,True,True,3,14,7,35,115,8,False,16,True,3,33,True,10,False,4,False,1,4
2,1,12,13,3,2,True,10,56+,16,male,1,2,58,10,5,False,24.0864,0,False,False,5,4,2,5.0,True,True,False,3,14,0,37,118,26,True,24,False,1,37,False,2,False,5,True,1,4
3,3,10,20,5,2,True,10,46-55,14,male,3,3,30,15,2,False,15.9406,2,False,False,6,3,0,5.0,True,False,True,0,14,3,12,113,18,False,24,True,2,37,False,10,True,2,False,3,4
7,1,13,30,5,2,False,10,26-35,20,female,2,1,63,35,5,False,39.5896,0,False,False,8,2,8,5.0,True,True,True,5,14,1,20,120,39,True,24,True,3,45,False,10,False,5,False,1,4
3,1,13,20,4,2,True,10,18-25,20,male,3,2,51,25,5,False,22.8969,0,True,False,1,2,7,5.0,True,False,True,7,14,0,20,120,43,True,24,True,4,46,False,10,False,5,True,1,4
7,1,14,25,6,4,False,10,36-45,14,female,18,2,43,35,5,False,36.4463,0,False,False,19,3,1,5.0,False,True,True,6,14,8,34,120,3,False,24,True,2,45,False,10,False,5,True,1,4
6,1,0,28,5,5,True,10,56+,20,male,0,4,2,30,2,False,18.8097,0,False,True,15,1,8,5.0,True,False,True,11,14,8,6,120,26,False,3,True,1,29,False,7,False,2,False,1,4
9,2,13,23,2,2,False,10,36-45,15,female,4,1,67,50,5,False,29.7795,0,True,False,6,1,0,5.0,False,True,True,4,14,0,16,111,46,True,24,True,4,21,False,10,True,5,True,2,5
9,1,4,21,5,4,False,10,26-35,20,female,10,3,67,50,5,False,39.0261,0,True,,3,4,8,5.0,,False,True,9,14,2,38,118,13,True,16,True,1,59,True,10,False,5,False,1,4
3,1,13,21,5,2,False,10,46-55,16,male,5,3,27,25,5,False,25.9135,1,True,False,11,4,2,5.0,True,False,False,9,14,5,36,119,26,False,24,True,3,32,True,10,False,5,True,1,4
4,1,0,25,5,6,True,10,56+,20,male,19,1,67,30,2,False,38.6661,0,True,,12,3,5,5.0,True,True,True,12,14,3,21,115,7,False,3,True,3,28,False,10,False,2,False,1,5
7,2,10,3,4,2,False,10,18-25,20,male,10,4,55,35,3,False,29.4454,0,False,False,16,1,8,5.0,False,False,False,12,14,7,1,113,33,False,24,False,1,58,False,6,True,3,False,2,4
4,2,6,23,6,3,,10,36-45,18,male,14,2,92,30,3,False,32.5099,0,True,True,20,3,2,5.0,,True,False,12,14,8,20,110,16,,24,True,4,34,True,10,True,3,False,2,4
4,1,14,13,4,5,True,10,26-35,20,female,12,4,63,30,5,False,36.0019,1,True,True,3,3,7,5.0,True,False,False,9,14,1,25,111,25,True,24,True,2,40,True,10,False,5,False,1,5
3,1,13,15,2,0,True,10,36-45,20,female,9,1,61,15,4,False,29.1112,1,False,False,10,1,5,5.0,False,True,True,1,14,3,37,120,4,True,24,True,1,42,True,9,False,4,False,1,4
7,2,8,12,4,4,False,10,18-25,20,female,6,4,56,45,3,False,18.6477,0,True,False,9,3,4,5.0,False,True,False,6,14,2,14,120,19,True,24,True,3,37,True,10,True,3,True,2,4
3,2,7,13,4,3,True,10,26-35,20,male,20,1,80,25,3,False,47.7866,0,True,True,17,3,7,5.0,True,True,False,1,14,5,12,116,11,True,24,True,3,43,True,10,True,3,True,2,4
6,1,6,23,3,5,True,10,26-35,20,male,6,1,0,40,1,False,18.1988,1,True,,16,4,7,5.0,False,True,False,1,14,6,4,120,5,False,24,True,2,38,False,10,False,1,True,1,4
4,1,6,19,4,4,True,10,26-35,20,female,22,3,56,30,3,False,12.3015,0,True,False,18,3,8,5.0,False,False,False,12,14,9,4,120,19,True,24,True,1,37,True,5,False,3,True,1,4
7,1,5,19,5,2,True,10,26-35,20,male,6,1,14,45,5,False,50.3543,0,True,False,2,2,8,5.0,False,False,False,1,14,0,33,112,48,False,24,True,3,28,False,10,False,5,False,1,4
3,1,11,18,5,4,True,10,46-55,20,female,2,4,37,25,3,False,39.1948,1,True,True,2,1,5,5.0,False,False,True,2,14,1,15,112,13,True,24,True,4,22,True,10,False,3,True,1,4
4,1,11,21,4,5,False,10,26-35,20,male,10,4,10,20,3,False,26.5502,1,False,True,0,1,4,5.0,False,False,False,9,14,0,30,119,10,True,24,True,5,50,True,10,False,3,False,1,4
2,1,3,30,5,1,,10,36-45,12,female,14,1,85,20,5,False,36.2848,0,True,True,14,4,0,5.0,True,True,False,0,14,5,32,119,16,False,16,True,4,38,True,10,False,5,True,1,4
5,1,1,7,6,1,True,10,56+,20,male,0,1,61,35,4,False,29.9689,1,True,False,9,1,8,5.0,True,True,False,0,14,1,27,120,13,True,7,True,2,26,True,9,False,4,False,1,4
2,1,6,18,4,4,False,10,56+,20,male,12,2,40,20,5,False,36.722,0,True,True,19,1,8,5.0,True,True,True,3,14,6,36,110,38,True,24,True,4,37,True,10,False,5,False,1,5
7,2,0,12,7,6,,10,26-35,20,male,24,1,46,35,5,False,18.1281,0,False,False,6,1,7,3.75,,True,False,2,14,1,13,116,40,False,1,True,1,32,False,5,True,5,False,2,4
8,1,4,28,4,4,,10,18-25,20,male,14,4,81,50,5,False,40.4815,1,True,True,18,4,4,5.0,,False,True,8,14,9,18,120,41,True,24,True,3,44,True,10,False,5,True,1,4
3,1,11,14,3,4,False,10,26-35,20,female,8,2,99,15,5,False,28.0275,0,False,True,11,2,3,5.0,False,True,True,2,14,2,22,117,34,True,24,True,3,58,True,10,False,5,True,1,4
7,1,2,18,3,2,True,10,18-25,20,male,0,1,74,35,5,False,36.7482,1,False,False,9,3,3,5.0,,False,False,8,14,4,26,120,28,False,12,True,1,42,False,6,False,5,False,1,4
3,1,8,13,3,3,False,10,26-35,17,female,15,1,33,15,5,False,30.5169,1,False,,4,3,1,5.0,False,False,True,11,14,2,33,120,45,True,24,True,1,35,True,10,False,5,True,1,5
3,2,10,22,4,3,True,10,46-55,20,male,20,2,22,25,2,False,31.6604,1,True,False,8,5,8,5.0,False,True,True,0,14,2,6,118,17,False,24,True,4,45,True,10,True,2,True,2,5
3,1,9,13,4,4,,10,46-55,20,male,9,1,41,15,5,False,31.6965,1,False,False,15,1,9,5.0,True,True,True,8,14,5,26,115,21,True,24,True,5,34,True,10,False,5,True,1,4
3,3,14,30,4,2,True,10,18-25,20,female,2,4,14,25,4,False,37.6857,2,True,,6,1,8,5.0,True,False,True,3,14,2,15,120,23,False,24,True,1,69,False,10,True,4,True,3,4
2,3,4,25,3,2,True,10,18-25,18,male,22,3,0,20,5,False,20.1345,1,True,False,10,3,3,5.0,False,False,False,12,14,5,30,120,35,False,24,True,3,48,True,10,True,5,False,3,4
9,2,5,23,4,2,False,10,56+,17,male,13,3,41,45,3,False,18.0389,0,False,False,9,1,1,5.0,False,True,False,5,14,2,11,120,12,False,24,True,1,37,False,2,True,3,True,2,5
8,1,10,20,5,1,True,10,56+,14,female,10,2,20,40,2,False,33.4749,2,False,False,3,2,1,5.0,False,False,True,7,14,2,1,120,17,True,24,True,3,51,True,10,False,2,True,1,4
4,2,1,27,5,2,False,10,26-35,20,male,9,1,100,30,5,False,33.9002,1,True,False,17,3,4,5.0,True,True,True,1,14,5,18,115,26,True,4,True,2,41,False,10,True,5,True,2,4
6,2,6,22,6,6,False,10,46-55,20,male,18,2,92,40,5,False,25.6787,1,True,True,10,3,8,5.0,False,True,False,12,14,3,37,118,20,,24,True,3,28,False,10,True,5,False,2,4
1,1,3,18,6,0,,10,36-45,14,male,17,2,1,5,5,False,36.0682,0,False,False,12,2,0,5.0,,True,False,2,14,3,31,120,45,True,12,False,1,33,True,4,False,5,True,1,4
7,2,10,10,4,4,True,10,18-25,20,male,5,2,57,45,5,False,19.3646,0,True,False,15,4,6,5.0,True,True,True,3,14,4,33,113,9,False,24,True,1,42,False,10,True,5,True,2,4
5,2,4,26,5,0,True,10,26-35,20,female,17,2,30,35,5,False,26.7553,1,True,True,4,2,7,5.0,True,True,True,1,14,0,35,110,26,True,24,True,3,31,True,10,True,5,True,2,5
1,2,9,15,5,6,,10,56+,14,female,13,1,31,5,5,False,26.4641,1,False,True,11,2,1,5.0,False,True,False,2,14,3,37,106,39,False,24,False,1,43,False,2,True,5,True,2,4
6,1,10,26,5,1,True,10,26-35,20,female,1,1,2,40,5,False,15.5844,0,True,True,7,1,7,5.0,False,True,False,13,14,0,25,120,42,True,24,True,4,45,False,10,False,5,False,1,4
9,2,15,21,4,4,,10,18-25,20,female,5,1,90,50,4,False,22.8858,1,True,False,1,3,5,5.0,False,False,True,4,14,1,13,113,32,,24,True,1,26,True,10,True,4,False,2,4
1,2,5,14,3,3,False,10,26-35,14,male,5,3,11,5,3,False,32.1989,1,False,True,19,1,0,5.0,False,True,True,2,14,6,8,109,29,False,24,False,1,56,False,10,True,3,False,2,4
1,2,11,24,3,6,True,10,26-35,20,male,8,1,15,15,5,False,29.8229,0,True,False,15,3,8,5.0,True,True,True,1,14,4,35,114,10,False,24,True,3,28,False,10,True,5,True,2,4
5,1,4,15,4,4,False,10,46-55,20,male,10,1,43,35,5,False,36.7331,0,True,False,12,1,8,5.0,True,False,False,10,14,5,14,114,38,False,16,True,3,41,False,10,False,5,True,1,4
1,1,7,9,4,4,True,10,36-45,20,female,7,3,39,15,5,False,43.6943,1,True,False,15,2,6,5.0,True,True,False,1,14,5,18,120,46,False,24,True,3,44,False,10,False,5,True,1,4
6,3,3,26,6,1,True,10,26-35,20,male,18,4,20,30,2,False,27.2868,1,False,True,6,4,7,5.0,True,True,True,8,14,1,1,120,28,True,19,True,4,48,True,10,True,2,False,3,4
5,1,9,24,4,1,True,10,36-45,20,female,19,3,32,25,1,False,38.3235,1,False,True,12,1,6,5.0,True,True,False,7,14,3,7,120,0,False,24,True,4,48,False,10,False,1,True,1,4
5,2,12,23,5,0,True,10,18-25,20,male,12,4,62,35,5,False,25.8331,1,True,True,15,1,3,5.0,False,True,False,5,14,4,36,115,17,True,24,True,3,56,True,10,True,5,False,2,4
9,1,4,23,4,6,False,10,26-35,20,male,18,4,37,50,5,False,4.7046,1,True,False,20,1,8,5.0,True,True,False,11,14,7,38,120,14,False,16,True,1,41,True,5,False,5,False,1,4
8,2,5,12,6,0,True,10,56+,14,female,6,3,74,50,2,False,18.5478,1,True,False,13,1,1,5.0,,False,False,10,14,6,10,112,19,False,24,True,3,44,True,10,True,2,False,2,4
3,1,6,18,3,2,False,10,36-45,20,male,19,2,27,15,4,False,29.9072,0,False,False,9,4,7,5.0,True,True,True,5,14,1,4,118,42,False,24,True,1,50,False,9,False,4,False,1,5
5,2,3,20,5,0,True,10,36-45,19,female,12,1,76,35,5,False,26.2459,1,True,True,4,3,2,5.0,True,True,True,6,14,0,27,119,21,False,12,True,3,50,False,10,True,5,False,2,5
7,2,0,24,4,2,True,10,18-25,17,male,20,1,18,35,5,False,30.5104,1,False,False,20,3,1,5.0,False,True,False,13,14,9,28,118,38,True,3,True,2,40,True,10,True,5,False,2,5
6,2,12,23,4,4,True,10,56+,20,male,13,2,99,30,5,False,33.593,0,False,True,9,4,9,5.0,,False,False,13,14,4,17,120,33,False,24,True,1,20,True,2,True,5,False,2,4
3,1,7,31,6,7,False,10,36-45,20,male,21,1,28,15,4,False,41.6418,0,False,False,4,2,7,5.0,False,False,True,5,14,2,16,119,17,True,24,True,4,46,False,10,False,4,True,1,4
8,1,6,25,3,5,True,10,18-25,20,female,15,3,56,50,5,False,24.7072,0,True,True,6,2,7,5.0,False,True,True,2,14,1,35,120,41,False,24,True,2,37,True,10,False,5,False,1,4
7,1,9,31,5,5,True,10,56+,20,female,21,3,75,45,3,False,29.9373,0,True,True,15,2,6,5.0,True,False,False,5,14,7,0,109,37,,24,True,2,39,False,9,False,3,False,1,4
5,1,5,25,4,5,False,10,46-55,18,male,1,4,5,25,5,False,30.0964,1,False,True,17,1,2,5.0,False,True,True,12,14,5,18,119,34,True,24,True,2,51,False,10,False,5,True,1,4
5,3,5,17,5,3,False,10,18-25,15,female,16,1,22,25,4,False,27.129,1,False,,4,2,0,5.0,True,False,False,6,14,2,20,120,27,True,24,True,2,50,False,10,True,4,False,3,5
6,2,11,26,4,2,False,10,56+,20,female,13,2,94,30,4,False,36.8074,0,False,,4,1,3,5.0,True,False,False,0,14,1,30,120,15,False,24,True,2,43,True,9,True,4,False,2,5
2,2,4,32,3,4,True,10,56+,20,male,12,2,62,10,5,False,26.4969,0,False,,9,2,6,5.0,False,True,True,10,14,1,28,114,32,True,24,False,1,48,True,7,True,5,True,2,4
2,1,12,28,5,6,False,10,56+,20,male,2,1,74,10,1,False,27.8655,0,False,False,6,1,5,5.0,False,False,False,5,14,2,2,117,6,False,24,False,3,40,True,10,False,1,True,1,4
2,1,1,25,3,2,True,10,56+,16,male,17,4,32,20,3,False,9.7234,1,True,False,0,2,2,3.15,False,False,False,9,14,0,17,110,2,True,7,True,1,36,False,2,False,3,True,1,4
1,2,3,27,5,5,False,10,56+,12,female,16,1,27,15,5,False,52.062,1,True,False,17,1,0,5.0,False,True,True,8,14,5,28,117,29,False,16,True,4,42,False,10,True,5,False,2,4
6,1,5,13,3,6,True,10,36-45,12,female,23,1,24,30,5,False,29.8624,1,False,,4,3,0,5.0,False,True,True,7,14,0,6,111,39,,24,True,3,46,True,10,False,5,True,1,4
9,2,7,26,2,6,True,10,46-55,20,male,12,4,94,50,5,False,43.5745,0,True,False,16,4,3,5.0,True,True,False,12,14,5,39,120,36,True,24,True,4,47,True,10,True,5,False,2,4
8,2,0,11,4,3,False,10,18-25,15,female,15,2,88,50,5,False,20.3722,0,True,True,4,1,0,5.0,,False,True,10,14,2,37,117,34,True,0,True,1,43,True,10,True,5,False,2,5
6,2,0,29,4,5,False,10,26-35,20,male,15,1,0,30,2,False,39.2748,0,False,False,2,1,4,5.0,True,False,True,12,14,0,15,120,13,True,0,True,4,24,False,10,True,2,False,2,5
3,1,0,27,3,2,True,10,46-55,20,male,11,1,13,15,5,False,32.4326,0,False,True,8,3,8,5.0,False,False,False,12,14,3,37,114,20,False,4,True,3,44,False,10,False,5,True,1,5
3,1,2,27,4,6,True,10,26-35,20,male,16,4,76,25,5,False,28.2983,0,True,True,8,2,4,5.0,False,True,False,10,14,2,18,115,46,True,7,True,2,36,True,10,False,5,True,1,5
6,1,9,22,4,6,True,10,26-35,12,male,15,1,91,30,4,False,56.5658,1,False,False,9,1,0,5.0,False,False,True,4,14,4,0,114,35,,24,True,2,35,True,10,False,4,True,1,4
6,1,12,23,3,2,True,10,36-45,20,male,9,2,69,40,4,False,34.7814,0,True,False,6,4,5,5.0,True,False,True,0,14,3,11,117,36,True,24,True,4,41,False,10,False,4,False,1,4
5,1,8,14,4,4,False,10,36-45,17,male,7,2,68,25,5,False,19.698,1,False,True,4,1,1,5.0,False,False,False,6,14,1,16,119,46,,24,True,2,41,False,10,False,5,False,1,5
8,2,14,21,4,0,,10,56+,20,male,15,1,31,50,3,False,27.3118,0,True,True,19,2,8,5.0,True,True,False,2,14,9,31,104,0,True,24,True,4,42,False,10,True,3,False,2,4
6,2,4,27,4,0,False,10,18-25,20,female,20,1,94,30,4,False,33.8811,0,False,True,4,1,6,5.0,True,False,True,8,14,2,3,111,32,False,24,True,1,43,False,10,True,4,True,2,4
8,2,11,21,5,0,,10,36-45,20,female,15,1,66,40,5,False,16.3514,0,False,False,19,1,8,5.0,True,True,True,11,14,10,26,120,33,True,24,True,1,37,True,9,True,5,True,2,5
3,1,12,22,2,5,False,10,36-45,20,male,6,1,87,15,5,False,31.3315,0,False,False,17,3,4,5.0,False,True,False,4,14,5,40,117,39,False,24,True,5,48,False,10,False,5,True,1,4
9,2,4,15,4,1,,10,36-45,14,male,1,1,7,50,1,False,14.8981,0,True,,11,1,1,5.0,True,False,True,3,14,6,6,113,11,False,24,True,4,43,False,10,True,1,False,2,4
3,2,3,10,2,2,True,10,26-35,19,male,4,1,38,25,5,False,48.56,1,True,False,9,1,1,5.0,False,True,False,2,14,1,36,120,24,True,19,True,4,50,False,10,True,5,True,2,5
