years_of_experience,gallery_representation,outdoor_festival_count,media_coverage,local_exhibitions_count,mixed_media_usage,abstract_art_ratio,number_of_awards,education_in_modern_art,positive_reviews_percentage,total_artworks,art_exhibition_visits,gallery_prestige_level,gallery_exhibitions_count,solo_exhibitions_count,theme_surrealism,awards_count,art_discussions_engaged,international_audience,art_in_public_spaces,social_media_following,participates_in_international_exhibitions,art_style_diversity,primarily_creates_digital_art,international_exhibitions_count,year_first_artwork,art_exhibits_attended,techniques_mastered,international_awards_prediction,innovative_technique,countries_artworks_sold,education_level,focuses_on_contemporary_art,participation_in_international_exhibitions,primary_material,percentage_sold,popularity_score,social_media_followers,peer_recognition_score,international_exhibitions,well_known_collaborators
25,False,46,medium,9,True,0.2585,3.8253,True,2.1247,466,23,1.4538,140,22,8,20.0,45,53,False,664415,False,1,True,3,2023,22,14,True,True,34,1,True,False,other,0.2154,6.7749,362844,2.9948,1,19
6,False,47,high,8,False,0.1646,3.899,True,1.7285,494,2,3.6505,140,38,8,20.0,57,55,True,25655,False,8,,33,2023,17,10,True,True,36,3,True,False,wood,0.2058,4.1227,940004,3.5419,50,15
16,True,47,low,7,True,0.1376,5.7609,False,1.6754,500,39,0.5485,143,31,7,20.0,45,68,False,985170,True,4,True,10,1983,24,13,True,False,38,2,True,False,metal,0.1721,3.4951,589075,4.3786,21,17
14,False,47,high,7,False,0.1491,2.8083,True,1.5656,500,44,6.4244,150,17,9,20.0,66,56,False,864943,True,3,False,11,1987,19,9,True,True,39,1,True,False,plastic,0.1864,3.2167,657973,9.4511,9,16
30,False,45,low,5,True,0.2352,0.8256,True,1.9058,475,8,2.7026,149,36,7,20.0,45,58,True,81492,False,7,False,28,1969,20,14,True,False,33,3,False,False,other,0.196,5.3802,296860,6.3696,49,4
40,False,45,high,6,False,0.1502,0.7302,True,1.1513,500,2,7.7986,138,28,9,20.0,43,46,False,626840,False,9,False,21,2023,17,12,True,True,35,1,False,False,metal,0.1877,5.8254,134855,8.4156,50,8
0,True,43,medium,10,True,0.1573,5.7821,False,1.6796,482,33,4.7566,140,25,13,20.0,52,42,True,388953,True,8,True,15,1957,22,13,True,False,36,2,False,False,plastic,0.1967,3.2136,775746,0.6676,50,6
56,True,46,high,14,True,0.123,5.8415,True,1.5182,479,5,9.9275,149,30,6,20.0,53,49,True,0,True,9,True,46,2023,23,11,True,True,38,1,False,True,metal,0.1538,2.5137,645986,4.1462,50,18
18,True,44,medium,7,False,0.1579,2.9729,False,2.3046,472,16,6.8783,143,27,6,20.0,51,51,False,53831,True,7,False,26,1900,15,10,True,False,30,1,True,True,canvas,0.1973,6.6579,612961,9.3556,50,0
14,False,50,low,9,False,0.1668,5.6989,False,1.6277,462,45,1.6024,150,27,4,20.0,50,57,True,736290,True,5,True,5,1900,16,12,True,False,35,1,False,False,plastic,0.2084,3.1859,148376,1.3716,25,13
30,False,43,medium,8,True,0.1494,2.9052,False,2.1057,500,42,9.6561,150,22,9,20.0,41,48,True,210684,True,7,,32,1979,23,18,True,True,36,2,False,False,wood,0.1868,9.0936,356324,9.1473,49,8
28,False,45,medium,10,False,0.213,3.8534,True,1.6513,440,11,4.4767,143,32,5,20.0,60,55,False,664178,False,3,True,34,2023,18,12,True,False,36,3,True,False,other,0.1775,6.51,622705,0.9349,9,20
34,True,46,low,9,False,0.1403,3.8083,True,1.7454,500,26,0.0,150,27,11,20.0,40,47,True,563755,False,3,True,38,2023,17,12,True,True,34,4,False,False,plastic,0.1754,9.8961,658599,4.3672,14,28
54,True,45,medium,15,False,0.1495,5.827,True,2.0055,489,4,0.046,148,18,10,20.0,68,52,True,160203,True,6,True,4,2023,18,14,True,False,38,3,True,True,metal,0.1868,6.1059,298873,0.0,41,20
35,True,47,high,9,False,0.1385,3.8692,False,1.7304,500,27,4.4207,131,27,11,20.0,40,41,False,473668,False,4,True,35,2014,18,15,True,False,37,2,False,True,metal,0.1731,9.9643,102589,0.7794,21,27
42,False,46,low,10,False,0.1661,5.8284,True,1.8155,492,25,0.5447,135,23,5,20.0,52,55,False,794906,True,7,True,44,1900,18,12,True,False,37,3,False,True,canvas,0.2076,4.5005,833005,4.4411,49,28
34,True,44,high,11,True,0.1556,0.8579,True,2.0758,486,31,5.7413,147,30,7,20.0,54,69,True,281887,False,2,,6,1900,22,16,True,False,36,3,False,False,plastic,0.1945,2.6211,850537,7.8929,9,25
5,False,49,low,10,False,0.1253,2.7071,True,1.3405,465,20,7.8396,135,29,7,20.0,40,66,True,272928,True,8,False,26,1957,16,15,True,True,34,3,False,False,plastic,0.1566,2.1667,108480,7.9022,50,21
1,True,48,low,7,True,0.1877,0.6416,False,1.654,500,31,6.2399,150,28,3,20.0,32,52,False,291863,False,7,False,1,2023,21,10,True,True,35,1,True,True,canvas,0.2347,6.707,910245,5.6076,50,11
9,True,50,low,7,True,0.2384,3.746,True,1.2303,486,2,0.3286,150,26,7,20.0,48,49,True,439674,False,5,True,44,1991,20,11,True,False,33,4,True,True,other,0.1987,4.1502,191937,2.4539,30,14
50,True,45,high,8,False,0.238,2.8506,True,1.4642,488,29,8.6313,150,28,6,20.0,50,42,False,51286,True,3,False,35,1988,13,14,True,False,27,3,True,False,other,0.1983,2.5641,647818,8.8632,14,14
6,False,48,low,15,False,0.1619,2.9127,False,2.2101,500,12,2.7822,150,30,9,20.0,53,56,True,761163,True,5,False,49,2018,19,12,,False,38,3,False,True,wood,0.2023,3.0035,848777,0.9741,25,27
10,False,42,low,11,False,0.1721,0.8926,True,2.0677,476,40,9.6503,148,30,5,20.0,40,41,False,657521,False,2,False,29,1900,17,16,True,True,34,2,True,False,plastic,0.2151,3.7785,213383,8.1508,4,10
41,True,45,medium,5,False,0.1322,2.8225,False,2.1107,500,18,3.5741,150,17,3,20.0,66,54,False,292893,True,7,False,3,1985,17,10,True,False,36,2,True,False,wood,0.1652,2.86,493114,4.6221,50,10
0,False,45,low,7,True,0.1456,2.8863,False,2.1554,476,11,2.5983,137,31,9,20.0,64,59,True,925536,True,1,False,17,2023,21,11,True,False,34,1,True,True,plastic,0.1821,5.7488,516230,5.7798,1,6
7,False,42,high,11,False,0.1298,3.8075,False,1.4775,469,15,0.9407,139,28,7,20.0,42,59,False,854556,False,7,True,27,2023,15,11,True,True,33,2,False,True,plastic,0.1622,4.2613,893750,5.8668,49,7
22,False,43,high,7,False,0.1783,5.8835,True,1.8961,493,41,2.1072,150,28,5,20.0,57,53,False,0,True,5,True,22,2023,17,13,True,True,35,1,False,True,wood,0.2228,1.1783,725205,0.2431,25,10
20,False,46,low,10,True,0.1482,2.705,True,1.8698,466,31,8.9094,150,33,8,20.0,46,53,True,411029,True,9,False,3,1941,21,17,,False,34,3,False,True,canvas,0.1853,7.3427,115372,0.1391,50,21
34,True,44,medium,8,True,0.2089,2.7854,False,1.8534,480,32,0.3105,146,29,4,20.0,38,58,True,300068,True,5,False,4,2017,21,12,True,True,32,2,True,True,other,0.1741,1.3319,629454,6.399,30,0
10,False,46,medium,8,True,0.1599,2.8459,True,1.7028,499,1,4.8327,146,28,7,20.0,52,55,True,836984,,3,False,48,2014,19,11,True,False,30,1,False,False,canvas,0.1999,9.3401,503988,3.3198,9,12
58,False,49,high,12,True,0.24,5.9698,True,2.1647,500,0,1.698,127,32,14,20.0,38,61,True,235157,,7,True,46,1913,21,16,True,True,32,3,False,False,other,0.2,2.7747,244628,5.0691,49,12
25,True,48,high,10,False,0.1698,0.7795,True,1.4479,481,24,3.5439,145,27,6,20.0,73,58,True,250687,False,1,False,18,1947,16,13,True,False,34,1,False,True,plastic,0.2123,3.7934,989439,8.8171,6,22
28,True,46,medium,7,True,0.1559,2.7919,False,1.2699,489,1,8.1978,150,22,8,20.0,66,53,True,243583,True,1,False,46,1900,19,13,True,False,31,3,True,True,plastic,0.1948,9.8596,196750,2.3938,6,0
19,False,44,low,8,True,0.245,2.7543,True,1.5766,500,28,3.2263,146,25,8,20.0,39,55,False,126292,True,8,False,13,1900,21,10,True,False,35,2,True,True,other,0.2042,3.393,865147,2.1541,50,4
38,True,47,high,14,True,0.1475,5.9049,False,1.8516,500,31,2.6519,132,27,9,20.0,51,58,True,290291,True,8,True,43,2023,20,15,,True,32,2,False,True,metal,0.1844,8.1091,6881,6.7095,50,23
55,False,46,medium,12,True,0.1294,3.8256,True,1.7077,500,25,2.6061,140,27,8,20.0,44,50,True,462319,False,8,,32,2023,22,13,True,False,37,3,False,True,wood,0.1618,2.481,986887,6.9883,50,16
19,True,42,high,8,True,0.1406,5.85,True,1.5259,482,11,4.1626,150,29,6,20.0,36,49,False,518517,True,7,True,26,1911,21,12,True,True,34,2,True,False,canvas,0.1757,8.715,562064,0.0,50,10
35,False,50,low,10,False,0.2179,2.8933,False,1.967,500,6,0.0,144,24,10,20.0,58,45,False,652483,True,8,False,44,1998,18,15,True,False,38,2,True,True,other,0.1816,3.8443,621530,7.465,50,21
7,False,46,low,10,False,0.139,0.7857,True,1.8253,478,39,5.6523,149,34,5,20.0,52,50,False,483306,False,9,False,18,2023,19,13,True,True,38,1,False,False,wood,0.1737,2.5268,19115,0.4719,50,8
10,False,45,high,7,True,0.206,3.811,True,1.4861,493,8,3.4075,150,25,8,20.0,35,46,True,22062,False,5,True,30,1960,21,17,True,True,33,3,False,False,other,0.1717,3.7692,592330,4.4227,25,14
19,False,49,high,9,False,0.2288,2.9065,True,1.9242,500,36,3.8753,136,32,9,20.0,60,54,False,235015,True,7,False,18,1942,17,11,True,True,36,2,True,True,other,0.1907,3.6456,369943,6.0771,49,13
38,True,48,low,5,True,0.1563,5.6939,True,1.2149,497,28,2.7058,150,28,7,20.0,52,65,False,172080,True,6,True,32,1991,24,16,,True,38,1,False,False,metal,0.1954,6.4576,330845,2.7664,41,25
20,False,45,medium,8,False,0.1355,2.823,False,1.6044,496,27,0.1343,146,27,9,20.0,46,54,True,393351,True,9,False,22,2023,13,12,True,False,27,3,True,False,canvas,0.1694,7.4107,764121,6.5421,50,21
16,False,44,low,8,True,0.1284,0.7626,True,1.7394,500,13,1.4481,140,33,10,20.0,34,47,True,720662,False,2,False,15,2009,23,15,True,True,37,2,False,False,metal,0.1605,3.8047,869407,10.0,4,4
38,False,44,medium,10,False,0.16,3.4075,False,2.0373,490,22,5.6222,150,27,9,20.0,37,61,False,499388,False,9,True,0,2023,16,11,True,False,34,1,True,False,canvas,0.2,5.2594,373076,1.4751,50,8
46,False,43,high,10,True,0.1707,5.7848,False,1.7107,500,4,3.8025,150,34,5,20.0,60,46,False,432952,True,2,True,7,1967,21,13,True,True,35,3,False,False,plastic,0.2134,5.7102,156142,7.2973,4,23
39,True,46,medium,12,False,0.2328,0.8301,True,1.6293,456,50,1.613,150,31,3,20.0,50,48,True,553487,False,5,False,47,1966,18,13,True,False,37,2,False,False,other,0.194,4.4002,629097,2.9465,30,7
32,True,49,high,5,True,0.1363,0.8346,False,1.5717,487,24,9.5088,145,27,10,20.0,52,53,True,161677,False,5,False,33,1963,21,18,True,False,34,3,False,False,wood,0.1704,2.7864,76771,5.1708,30,27
25,False,47,low,8,False,0.1567,0.7173,True,1.5462,500,38,9.1933,140,30,6,20.0,67,53,True,80854,False,2,False,6,2023,16,15,True,False,35,3,True,True,wood,0.1959,5.1263,405745,3.1985,4,0
37,True,50,low,8,True,0.1373,0.7953,False,1.8015,470,41,4.0901,140,26,4,20.0,57,50,True,94689,False,7,False,25,2023,22,15,True,True,37,3,False,True,canvas,0.1716,7.3893,430019,9.2715,50,4
56,False,47,medium,10,False,0.1662,0.708,False,1.7117,500,11,8.4722,148,24,8,20.0,41,44,False,1000000,False,1,False,2,1963,19,13,True,False,41,1,False,True,plastic,0.2078,4.2684,693497,2.3636,1,9
14,True,46,low,11,False,0.1756,3.6787,True,1.2642,500,30,8.6416,150,34,9,20.0,40,53,True,671938,False,5,True,8,2023,15,14,True,False,32,2,True,True,metal,0.2195,6.0154,583642,5.8305,30,15
35,True,46,high,8,True,0.171,2.9144,False,1.9167,481,2,2.9989,150,28,6,20.0,44,51,True,155944,True,5,False,38,1983,21,14,True,False,35,2,False,False,wood,0.2137,8.1672,67169,3.2912,30,20
20,True,44,low,7,False,0.1745,0.7595,True,1.6943,489,28,2.474,150,30,7,20.0,59,43,True,234441,False,5,False,9,1900,14,10,True,True,31,3,True,False,wood,0.2181,2.2837,106158,0.9473,30,1
4,True,46,medium,14,False,0.1486,2.7991,True,1.4448,500,32,4.7175,138,23,6,20.0,52,42,False,351839,,5,False,26,2023,17,12,True,True,34,3,True,True,plastic,0.1858,7.8103,6669,4.9999,30,4
27,False,48,low,7,True,0.2027,5.8357,False,1.8697,500,41,7.1831,146,35,6,20.0,47,50,True,482334,True,9,True,42,1900,25,12,True,False,41,1,False,False,other,0.1689,9.9439,331181,8.9414,50,13
14,False,46,high,6,False,0.1466,5.8262,False,1.5301,452,2,5.6721,150,35,7,20.0,59,50,True,671558,True,8,True,31,2002,20,12,True,False,40,1,False,False,wood,0.1833,9.5792,638952,8.715,50,12
48,True,44,low,8,True,0.1578,2.3142,True,1.5708,469,5,3.4586,139,25,7,20.0,63,62,True,951906,True,2,False,0,1985,23,11,True,False,37,2,True,True,wood,0.1972,5.7141,827136,5.8455,9,25
14,True,44,high,9,True,0.1551,2.8771,True,1.7242,486,35,9.289,142,30,13,20.0,50,47,False,774618,True,7,False,20,1996,24,12,True,False,38,2,True,True,wood,0.1939,9.3238,89511,2.3958,50,4
27,False,45,medium,5,True,0.2368,5.7291,True,1.203,500,48,8.6574,150,30,5,20.0,54,48,False,115309,True,1,True,35,2008,18,6,True,False,29,2,False,False,other,0.1973,9.3017,669674,2.2383,1,22
12,True,50,medium,10,True,0.1417,5.8875,False,1.9492,500,23,9.6579,150,24,13,20.0,41,64,True,354835,True,8,True,19,1971,21,11,True,True,33,1,True,False,plastic,0.1771,2.3504,538232,3.162,50,8
0,False,40,low,9,False,0.1725,3.7404,True,1.975,500,42,0.8213,135,27,15,20.0,54,62,False,532097,False,6,True,5,2023,19,10,True,False,38,1,False,False,metal,0.2156,7.5916,956062,6.687,36,11
46,True,44,low,11,False,0.1487,3.765,False,1.3825,496,35,9.4506,144,24,6,20.0,38,60,True,955861,,6,True,34,2023,16,17,True,False,34,2,True,False,plastic,0.1859,4.8558,808995,0.1446,41,30
17,False,40,medium,9,False,0.2424,2.8685,True,1.6751,500,28,4.7169,147,25,7,20.0,40,47,False,752920,True,4,False,43,1993,19,16,True,True,41,1,True,True,other,0.202,1.9659,1000000,6.6294,16,22
33,True,48,medium,12,False,0.2214,2.8166,True,1.8361,477,25,4.1908,137,33,8,20.0,67,64,False,620808,True,8,False,16,1900,16,12,True,True,34,3,False,True,other,0.1845,9.3731,428245,5.0727,50,1
10,False,44,low,13,False,0.1524,0.7591,True,1.8953,500,43,9.0313,137,29,6,20.0,43,43,False,487774,,10,False,8,2023,16,15,True,True,33,2,False,False,plastic,0.1905,7.7905,460134,0.6106,50,9
30,False,49,high,8,False,0.216,0.7303,False,1.4765,500,22,4.0226,150,29,5,20.0,51,60,True,407202,False,6,False,3,1929,16,12,True,False,32,1,True,False,other,0.18,6.4702,56691,1.2645,36,20
12,False,48,low,8,True,0.1504,2.7214,False,1.2539,488,24,6.5437,146,34,10,20.0,50,53,False,403856,True,7,,49,1900,21,14,True,True,35,1,False,False,metal,0.188,3.5448,929601,4.2395,49,14
14,True,44,medium,5,True,0.1337,2.779,True,1.5269,495,3,9.3719,150,29,8,20.0,44,50,True,422652,,1,False,12,1965,18,16,True,True,29,1,True,True,canvas,0.1672,5.3176,246989,6.7314,6,19
24,True,49,low,9,True,0.2381,0.8343,False,1.6449,446,10,1.7513,143,18,8,20.0,54,45,False,782930,False,4,False,49,2023,20,17,True,False,33,2,True,False,other,0.1984,8.5303,561128,1.754,21,3
16,True,41,medium,7,False,0.2233,3.8252,True,1.5406,463,49,6.0814,148,32,8,20.0,58,62,True,280411,False,9,True,30,1900,16,12,True,False,34,3,True,False,other,0.186,5.191,353261,5.6896,50,28
0,False,49,low,8,True,0.1652,3.8037,False,1.9299,492,29,1.473,148,27,10,20.0,37,52,True,264424,False,9,True,15,2023,22,15,True,True,35,1,False,False,canvas,0.2065,6.5298,264215,9.3752,50,16
12,False,44,medium,8,True,0.1399,0.7588,True,1.7924,471,8,7.9405,138,27,8,20.0,65,50,False,112309,False,7,,5,2023,19,14,True,True,31,2,False,True,canvas,0.1749,6.3515,60869,2.2322,49,3
36,False,42,medium,6,False,0.1386,3.8171,False,1.6503,480,7,4.3354,139,28,7,20.0,43,60,False,214652,False,2,True,33,1900,18,12,True,False,36,1,False,False,plastic,0.1733,2.3813,529270,6.512,4,11
34,False,46,medium,11,False,0.1608,5.8048,True,1.5744,480,6,4.3574,136,30,6,20.0,41,65,False,346645,True,7,True,16,1919,14,12,True,True,31,3,True,False,plastic,0.201,6.3665,509843,2.0212,49,20
24,True,46,low,10,False,0.1541,5.7256,False,1.5114,465,40,5.086,146,30,5,20.0,36,49,True,313424,True,9,True,19,2020,16,13,True,True,32,1,False,False,wood,0.1926,7.0917,981849,5.6499,50,3
4,True,45,high,10,False,0.2062,3.8129,True,2.1639,500,17,1.5303,145,35,10,20.0,67,57,False,240987,False,5,,1,2023,19,12,True,False,39,1,False,True,other,0.1718,7.9535,502418,3.912,30,16
19,True,45,medium,7,False,0.2179,5.7387,False,1.3255,491,32,9.2127,150,26,4,20.0,50,53,False,658140,True,7,True,12,1900,15,15,True,True,30,1,True,True,other,0.1816,2.248,569875,9.3198,50,9
34,False,41,high,10,False,0.1433,2.8936,True,1.7259,491,26,4.788,139,22,8,20.0,48,70,True,935898,,9,False,30,1971,19,11,True,False,40,3,True,True,plastic,0.1791,8.8589,685860,2.257,50,17
51,False,46,low,9,True,0.1678,2.8601,False,1.9324,498,41,1.1288,147,21,5,20.0,50,42,True,626428,True,4,False,25,1967,23,16,True,False,36,3,True,True,canvas,0.2097,8.8579,14112,5.4332,16,4
14,False,46,low,9,True,0.1491,3.7354,True,1.2571,462,34,7.5635,135,20,2,20.0,56,70,True,72296,False,5,True,31,2023,23,14,True,False,36,3,True,True,plastic,0.1864,5.1116,100494,0.9374,25,28
47,True,47,medium,7,True,0.2353,2.9294,False,2.0617,491,38,8.0536,140,22,10,20.0,57,57,False,939468,True,5,False,30,1994,24,8,True,True,40,2,True,False,other,0.1961,3.0179,718542,1.8059,30,5
31,True,45,high,15,True,0.1948,2.7716,True,1.4381,482,2,1.9348,150,23,4,20.0,49,49,True,705354,True,6,False,16,2023,23,12,True,False,37,2,False,False,other,0.1623,4.2107,384380,2.7391,41,2
28,False,49,medium,12,False,0.1611,3.7919,False,1.2983,499,0,2.0443,147,30,8,20.0,64,58,True,548228,False,1,True,42,2023,19,14,True,False,38,4,True,False,wood,0.2014,3.266,951256,6.4097,1,6
39,True,47,medium,8,True,0.1608,3.7485,False,1.5676,484,4,2.4789,141,31,9,20.0,50,50,True,832250,False,5,True,10,1964,21,11,True,True,35,1,False,False,metal,0.201,8.7515,167959,6.4508,30,11
31,True,46,high,11,True,0.2517,0.9462,True,1.9149,499,34,8.2382,138,27,5,20.0,55,54,True,191486,False,5,False,38,1928,22,14,True,True,34,2,True,True,other,0.2097,9.1473,500929,1.896,30,5
46,False,44,low,12,True,0.171,3.7572,False,1.6974,497,34,8.5666,141,22,9,20.0,71,55,True,868313,False,6,True,16,1900,22,12,,False,37,2,False,True,plastic,0.2137,7.7735,947871,5.9176,36,2
52,True,46,medium,8,True,0.2514,0.8822,False,1.727,475,49,4.5529,138,30,10,20.0,52,42,True,24231,False,6,False,46,1900,23,17,,False,38,3,True,False,other,0.2095,6.7419,325589,2.5939,41,10
40,False,46,high,8,False,0.1331,5.9053,True,1.8836,500,0,7.8421,148,24,8,20.0,42,37,True,948783,True,3,True,38,1974,17,11,True,True,35,1,False,True,wood,0.1664,4.8162,986790,6.9825,9,27
46,True,45,high,10,False,0.2408,0.3893,True,1.9467,475,17,7.161,149,33,7,20.0,37,64,True,490258,False,5,False,0,2023,16,12,True,True,34,2,False,False,other,0.2006,1.817,63500,6.7427,30,23
54,True,45,high,8,True,0.1505,0.845,False,1.6834,463,44,3.8917,150,29,6,20.0,51,54,True,534495,,2,False,11,1994,19,13,True,True,31,3,True,False,wood,0.1881,4.7895,698671,2.5341,9,11
36,False,45,medium,8,False,0.1443,5.8044,False,1.919,485,44,8.8776,150,34,7,20.0,54,61,False,118726,True,4,True,9,1900,18,13,True,False,39,3,False,False,metal,0.1804,4.0702,140735,3.695,16,21
53,False,44,high,11,False,0.163,3.7951,True,1.5127,483,43,4.775,149,17,4,20.0,42,58,False,522280,False,2,True,17,1947,16,14,,True,32,3,False,True,canvas,0.2037,9.7886,223707,1.5769,4,26
36,True,48,high,8,True,0.1543,2.9089,True,1.8603,497,37,3.2282,150,23,5,20.0,64,56,True,667566,True,3,False,23,1989,18,11,,False,28,1,True,True,canvas,0.1929,6.3464,120606,7.0336,14,16
43,False,46,high,6,True,0.1418,3.8723,False,1.5328,480,38,8.7415,137,28,7,20.0,44,43,False,360515,False,8,True,40,1936,19,14,True,False,30,3,True,True,canvas,0.1772,9.8748,386362,2.1659,50,28
50,True,48,medium,8,True,0.2261,0.8247,True,1.7034,500,43,6.1817,147,28,10,20.0,54,42,True,757911,False,2,False,31,2005,22,14,True,False,36,2,False,True,other,0.1885,1.5529,666470,1.6324,9,26
58,True,47,low,8,True,0.1403,5.792,True,1.6571,484,16,6.8409,144,34,10,20.0,51,54,True,394911,True,3,,40,2023,23,11,True,True,39,1,False,False,plastic,0.1754,7.6157,125894,5.3016,14,14
1,False,45,medium,8,False,0.1627,0.8115,False,1.4144,494,3,7.4144,143,28,14,20.0,56,53,False,772483,False,6,False,39,1900,19,15,True,False,38,1,True,True,wood,0.2034,9.1056,0,3.9154,36,6
8,False,43,high,9,True,0.1329,2.8051,True,1.4095,500,39,9.9407,135,27,8,20.0,68,54,True,916181,True,5,,33,1936,22,11,True,True,34,1,False,False,wood,0.1662,1.3119,11432,7.9402,25,19
34,False,42,high,9,True,0.1657,3.9072,False,1.72,496,11,3.5758,145,30,9,20.0,59,51,True,750297,False,2,True,39,2023,24,14,True,True,38,3,True,True,canvas,0.2071,2.8239,695215,8.3623,4,8
32,False,45,high,8,False,0.1288,2.7577,False,1.2472,500,38,8.7228,142,29,6,20.0,43,39,True,188570,True,3,False,27,1906,18,13,True,False,36,1,False,True,plastic,0.161,2.4171,95452,7.3459,9,3
29,True,47,high,10,False,0.1369,5.8406,False,1.5299,481,29,0.0,135,22,7,20.0,58,67,True,767450,True,1,True,22,2023,19,15,True,False,38,1,True,False,metal,0.1711,8.1127,863244,4.8518,6,10
18,False,45,high,9,False,0.1379,3.8879,False,1.5821,495,48,5.9888,150,34,8,20.0,61,55,True,968341,,4,True,46,1900,18,10,,True,36,2,True,True,metal,0.1724,10.0,337314,6.6287,16,5
57,True,46,medium,10,True,0.1623,0.7508,False,1.3115,500,47,9.1014,150,27,8,20.0,72,39,False,478275,False,7,False,35,1966,21,15,,True,34,1,False,True,wood,0.2029,4.5786,582983,2.975,50,19
50,False,45,medium,11,True,0.1436,2.886,True,1.8613,487,47,0.6089,143,27,4,20.0,51,58,True,78408,True,9,False,29,1983,24,17,True,True,38,1,True,False,metal,0.1795,3.6242,268312,2.5305,50,28
18,True,46,medium,8,True,0.1604,3.8253,False,1.7585,472,6,9.7089,133,29,6,20.0,42,50,False,587123,False,7,True,25,2023,22,12,True,False,36,1,False,False,canvas,0.2005,2.3526,333323,6.8654,50,23
30,True,49,medium,11,False,0.1619,3.7748,False,1.398,484,34,9.6349,142,36,6,20.0,61,64,True,428836,False,8,True,19,1923,17,12,True,False,36,2,True,True,canvas,0.2024,9.624,569245,1.8795,50,26
28,True,44,low,8,True,0.1529,2.8159,True,1.9502,500,32,8.6523,150,22,5,20.0,57,58,False,883429,True,7,False,19,2023,21,10,True,False,34,4,False,True,metal,0.1911,3.0937,397278,9.8296,50,9
26,True,40,low,10,False,0.2236,0.867,False,1.9974,488,28,2.1537,150,23,8,20.0,58,51,False,443406,False,8,,23,1996,17,10,True,True,37,2,True,True,other,0.1863,7.2849,197474,0.0,50,15
14,False,47,low,6,False,0.1419,0.705,True,1.2943,500,30,0.5445,138,35,6,20.0,56,52,True,360222,False,7,False,30,2023,17,18,True,True,34,2,False,False,canvas,0.1774,3.789,590419,9.1201,49,22
50,True,42,low,7,False,0.1344,3.6698,False,1.4484,464,26,3.1983,150,26,10,20.0,59,56,False,280577,False,5,,5,2023,19,10,True,False,40,3,True,True,metal,0.168,8.275,356867,6.4671,30,22
29,False,45,high,9,True,0.1395,0.8701,True,1.695,489,3,7.7984,148,23,4,20.0,57,56,True,817414,,2,False,41,1934,21,13,True,False,35,1,False,False,wood,0.1743,6.2769,819275,6.1605,4,14
22,True,50,low,6,True,0.1486,0.846,False,2.0448,484,35,10.0,143,27,4,20.0,57,64,False,770942,False,3,False,24,2023,24,10,True,True,38,2,False,False,canvas,0.1857,9.9596,613086,3.4284,14,9
29,True,43,medium,7,True,0.1666,2.7499,False,1.3815,483,7,4.1539,145,25,7,20.0,51,42,False,748224,True,4,False,12,2023,19,14,True,True,30,3,True,True,canvas,0.2082,8.367,283564,4.5528,21,17
37,False,45,low,10,False,0.1567,3.759,True,1.4266,500,20,3.523,143,26,3,20.0,60,63,False,11982,,5,True,26,2023,16,14,True,True,33,1,True,True,wood,0.1958,2.2273,1832,8.6903,25,4
5,True,46,medium,11,False,0.2214,0.8647,True,1.7076,500,26,9.6273,144,29,6,20.0,49,55,True,661906,False,3,False,33,1948,17,15,True,True,34,1,True,True,other,0.1845,4.1826,341590,1.6199,14,4
30,True,45,low,9,True,0.1384,3.8093,False,1.6187,478,3,7.8359,149,31,11,20.0,63,63,True,807449,False,6,True,33,1929,22,14,True,False,35,1,True,True,wood,0.173,5.0451,458047,5.0758,41,16
57,False,49,low,8,True,0.1346,3.837,True,2.0101,452,33,7.4476,150,23,10,20.0,53,47,True,904226,False,3,True,12,1958,22,14,True,False,35,1,True,True,metal,0.1683,4.8242,37462,7.8856,9,8
4,True,42,low,11,True,0.1832,0.8417,True,1.766,500,11,1.9205,141,29,3,20.0,51,48,False,216003,False,3,False,35,2023,23,15,True,True,38,1,True,False,other,0.1527,5.1786,161806,7.9024,14,4
29,True,42,low,8,True,0.1585,0.8561,False,1.8243,469,14,2.9773,144,21,11,20.0,57,51,False,282079,False,8,False,37,1962,20,12,True,False,32,2,True,True,metal,0.1981,7.8362,460683,5.3675,50,0
11,True,48,high,8,True,0.1559,2.9348,False,1.8115,500,8,1.037,150,32,9,20.0,46,45,False,288496,True,6,False,47,2023,21,11,True,True,35,1,True,True,metal,0.1949,2.2117,114370,9.8837,41,26
12,False,45,low,9,True,0.1394,5.7978,True,1.4949,500,2,3.7165,150,29,8,20.0,62,40,True,951111,True,6,True,43,1964,20,15,True,False,31,1,True,False,wood,0.1742,2.8236,968983,9.4732,36,15
50,True,48,medium,6,False,0.1467,5.7916,True,1.7633,494,11,3.0501,147,25,8,20.0,58,63,False,104471,True,8,True,13,2023,18,10,True,True,37,3,False,False,wood,0.1833,3.3074,498822,2.8076,50,27
36,True,43,high,5,True,0.1564,0.9041,False,1.8058,500,45,2.4654,139,23,7,20.0,42,41,False,723207,False,9,False,26,1938,21,14,True,False,34,2,True,False,metal,0.1955,1.0,467328,6.6304,50,16
17,True,46,low,14,True,0.1476,0.777,False,1.6384,477,46,9.2956,137,33,11,20.0,53,51,False,107689,,7,False,17,2023,20,12,,False,30,3,True,False,metal,0.1846,2.2037,207643,4.4906,50,19
59,True,48,high,10,False,0.1617,2.861,False,1.4529,500,38,9.1753,146,33,5,20.0,46,52,False,536105,True,6,False,46,2017,20,15,True,True,40,2,True,False,wood,0.2022,3.5264,371511,4.2592,41,22
9,True,45,high,7,False,0.1511,0.7936,False,1.3909,490,44,3.495,150,34,2,20.0,52,52,False,905161,False,2,False,30,1949,18,12,True,True,38,2,False,True,wood,0.1888,3.5412,423004,1.8971,9,8
52,False,48,high,8,False,0.1354,2.8138,True,1.3848,496,48,2.8912,150,24,5,20.0,71,43,False,552029,True,4,False,46,1900,18,15,True,False,37,2,False,True,plastic,0.1693,5.8382,828497,2.9174,16,3
1,True,48,medium,8,False,0.15,5.8005,False,1.8733,455,43,0.9201,139,20,4,20.0,59,51,False,992513,True,9,True,11,2006,17,15,True,False,36,2,False,False,canvas,0.1875,3.9195,528327,3.9137,50,2
0,True,43,low,11,False,0.158,3.7761,True,1.5543,500,12,9.403,134,27,7,20.0,47,51,False,46339,False,7,True,43,1998,15,11,True,False,31,2,False,False,canvas,0.1976,8.435,246817,3.95,50,4
19,False,44,low,15,True,0.1405,0.7675,True,1.6626,500,10,7.1488,150,37,4,20.0,43,61,True,814999,False,3,False,24,1900,19,6,True,True,31,2,False,False,canvas,0.1756,8.0986,716944,3.6577,9,21
20,False,47,low,6,False,0.1383,5.3388,False,1.6938,451,18,0.6738,150,22,7,20.0,40,51,True,970903,True,9,True,0,1956,15,13,True,True,33,3,False,False,plastic,0.1729,1.0542,312496,5.7338,50,12
9,True,48,medium,13,True,0.1616,5.8507,False,1.6449,498,26,6.1804,149,30,8,20.0,51,60,False,740852,True,8,True,32,1972,23,13,True,True,39,1,True,False,canvas,0.202,5.431,229110,5.7997,50,8
39,False,42,high,6,False,0.1574,5.8121,False,1.5607,486,14,0.2024,136,26,8,20.0,41,52,False,354900,True,6,True,11,2023,14,8,True,True,29,1,True,True,canvas,0.1967,4.0274,23791,3.3944,36,12
10,False,47,medium,10,False,0.1631,0.9694,True,2.1918,497,35,4.0616,148,39,8,20.0,34,47,True,140048,False,4,False,39,1954,17,14,True,True,35,1,True,True,canvas,0.2039,2.5355,248150,4.4894,16,21
32,True,41,low,13,True,0.1494,3.7494,False,1.7668,500,19,4.4085,145,38,9,20.0,60,70,True,656947,False,4,True,10,2007,21,14,True,True,34,2,False,True,metal,0.1868,8.7111,394384,5.3688,21,2
50,True,43,high,9,False,0.1515,5.9049,True,1.7429,475,4,2.7368,132,20,10,20.0,72,51,True,844430,True,5,,34,2023,18,12,,False,37,1,True,False,wood,0.1894,5.6388,192820,2.9766,30,19
3,False,42,low,5,False,0.1465,2.9178,True,2.3584,500,38,4.719,143,26,9,20.0,63,57,True,858621,True,7,False,15,2023,15,15,True,True,32,2,True,True,wood,0.1832,9.852,116697,6.1309,49,18
29,True,45,low,7,True,0.2329,0.767,False,1.6707,483,33,5.8887,150,27,13,20.0,53,66,True,12301,False,6,,23,1992,23,15,True,True,39,2,False,True,other,0.1941,4.4096,0,2.3779,41,1
58,False,47,medium,8,False,0.1373,2.8131,False,1.7172,500,29,8.2814,135,21,7,20.0,55,50,False,144488,True,1,False,24,1902,16,12,True,False,33,2,False,False,wood,0.1716,10.0,127402,3.4828,1,12
58,True,50,high,9,False,0.1386,0.3832,True,1.916,500,8,3.8237,147,30,4,20.0,77,51,False,324944,False,8,False,0,1900,16,11,True,True,34,1,True,True,plastic,0.1733,8.1297,692087,1.36,50,8
21,True,46,medium,11,True,0.1318,0.8425,True,1.7364,466,35,8.0344,137,43,13,20.0,48,53,True,342417,False,5,False,19,2023,25,9,True,False,41,2,True,True,wood,0.1648,9.196,306066,7.7762,30,5
39,False,43,high,10,True,0.1394,2.852,True,1.6372,470,46,4.2828,144,24,5,20.0,67,67,True,388286,True,9,False,18,2023,22,15,True,True,37,1,True,False,plastic,0.1742,8.7596,978989,5.8228,50,1
36,True,45,low,10,False,0.2236,2.8034,False,1.8317,500,10,6.7406,145,20,7,20.0,40,50,True,706081,True,7,False,26,1900,19,13,,True,38,1,False,True,other,0.1863,9.1752,334641,1.6636,50,19
40,True,44,high,8,True,0.1689,2.6619,True,1.3079,500,14,6.6356,142,16,9,20.0,47,56,False,780071,True,7,False,4,2023,22,10,,True,37,1,False,True,wood,0.2112,6.2935,433378,7.7928,50,0
39,True,43,high,9,False,0.1714,2.9004,True,1.9247,500,40,0.8599,149,27,8,20.0,53,60,True,652741,True,2,False,15,2023,17,13,,True,37,3,True,False,plastic,0.2142,9.297,895505,9.8719,9,23
58,False,44,high,6,False,0.1678,5.7206,True,1.199,485,23,5.1175,147,20,5,20.0,51,43,True,856615,True,9,True,14,2023,13,13,True,True,29,1,False,True,wood,0.2097,3.4381,719910,7.5601,50,18
6,True,45,medium,7,True,0.1337,0.8663,True,1.7382,488,22,0.1673,149,32,11,20.0,42,51,False,679252,False,4,False,33,2012,23,14,True,False,38,1,True,True,metal,0.1672,9.4181,995239,9.5848,21,20
8,True,46,low,7,False,0.2448,2.7774,False,1.475,478,38,3.791,150,27,6,20.0,48,28,False,0,True,3,False,31,2011,15,12,True,False,32,2,True,False,other,0.204,5.5305,764127,3.4893,14,5
42,True,49,high,5,False,0.1467,0.9275,False,2.361,499,27,1.7284,150,23,8,20.0,34,47,True,899438,False,5,False,9,2023,17,12,,False,34,3,False,True,metal,0.1833,7.4621,278057,1.8972,30,9
13,False,43,low,9,True,0.224,0.7322,False,1.5722,467,42,7.965,150,34,6,20.0,56,73,False,835695,False,5,False,17,1937,24,15,True,True,39,3,False,False,other,0.1867,4.0536,912707,6.6201,25,15
59,True,50,high,8,False,0.2365,3.8541,False,1.6212,465,12,9.1268,150,35,7,20.0,53,55,True,630261,False,5,,39,1900,15,10,True,False,33,2,False,True,other,0.1971,5.2327,77013,5.969,30,28
39,True,46,high,13,True,0.1705,2.8509,True,1.6693,444,45,3.8171,149,28,7,20.0,60,50,True,776227,True,4,,31,1999,21,16,True,False,35,2,False,True,canvas,0.2131,1.0,74560,4.6647,21,13
18,True,42,low,9,True,0.1575,0.7291,True,1.1696,476,21,4.5977,146,26,5,20.0,65,51,False,830338,False,5,False,40,2023,20,13,True,True,31,2,True,False,metal,0.1969,8.284,521740,7.6398,30,21
28,True,42,high,10,False,0.2068,2.9289,False,1.9713,497,3,2.1034,144,25,9,20.0,36,42,True,394236,True,4,False,44,1900,16,15,True,True,33,2,False,True,other,0.1723,2.9903,521871,5.1478,21,11
24,False,49,low,7,False,0.1714,2.7975,False,1.6847,500,15,0.5526,132,25,10,20.0,53,28,True,286429,True,3,False,40,1995,13,12,True,False,28,1,False,False,plastic,0.2142,2.5653,839823,6.7889,9,5
27,True,45,low,9,True,0.1428,3.689,True,1.2406,476,8,8.261,142,31,8,20.0,58,45,False,0,False,6,True,26,1954,23,14,True,False,36,1,False,True,plastic,0.1785,7.0091,361264,0.6965,41,22
49,True,48,medium,8,True,0.214,3.3811,False,1.9055,500,44,7.6787,144,32,9,20.0,44,49,False,523951,False,2,True,0,2023,21,14,True,False,33,3,True,True,other,0.1783,1.9885,342184,3.9602,9,14
24,True,44,high,8,True,0.1546,3.7364,False,1.2954,500,4,8.3332,150,22,5,20.0,48,53,False,878629,,2,True,13,2023,20,13,,True,30,2,False,False,wood,0.1933,4.3602,600514,9.6638,9,28
16,True,47,high,7,False,0.1308,2.9399,False,1.9326,463,41,4.5771,143,27,19,20.0,47,62,False,660488,True,7,False,30,1923,17,14,True,True,35,3,True,True,metal,0.1635,8.002,540931,9.6504,50,22
37,True,46,medium,7,True,0.141,2.8856,False,1.7852,488,46,1.6234,149,33,8,20.0,48,63,False,930171,True,5,False,38,1999,19,15,True,True,31,1,True,False,plastic,0.1762,5.9989,509217,5.0663,30,24
43,True,45,low,9,True,0.1423,3.8606,False,2.0806,500,44,9.1172,150,28,4,20.0,47,48,True,413066,False,2,True,29,1960,23,16,True,False,39,2,False,True,canvas,0.1779,5.1868,273424,2.9251,9,22
56,True,47,high,10,False,0.1501,2.892,False,1.811,466,48,1.1631,150,23,10,20.0,56,55,True,468590,True,4,False,40,1930,16,14,True,False,33,1,False,True,plastic,0.1877,6.187,214934,5.1726,21,18
42,False,46,medium,7,True,0.2394,0.817,True,1.7166,470,22,3.9375,150,30,3,20.0,54,56,False,605097,False,7,False,25,1957,23,15,True,True,38,1,False,False,other,0.1995,1.1511,593922,4.6161,49,12
51,False,49,high,7,False,0.1608,2.8164,False,1.5605,500,6,7.6384,134,22,9,20.0,60,58,False,243289,True,9,False,24,1984,14,11,True,False,31,1,False,False,wood,0.201,3.294,714925,0.9972,50,17
6,False,46,low,8,True,0.1645,0.839,True,1.9188,481,25,0.6302,140,33,1,20.0,51,43,True,102442,False,2,False,36,2023,21,14,True,False,34,1,False,True,canvas,0.2057,5.1112,555932,5.032,4,29
8,True,44,high,9,False,0.1379,2.9357,False,1.9042,500,38,3.9818,142,36,6,20.0,55,55,False,259676,True,5,,31,1984,14,13,True,False,31,1,True,True,wood,0.1724,5.8848,583643,2.3305,30,18
9,False,45,low,11,False,0.1521,0.755,True,1.5802,452,20,5.675,149,34,4,20.0,58,66,True,295940,False,7,False,26,1900,17,14,True,True,36,1,False,False,metal,0.1901,6.2227,293280,9.1361,49,7
42,False,44,medium,8,False,0.1578,5.8177,False,1.589,453,11,7.0378,146,30,8,20.0,56,43,True,314885,True,8,True,22,1934,14,9,,True,30,1,True,False,wood,0.1973,1.0397,26221,4.9415,50,19
9,False,48,high,11,True,0.1587,3.9005,False,2.0671,492,4,6.4961,147,24,9,20.0,57,65,False,865114,False,9,True,17,1900,19,12,True,False,30,3,False,True,canvas,0.1984,3.5665,582618,7.5605,50,7
23,False,46,low,10,True,0.1613,2.7379,True,1.5144,500,28,4.9989,147,21,9,20.0,56,54,True,328841,True,2,False,11,2023,23,14,True,False,37,2,True,False,wood,0.2016,1.2868,724914,0.0,4,6
43,False,49,high,5,False,0.1381,3.7412,False,1.4591,500,43,8.1925,148,28,8,20.0,44,52,False,425655,False,5,True,3,2023,18,9,True,True,37,3,True,False,wood,0.1726,9.0083,486621,2.3631,25,20
30,True,44,high,13,True,0.2418,0.9643,False,2.1373,500,48,4.8109,146,31,5,20.0,57,52,False,773329,False,6,False,46,1936,19,14,True,True,31,2,False,False,other,0.2015,5.8382,242785,6.6828,41,15
22,False,40,high,10,True,0.2257,2.9516,True,1.9115,500,41,5.7751,145,34,8,20.0,46,61,True,82596,True,1,False,44,2001,20,14,True,False,31,2,True,False,other,0.1881,7.7791,141052,7.1985,1,13
36,True,46,high,8,False,0.1699,5.8121,True,1.2937,500,2,2.2703,143,36,9,20.0,63,63,True,911023,True,2,,31,2023,17,12,True,True,37,3,True,False,wood,0.2123,4.111,790273,3.4238,9,7
56,True,44,high,7,True,0.1682,0.8763,True,1.5527,498,24,1.7684,150,26,10,20.0,53,43,False,646239,False,6,False,41,2023,20,14,True,True,31,1,True,True,canvas,0.2102,5.0968,311955,1.4269,41,11
42,False,44,medium,7,True,0.1764,2.9206,True,1.9415,500,45,6.0411,136,18,9,20.0,57,58,False,1000000,True,5,False,41,1957,22,14,True,True,37,1,True,False,plastic,0.2204,2.5971,910010,3.8011,25,21
8,True,45,low,8,False,0.137,2.553,False,1.3834,500,29,2.1618,149,28,6,20.0,58,55,False,70466,True,4,False,1,2023,15,16,True,True,31,3,False,True,canvas,0.1713,6.3422,627800,1.9017,21,3
19,True,44,high,7,False,0.2325,5.8319,False,1.6178,500,20,3.3092,150,33,6,20.0,49,22,True,484058,True,8,True,13,2023,16,13,True,True,35,2,True,True,other,0.1938,9.7594,900875,3.5047,50,28
8,True,49,low,8,True,0.1497,0.437,False,2.1851,498,43,9.3397,150,31,9,20.0,61,53,True,664893,False,3,,0,2023,24,17,True,True,39,2,False,True,wood,0.1871,4.8157,122961,4.76,14,9
34,True,47,medium,9,True,0.149,5.8316,False,1.7997,500,38,7.5776,140,31,9,20.0,51,56,False,279776,True,2,,25,2023,22,13,True,True,36,1,False,True,canvas,0.1862,2.846,108097,2.5005,9,15
44,False,45,high,10,False,0.1543,3.8981,False,1.7012,500,1,6.672,147,36,7,20.0,46,53,True,205810,,4,True,34,2023,17,16,True,True,36,1,True,False,wood,0.1929,8.6983,637303,2.7514,16,19
31,False,40,high,10,False,0.1507,5.8714,False,2.1103,480,26,3.5318,150,28,6,20.0,46,44,False,0,True,6,True,9,2023,15,13,True,True,33,2,False,True,metal,0.1883,8.4426,294032,3.8534,36,7
4,False,47,low,10,True,0.2493,2.7709,False,1.7012,500,23,7.735,150,28,5,20.0,45,46,True,131123,,5,False,10,2023,19,11,True,False,31,3,True,False,other,0.2078,2.0966,455463,3.6522,25,26
54,False,47,high,9,False,0.1759,5.8291,False,1.759,484,1,9.8955,150,31,8,20.0,53,62,True,318201,True,7,True,14,1900,19,12,True,False,39,1,False,False,metal,0.2199,5.9154,917855,3.0022,49,12
37,True,44,high,12,True,0.1529,3.9677,False,2.1957,494,33,2.6783,144,33,4,20.0,39,34,False,159145,False,1,True,40,1915,22,12,True,False,36,2,False,False,plastic,0.1911,5.4644,683580,3.9998,6,26
33,True,47,high,7,True,0.152,3.7712,False,1.681,500,7,6.1137,146,30,7,20.0,51,63,True,268164,False,6,True,2,1923,22,8,True,False,35,2,True,True,canvas,0.19,3.3203,17472,9.5518,41,1
2,False,47,medium,8,True,0.1563,2.7597,True,1.9701,494,10,1.6933,150,29,11,20.0,65,51,False,756512,True,5,False,3,2023,21,9,True,True,32,1,False,False,wood,0.1954,6.9683,801480,1.4207,25,25
51,True,44,low,11,False,0.1436,0.8431,True,1.7045,500,0,1.1909,150,24,5,20.0,67,53,False,539784,False,1,False,45,1964,17,14,True,False,37,1,True,False,metal,0.1795,6.7705,427336,5.2726,6,21
55,False,43,medium,9,False,0.1457,3.823,True,2.0413,457,46,8.4745,150,28,4,20.0,67,51,True,341207,False,3,True,4,1979,20,13,True,False,41,1,True,True,plastic,0.1822,9.9147,979543,4.6952,9,16
16,False,45,low,9,True,0.161,5.7869,True,2.0342,479,45,9.9247,131,35,11,20.0,42,65,False,101683,True,8,True,7,1966,22,11,True,True,35,1,False,False,wood,0.2013,3.7974,511663,0.3385,50,20
35,False,48,high,7,False,0.1397,2.7952,False,1.5128,472,25,0.3937,150,34,6,20.0,41,52,False,321983,True,4,False,18,2023,18,11,True,False,37,2,False,True,canvas,0.1746,7.9695,947818,9.3681,16,8
13,True,47,high,8,True,0.196,2.9145,False,1.7264,499,23,8.0165,134,29,7,20.0,35,69,True,499234,True,5,False,44,2023,24,11,True,False,38,1,True,True,other,0.1634,4.052,175587,0.1138,30,18
49,False,48,low,14,True,0.1609,2.7549,False,2.1189,484,14,8.5473,150,32,9,20.0,48,55,True,338151,True,9,False,3,2023,23,11,True,False,36,2,False,False,wood,0.2011,6.1641,846446,0.9678,50,5
39,True,46,low,12,False,0.2395,3.8531,False,2.0034,500,31,1.7444,145,24,12,20.0,51,52,True,748700,False,9,True,17,2023,13,13,True,True,29,1,True,False,other,0.1996,5.0945,28005,3.6152,50,10
3,True,47,medium,11,True,0.1509,0.8796,False,2.2031,500,9,8.7398,148,31,10,20.0,53,55,False,0,,1,False,15,1900,23,12,,True,36,3,False,True,metal,0.1887,1.3854,415834,8.8909,6,28
54,False,45,low,9,True,0.1655,2.7421,True,1.9834,472,32,3.705,150,30,6,20.0,45,54,True,907550,True,9,False,1,1997,20,12,True,True,32,1,True,False,wood,0.2069,8.4332,665462,8.6711,50,2
25,False,48,low,11,True,0.2481,2.6694,True,1.6198,500,9,3.2186,150,21,11,20.0,60,65,False,278934,True,9,False,3,1900,22,15,True,True,35,1,True,False,other,0.2067,1.3232,442967,4.3172,50,0
30,True,49,medium,11,True,0.1603,5.841,False,1.9287,495,47,8.5157,146,30,7,20.0,46,51,False,32513,True,8,True,9,2023,21,17,True,True,33,3,True,True,wood,0.2004,8.0341,769579,9.7594,50,19
11,True,43,high,7,True,0.1566,5.881,True,2.0184,496,31,4.0934,136,30,7,20.0,37,37,False,581878,,1,True,6,2002,20,13,True,True,33,3,True,False,canvas,0.1958,6.549,179517,6.8253,6,3
27,False,48,medium,7,False,0.2234,3.8346,False,1.6973,494,13,3.6335,150,30,9,20.0,68,50,True,365674,False,6,True,41,2023,17,15,True,True,35,1,False,False,other,0.1861,3.2567,738815,1.8376,36,11
56,False,43,high,15,True,0.1781,5.9871,False,2.2568,500,22,5.671,146,21,3,20.0,63,75,True,189233,True,8,True,45,2001,18,9,True,True,28,1,False,True,wood,0.2227,9.45,188184,3.1984,50,0
46,True,44,medium,8,False,0.1531,0.8033,False,1.8415,500,18,2.5356,148,27,10,20.0,41,56,False,370548,False,4,False,6,1981,15,11,True,True,32,1,True,False,plastic,0.1913,9.0735,773578,5.487,21,27
18,False,42,medium,8,False,0.1696,3.8646,True,1.6232,500,35,2.1686,134,21,8,20.0,52,66,False,534718,False,7,True,50,2015,17,16,True,False,36,2,True,False,canvas,0.2119,6.1371,187571,5.1391,49,22
18,False,48,low,10,True,0.2485,5.7279,True,1.51,475,12,7.1443,133,36,7,20.0,42,49,True,779517,True,7,True,20,2023,23,14,,True,37,3,False,True,other,0.2071,2.6231,347343,3.5906,49,19
6,False,44,medium,6,True,0.1508,2.744,False,1.3934,500,49,7.4441,143,23,6,20.0,52,56,False,327460,True,8,False,10,2006,22,12,True,False,35,1,True,True,plastic,0.1884,5.2247,144461,9.3476,50,21
55,False,44,low,8,False,0.1346,2.7472,False,1.78,500,47,0.0061,138,25,8,20.0,53,41,True,656076,True,5,False,3,2023,16,13,,False,34,3,True,False,plastic,0.1682,6.8343,515863,4.2211,25,15
20,True,45,high,13,True,0.2492,5.8321,False,1.4607,500,45,1.0538,136,32,7,20.0,65,44,True,798433,True,4,True,48,2007,19,14,True,True,30,2,False,False,other,0.2077,1.6365,497434,5.7481,21,14
9,False,49,medium,12,False,0.1538,2.5823,False,1.1842,481,41,8.3199,149,24,9,20.0,52,59,False,758811,True,8,False,1,1958,17,15,True,False,35,2,False,False,canvas,0.1923,4.1786,151436,8.9196,50,16
38,True,45,medium,9,False,0.1538,3.8637,True,1.6238,500,14,6.808,132,34,10,20.0,61,58,False,668948,False,2,True,47,1963,17,13,True,False,35,3,True,False,canvas,0.1922,8.4301,940746,2.0339,9,27
28,True,44,medium,8,True,0.1476,0.8237,False,1.6189,500,42,4.661,138,26,4,20.0,59,75,False,100169,False,3,False,22,2023,23,11,True,True,38,3,True,True,metal,0.1845,4.551,478748,1.3457,14,24
5,False,41,low,9,True,0.1559,2.7487,True,1.4286,500,36,4.6962,150,27,5,20.0,57,46,True,465271,True,3,False,22,1912,21,13,True,True,33,1,True,True,metal,0.1949,5.0924,469992,5.2823,9,9
23,True,45,medium,3,False,0.2174,5.8122,True,1.6255,500,41,5.3771,150,25,4,20.0,55,47,False,296016,True,2,True,33,2023,15,14,True,False,32,1,False,True,other,0.1812,7.805,997240,9.6009,9,14
58,True,45,medium,11,False,0.1608,0.8364,False,1.688,491,2,5.5756,135,27,9,20.0,50,60,True,723670,,5,False,43,1900,20,10,True,False,40,1,False,False,canvas,0.2009,1.0,768242,4.9708,30,5
50,False,44,high,6,True,0.137,2.8158,False,1.4061,489,28,4.5744,150,29,3,20.0,52,65,True,612378,True,8,,43,1994,21,15,True,False,33,2,False,True,plastic,0.1713,5.5176,0,3.4654,50,14
4,False,44,high,9,True,0.1616,0.9293,False,1.8575,459,14,8.9732,147,26,7,20.0,53,67,True,693871,False,2,False,35,2023,22,14,,True,35,3,True,False,wood,0.202,6.6525,974485,6.7022,4,6
52,True,46,high,9,True,0.1504,0.8858,False,1.5943,500,30,4.3536,135,27,8,20.0,51,51,False,457170,False,4,False,41,1905,21,15,True,True,32,1,True,False,wood,0.188,3.9905,874914,7.8392,21,0
32,False,42,low,10,False,0.161,2.7981,True,1.9887,500,36,9.6043,149,35,5,20.0,46,49,False,469196,True,6,False,12,2018,18,10,,False,37,2,False,True,metal,0.2012,5.0428,68117,4.4841,36,3
54,False,50,high,10,False,0.2363,3.8655,False,1.698,490,21,4.1103,150,27,7,20.0,60,56,False,928215,False,1,True,37,2023,19,12,True,True,39,2,False,True,other,0.1969,1.983,571788,3.2644,1,15
28,False,47,low,7,False,0.1363,0.8592,False,2.1108,472,5,6.5149,142,21,8,20.0,42,50,True,506901,False,8,False,24,1900,15,13,True,True,32,1,False,True,metal,0.1704,6.0045,806042,0.6904,50,22
15,False,46,low,14,True,0.1586,3.5735,True,1.0843,500,14,8.2422,144,40,9,20.0,64,60,True,910815,False,9,True,4,1900,19,14,True,False,28,3,False,False,metal,0.1982,5.3928,555430,6.3715,50,8
27,False,47,low,9,True,0.1536,0.9071,True,2.1872,492,37,9.4939,145,31,7,20.0,67,47,False,216949,False,9,False,24,1993,22,17,True,False,34,2,True,False,metal,0.192,2.0468,90598,4.4753,50,4
43,True,49,low,10,False,0.2135,5.9269,True,2.3079,494,23,0.5668,150,26,3,20.0,56,60,True,6753,True,9,True,43,1984,19,12,True,False,38,3,False,False,other,0.1779,3.1537,475316,1.5927,50,15
24,True,46,medium,10,True,0.1429,5.9654,False,2.1972,447,37,5.4325,131,31,5,20.0,44,57,True,137914,True,1,True,36,1963,24,14,True,False,40,1,True,True,metal,0.1786,2.3699,92811,3.8433,6,13
59,True,44,high,7,True,0.1424,2.9024,True,1.7093,466,5,1.8591,150,35,5,20.0,59,58,True,244734,True,3,False,36,1900,19,9,True,False,31,2,True,True,plastic,0.178,6.6714,271158,5.0609,14,20
33,False,47,medium,8,True,0.1917,0.6814,True,1.68,473,9,1.8328,149,29,5,20.0,51,48,False,515390,False,1,,1,2023,23,10,True,False,37,2,True,True,other,0.1598,8.8393,627652,8.8128,1,7
16,False,43,low,7,True,0.1455,0.7384,False,1.6517,499,15,1.2335,150,30,11,20.0,54,55,True,232559,False,3,False,14,1900,21,18,True,False,34,2,False,False,wood,0.1818,7.8994,705101,4.3888,9,21
55,False,46,low,13,True,0.1516,0.8539,False,1.8415,500,21,6.6983,148,24,7,20.0,56,60,False,314340,False,1,False,32,2023,20,15,True,True,33,2,True,False,canvas,0.1895,4.0404,368610,7.1825,1,14
46,False,43,high,6,False,0.1965,2.8671,False,1.7582,500,0,4.3221,150,25,8,20.0,48,74,False,147123,True,8,False,14,1900,16,11,True,False,33,3,True,False,other,0.1637,4.1734,680778,8.5052,50,5
10,False,46,medium,11,True,0.1463,0.8241,False,2.0176,500,0,9.3325,150,35,6,20.0,50,62,False,583850,False,8,False,9,1975,23,9,,True,38,4,False,True,canvas,0.1828,8.7652,891945,3.5277,50,13
55,True,49,low,9,True,0.2222,5.7761,False,1.4046,500,47,2.9183,145,27,6,20.0,56,57,True,357511,True,6,True,40,2023,22,13,True,True,36,1,True,True,other,0.1852,7.2186,71584,3.7313,41,22
29,True,50,medium,9,True,0.1609,3.8844,False,1.8364,500,25,3.0844,144,30,7,20.0,41,57,True,512311,False,9,True,30,1967,21,12,True,False,33,1,True,True,plastic,0.2012,6.6801,350439,0.336,50,21
51,True,42,medium,10,True,0.2424,0.802,True,1.5281,494,40,3.1594,141,26,10,20.0,41,40,True,703284,False,8,False,41,1900,20,14,True,True,32,3,False,False,other,0.202,10.0,70018,7.2391,50,10
0,True,43,low,8,True,0.1547,0.7936,True,1.4573,481,7,5.1793,149,27,10,20.0,51,59,False,854000,False,5,False,45,2023,22,14,True,False,35,2,True,False,canvas,0.1934,5.5001,191330,5.2638,30,10
15,False,42,high,9,True,0.1422,3.9893,True,2.2974,487,13,0.8423,147,23,6,20.0,50,45,True,687992,,2,True,39,1995,22,12,True,True,36,3,False,False,metal,0.1777,8.4695,76435,7.7282,4,10
8,True,48,high,14,True,0.1381,5.7654,True,1.0379,481,39,0.3926,150,30,8,20.0,46,37,True,198575,True,9,True,34,2023,20,11,True,True,31,1,True,False,plastic,0.1727,3.0075,91951,10.0,50,5
20,True,47,medium,9,True,0.1603,3.7389,False,1.3262,500,49,9.5716,150,19,12,20.0,46,52,True,841379,False,8,True,26,2023,23,11,True,False,38,3,False,False,canvas,0.2004,9.4153,699942,6.9425,50,2
14,False,45,medium,9,False,0.1643,3.8657,True,2.0819,470,48,8.4876,144,23,5,20.0,61,54,False,166860,False,7,True,14,2023,14,11,True,True,31,1,False,True,metal,0.2053,8.0487,612087,2.2799,49,1
6,False,49,low,11,False,0.1507,0.7782,False,1.8337,459,40,8.0033,146,32,4,20.0,55,63,False,17897,False,3,False,15,2023,17,15,True,True,34,1,False,True,wood,0.1884,8.5559,32524,8.9781,9,27
42,False,44,low,9,False,0.1631,2.8872,False,1.9252,452,38,2.622,140,34,8,20.0,56,59,True,206039,True,4,False,46,2023,19,12,True,False,38,3,True,False,plastic,0.2038,3.2633,169828,3.4698,16,9
48,True,46,high,11,True,0.1576,2.8926,False,1.9031,500,19,3.5591,143,22,9,20.0,64,53,True,631824,True,2,False,27,2023,21,14,True,False,33,1,False,True,canvas,0.1971,4.4283,262023,1.3975,9,10
53,True,46,low,14,False,0.2022,0.797,False,1.6317,496,0,9.3599,143,25,7,20.0,50,43,True,420765,False,9,False,48,1900,17,14,True,True,34,3,False,False,other,0.1685,10.0,106037,8.108,50,21
2,True,48,low,5,False,0.1563,5.7959,True,1.85,477,8,3.8909,134,35,7,20.0,56,58,True,259722,True,5,True,9,2020,18,15,True,False,39,3,True,False,plastic,0.1954,1.9698,79697,4.2575,30,26
32,True,46,high,3,False,0.2265,5.8919,False,1.8995,500,17,3.4971,150,36,10,20.0,31,48,False,574639,True,9,True,15,2015,18,12,True,False,38,3,True,True,other,0.1887,6.3443,714615,0.5578,50,13
17,True,42,high,13,False,0.1433,0.8614,False,1.6516,470,8,1.9037,150,34,4,20.0,40,46,True,144357,False,4,False,39,2023,14,12,True,True,31,3,False,False,metal,0.1791,2.8447,212114,2.1542,21,11
10,False,45,medium,11,True,0.1439,5.8949,True,2.0113,491,28,4.0861,136,26,3,20.0,38,57,True,362946,True,1,True,37,2014,26,12,True,True,43,2,False,False,metal,0.1799,5.3337,129009,0.9601,1,18
4,True,43,medium,7,False,0.1625,5.6359,False,1.4524,470,20,0.5253,150,21,8,20.0,47,62,True,1000000,True,1,True,0,2023,17,11,,True,36,3,True,False,plastic,0.2031,3.5631,150236,2.8199,6,24
53,False,48,medium,6,True,0.1454,2.9383,False,2.1805,500,26,7.4301,150,25,7,20.0,71,43,False,1000000,True,7,False,22,1900,23,13,True,True,36,2,True,True,plastic,0.1817,5.9223,519677,5.7316,49,0
5,True,47,high,9,True,0.1479,2.8898,True,1.5973,481,15,0.2556,148,32,7,20.0,41,59,True,947751,True,8,False,44,2023,21,9,True,False,34,1,True,False,wood,0.1849,3.4107,322457,7.3507,50,2
39,True,45,low,12,False,0.1902,0.8213,False,1.7635,500,33,0.0,147,27,10,20.0,56,71,True,320488,False,4,False,47,2023,14,12,True,True,31,2,False,True,plastic,0.2377,2.1786,467708,2.2107,21,21
46,True,50,medium,10,False,0.1723,0.8356,False,1.5928,500,13,1.986,150,25,6,20.0,40,61,True,260993,False,6,False,30,2023,16,16,True,True,35,3,True,False,metal,0.2153,7.762,769870,3.0741,41,13
17,False,45,high,5,False,0.158,2.8599,True,1.5752,500,13,8.2474,150,19,9,20.0,51,49,True,284021,True,2,False,26,2014,16,12,True,False,33,2,True,True,metal,0.1975,9.2606,594772,4.5264,4,8
22,True,46,low,7,True,0.1604,0.8259,True,1.8399,500,44,9.3859,150,31,12,20.0,60,57,False,481152,False,8,False,18,2023,24,13,True,True,40,1,True,True,plastic,0.2005,7.9537,874927,1.073,50,0
57,False,42,medium,9,True,0.1642,5.9878,True,2.2897,500,44,2.2273,150,39,9,20.0,50,52,False,930142,True,7,True,38,2023,21,13,True,True,35,2,True,False,plastic,0.2053,9.8244,620852,3.7001,49,3
14,False,42,high,12,True,0.1694,3.9073,False,2.0049,449,8,2.5704,140,20,7,20.0,55,60,True,673585,False,7,True,24,2023,19,11,True,False,31,2,False,False,metal,0.2118,9.3647,113763,9.3354,49,20
45,False,42,medium,16,False,0.1611,3.8594,True,1.6022,472,20,7.5563,150,21,10,20.0,51,52,False,300918,False,10,True,47,2023,14,13,True,False,29,2,True,True,metal,0.2014,5.2333,350025,2.2549,50,20
59,True,48,low,9,True,0.1446,0.8182,False,1.5803,494,44,5.3946,142,20,9,20.0,47,57,True,239046,,1,False,45,1918,21,14,True,False,35,2,True,False,canvas,0.1808,3.1985,59242,1.9247,6,12
3,True,48,medium,9,True,0.1529,2.8656,False,1.6387,500,40,3.6768,146,19,11,20.0,53,63,False,754807,True,7,False,47,2023,22,9,True,False,36,3,True,True,metal,0.1911,8.5536,766795,10.0,50,1
3,False,46,high,10,False,0.1513,3.7344,True,1.1611,500,30,3.3986,142,30,11,20.0,76,60,False,482378,False,8,True,23,1916,15,11,True,False,30,2,False,False,canvas,0.1891,6.9309,526738,5.5815,50,27
52,False,45,low,9,True,0.1646,0.7346,True,1.8902,499,41,8.3822,150,34,5,20.0,54,51,False,496299,False,5,False,5,2023,22,12,True,True,34,1,False,False,wood,0.2057,5.4119,340728,3.7785,25,4
58,True,45,high,8,True,0.1444,2.886,False,1.9949,469,13,1.773,148,28,4,20.0,62,56,False,217410,True,6,False,16,2023,20,17,True,True,30,2,False,False,metal,0.1805,2.4195,519324,2.2301,41,22
37,True,49,low,9,True,0.2091,0.4947,True,1.092,429,23,0.4256,149,33,6,20.0,36,58,True,336292,False,5,False,0,1928,21,11,True,True,34,1,False,False,other,0.1742,2.7567,614729,1.5975,30,9
23,True,43,high,12,False,0.2106,2.8312,True,1.5332,468,49,1.6543,150,29,10,20.0,43,44,True,930170,True,6,False,17,2023,15,13,True,False,31,1,True,False,other,0.1755,2.4669,675090,5.4407,41,8
48,False,46,medium,9,True,0.2303,3.8796,False,1.7249,500,46,6.2868,146,22,8,20.0,58,29,False,692775,,7,True,45,2023,20,12,True,False,32,1,True,False,other,0.1919,2.9059,92534,0.9925,49,6
57,True,45,medium,10,False,0.2185,3.8771,False,1.9358,453,29,7.9928,150,35,9,20.0,38,61,True,690718,False,2,True,17,2000,15,14,True,False,30,3,True,True,other,0.1821,7.449,882608,8.3967,9,28
0,True,48,high,11,True,0.1531,0.9474,True,1.8795,462,36,2.6755,136,28,8,20.0,58,53,False,464840,,7,False,46,2023,21,14,True,False,34,2,True,False,plastic,0.1913,4.3806,405905,4.3085,50,18
15,False,49,high,8,True,0.2105,5.8765,True,1.7461,500,28,9.8554,150,25,7,20.0,58,72,False,317578,,8,True,19,2023,19,14,,True,31,3,True,False,other,0.1754,1.6123,381521,5.9626,50,1
1,False,46,low,12,False,0.2481,5.6839,False,1.2445,479,4,4.3353,138,30,8,20.0,59,53,False,714929,True,6,,12,2000,19,12,True,True,39,1,True,False,other,0.2067,3.3183,852210,1.2941,36,16
0,False,46,medium,9,False,0.1993,3.7472,True,1.7344,443,4,5.7319,150,31,4,20.0,57,56,False,244428,False,9,True,6,2023,14,13,True,True,29,2,False,False,other,0.1661,6.6167,376025,1.1068,50,27
23,False,47,medium,7,True,0.152,2.9193,False,2.1083,422,4,1.3713,150,25,7,20.0,43,67,False,564550,True,5,False,43,2006,19,13,True,False,30,2,False,False,plastic,0.19,2.8359,332038,1.3329,25,8
30,False,46,medium,13,False,0.1452,3.8876,False,1.9955,475,42,0.4536,148,22,9,20.0,44,61,True,820531,False,6,True,35,1921,17,11,True,True,36,1,False,False,canvas,0.1815,1.7728,358025,7.5816,36,21
15,True,46,high,10,False,0.2487,0.8755,True,1.5815,463,19,0.7532,150,22,10,20.0,43,67,False,696987,False,2,,35,2023,16,13,True,False,35,2,True,False,other,0.2072,1.6924,621165,7.624,9,6
44,False,46,medium,11,True,0.1448,3.8554,False,1.7553,500,28,0.4343,148,30,6,20.0,41,49,True,147530,False,3,,48,1925,19,13,True,False,29,2,False,True,metal,0.181,7.1387,87322,2.7585,9,19
37,True,44,medium,8,False,0.1615,5.8347,True,1.6855,485,18,0.9363,150,29,11,20.0,68,54,False,525438,True,5,True,42,2023,17,11,,False,35,2,False,True,plastic,0.2019,5.3604,257836,8.7518,30,14
2,True,47,low,8,True,0.1438,2.7724,True,1.6314,475,17,6.1807,138,30,12,20.0,49,59,False,414572,True,8,False,16,2023,21,15,True,True,34,1,True,False,metal,0.1797,3.4349,613638,3.0118,50,8
18,True,50,medium,7,True,0.2171,3.8091,True,1.5825,500,43,3.6101,146,30,3,20.0,37,50,True,728064,False,1,,18,1967,24,10,True,False,41,1,True,False,other,0.1809,2.1938,637010,1.6951,6,16
50,False,46,low,12,True,0.1678,3.7152,True,1.0544,478,28,4.1737,144,20,5,20.0,53,45,True,279236,False,1,,46,2023,22,12,True,True,35,1,True,False,metal,0.2098,1.8067,959390,8.9291,1,23
6,True,42,low,9,False,0.1576,5.8587,False,1.8305,500,41,4.952,138,27,6,20.0,51,56,True,758103,True,10,True,36,2023,18,14,True,False,36,2,True,True,canvas,0.197,6.6736,733520,1.5133,50,22
33,True,42,high,9,True,0.1517,3.8929,False,1.8712,475,43,8.1213,146,25,8,20.0,49,50,True,338932,False,3,True,15,2023,24,12,True,True,38,2,True,False,metal,0.1896,4.6144,481722,0.282,14,5
50,True,44,high,7,True,0.1958,5.8041,True,1.5707,500,9,8.2775,132,22,11,20.0,67,65,False,701386,True,3,True,18,2019,21,12,True,True,34,1,False,True,other,0.1632,2.8433,414665,3.2533,14,8
3,False,46,low,9,False,0.254,5.6774,False,1.66,500,41,0.7622,137,22,7,20.0,70,48,False,353053,True,5,True,2,2023,17,14,True,False,36,1,True,False,other,0.2117,8.3807,667764,4.9587,25,5
0,True,44,low,11,True,0.1432,3.7109,True,1.481,453,16,9.3116,150,25,6,20.0,42,47,False,100873,False,5,True,8,2023,20,8,True,False,32,3,True,True,canvas,0.179,2.9054,235098,4.9795,30,20
60,True,46,low,8,True,0.1443,3.82,False,2.0266,500,16,6.6647,127,27,3,20.0,61,48,True,3280,False,1,True,15,2023,21,11,True,False,33,1,False,False,canvas,0.1804,6.7658,765561,7.2579,6,25
40,True,44,medium,10,False,0.1443,2.8373,False,1.9396,496,34,2.7657,150,28,6,20.0,53,61,False,806030,True,3,False,14,2002,17,11,True,True,34,3,False,False,canvas,0.1804,4.4523,840762,9.8054,14,20
44,False,47,high,10,False,0.1534,3.8241,True,1.9913,500,31,0.314,136,22,4,20.0,51,50,False,593119,False,9,True,5,2023,14,13,True,False,31,1,False,True,canvas,0.1917,5.5946,126212,9.7603,50,13
8,False,46,medium,7,False,0.1932,0.3529,False,1.7646,500,35,3.2793,150,25,8,20.0,49,50,True,727037,False,8,False,0,1954,17,11,True,True,36,2,False,True,other,0.161,5.1126,259884,5.2279,50,7
5,False,43,medium,10,True,0.2291,2.8345,False,1.5641,461,20,1.2467,139,34,11,20.0,44,51,False,594183,True,10,False,32,1900,21,14,True,True,35,3,True,False,other,0.1909,4.6657,596881,9.6038,50,7
42,True,48,low,14,False,0.1445,5.8746,False,1.8678,488,31,5.0035,128,29,7,20.0,61,55,False,163261,True,6,True,44,1936,18,16,True,True,39,1,True,False,metal,0.1806,5.8998,875068,5.967,41,13
56,False,45,low,12,True,0.2303,2.7394,True,1.6394,499,4,6.4033,150,25,5,20.0,50,51,True,763449,True,7,False,16,1917,22,13,True,True,36,2,False,False,other,0.1919,3.7512,730681,9.654,49,4
7,False,46,low,11,False,0.1584,5.8937,False,2.192,473,19,1.901,145,27,7,20.0,55,76,True,229681,True,9,True,18,2023,18,14,True,True,38,1,True,True,canvas,0.198,1.984,845290,5.5443,50,16
26,True,46,high,8,True,0.2036,3.8424,False,1.844,485,31,2.5023,136,30,8,20.0,59,50,False,729062,False,8,True,11,2022,22,14,,True,35,2,False,False,other,0.1697,2.9156,329251,4.4702,50,11
31,False,48,medium,9,True,0.2307,3.6432,True,1.3873,468,30,10.0,139,36,5,20.0,54,41,False,345240,False,2,True,2,2023,20,13,True,False,30,1,False,True,other,0.1923,9.6224,555814,6.6891,4,17
2,True,42,medium,8,True,0.2538,2.7603,True,1.5396,475,12,4.9619,147,26,6,20.0,48,57,True,186159,True,3,False,16,1989,23,13,True,False,37,1,False,False,other,0.2115,2.7578,816745,2.0741,14,26
21,False,46,low,5,True,0.1523,0.7879,True,1.6564,478,43,2.1432,141,32,8,20.0,65,53,True,465454,False,2,False,37,2023,23,12,True,True,36,1,False,True,canvas,0.1903,2.6178,637710,3.2683,4,10
46,True,45,medium,10,False,0.2109,3.8934,True,1.8372,500,40,8.9048,150,31,8,20.0,69,36,False,576956,False,5,True,36,1900,16,14,True,True,34,2,True,False,other,0.1757,9.371,192073,4.8571,30,27
24,False,47,medium,10,False,0.1543,3.7214,False,1.1507,457,23,10.0,136,31,5,20.0,54,50,True,822882,False,6,True,37,2023,16,8,True,True,32,2,False,True,metal,0.1928,8.3089,987942,5.829,36,28
56,True,48,high,5,True,0.2435,2.7947,False,1.5532,462,28,4.5268,150,24,5,20.0,37,63,True,56403,True,7,False,16,2023,23,14,,False,39,1,False,False,other,0.2029,3.1619,73382,1.4921,50,22
24,False,46,medium,17,False,0.1504,5.8198,False,1.4496,459,43,7.8576,148,25,12,20.0,44,46,False,521857,True,5,True,41,2012,14,13,True,True,31,3,True,False,plastic,0.188,7.0683,532359,3.8661,25,22
57,True,44,low,7,False,0.1492,0.8279,True,1.9648,487,24,6.1269,149,21,6,20.0,59,61,True,872156,False,6,False,23,2023,14,9,True,True,28,3,False,False,plastic,0.1865,2.4659,274619,5.4069,41,0
45,True,50,low,11,True,0.1422,3.855,False,1.7587,473,2,5.3871,142,29,4,20.0,39,48,True,956195,False,5,True,46,2023,20,14,True,True,31,1,True,False,plastic,0.1777,9.3308,707961,5.1088,30,29
41,False,49,low,11,True,0.1608,5.7997,False,1.6608,491,32,2.5393,150,28,1,20.0,48,53,False,171840,True,8,True,44,2023,21,14,True,True,35,1,False,True,wood,0.201,5.411,400913,7.2879,50,4
7,True,46,medium,10,True,0.1712,0.8726,True,2.0483,500,21,1.4487,148,25,7,20.0,54,40,True,831883,False,1,False,20,2023,24,8,True,True,39,4,False,True,metal,0.214,2.3129,871742,5.2375,6,8
14,False,41,low,13,True,0.1315,3.5031,False,1.1344,476,31,5.5668,147,24,3,20.0,67,53,True,701784,False,9,True,1,1904,21,13,True,False,35,2,False,True,wood,0.1644,7.1783,712869,9.3299,50,1
42,True,47,medium,13,True,0.1518,5.7439,True,1.506,478,39,3.5877,135,38,4,20.0,61,59,True,102056,True,8,True,13,2023,23,15,,True,38,2,False,False,wood,0.1898,6.348,227946,0.9942,50,24
16,True,45,medium,7,True,0.23,5.8008,True,1.8507,500,2,8.6951,145,30,10,20.0,38,51,False,443464,True,5,True,11,1908,21,12,True,True,34,2,False,False,other,0.1916,8.4666,463248,5.3884,30,18
39,True,50,medium,9,True,0.1525,0.7977,False,1.7748,500,44,8.6982,150,28,8,20.0,55,54,False,963837,False,3,False,13,2006,22,12,True,False,36,1,False,True,metal,0.1906,4.8694,660404,8.526,14,25
58,False,48,low,12,False,0.1497,5.8365,True,1.6827,460,9,2.8469,147,31,11,20.0,49,46,True,423171,True,7,True,44,1998,16,17,True,True,34,2,True,True,metal,0.1872,6.4045,33729,9.0783,49,4
52,True,42,low,8,True,0.171,5.8636,False,2.0031,500,47,0.6813,140,28,7,20.0,47,57,True,193576,True,4,True,42,1994,25,12,True,False,40,2,False,True,canvas,0.2137,9.2147,521831,5.0776,21,28
49,True,48,medium,7,True,0.1551,5.737,True,1.3367,449,45,4.372,149,24,2,20.0,55,58,True,795831,True,1,True,12,2023,21,12,True,False,33,3,True,False,canvas,0.1938,2.6384,318078,3.5752,6,17
40,False,48,high,9,False,0.1197,5.7485,False,1.6691,493,37,8.455,147,27,5,20.0,49,51,False,309335,True,8,True,1,2023,15,10,True,True,30,3,True,False,plastic,0.1497,7.6233,159999,2.606,50,11
58,False,47,low,9,True,0.1575,2.8346,False,1.6848,492,27,1.9007,138,32,7,20.0,60,55,False,474816,True,9,False,42,2023,21,15,True,False,34,2,True,False,plastic,0.1969,6.2311,226214,1.8807,50,21
13,False,47,low,9,True,0.1599,3.8999,True,2.141,468,46,4.3051,133,26,10,20.0,47,57,True,352278,,1,True,50,1995,20,15,True,True,30,3,False,False,canvas,0.1999,4.877,823272,6.7366,1,12
23,True,50,low,7,True,0.1439,3.7271,False,1.2077,463,32,1.0403,143,26,9,20.0,59,61,False,307608,False,3,True,33,1953,22,9,True,True,35,1,True,False,canvas,0.1799,7.9156,175278,2.5116,14,19
1,False,50,low,8,True,0.2386,3.7215,False,1.6514,469,11,7.6146,150,31,7,20.0,53,49,True,513685,False,1,True,11,2023,22,14,True,False,37,1,False,True,other,0.1988,7.4288,935164,0.9784,1,24
4,True,45,high,4,False,0.1513,2.8233,False,1.5078,490,8,3.0026,136,23,5,20.0,60,62,True,773683,True,1,False,34,1979,14,18,True,True,30,2,False,True,metal,0.1891,1.0,232207,5.3642,6,19
46,False,41,high,11,True,0.1515,3.9309,True,2.0691,491,18,1.4544,148,25,9,20.0,60,55,False,285026,,6,True,30,2023,21,14,True,True,33,2,False,True,canvas,0.1894,9.7061,650513,5.009,36,6
52,False,50,medium,10,True,0.1374,3.8475,True,1.5881,483,32,0.9277,144,25,14,20.0,52,62,False,631265,False,8,True,40,2023,24,12,True,False,40,3,True,True,metal,0.1717,5.2625,727647,7.6282,50,15
42,True,41,high,8,True,0.1326,5.9223,True,1.7384,499,38,4.7114,136,32,6,20.0,48,48,True,765520,True,3,,48,1997,19,11,True,False,28,1,True,True,plastic,0.1658,3.747,909792,9.0029,14,14
47,False,45,high,11,True,0.1522,5.8874,False,1.7757,500,7,0.78,133,22,7,20.0,51,58,True,764226,True,4,True,21,2023,22,14,True,False,37,3,True,False,wood,0.1902,3.7059,873962,7.8228,16,13
55,False,45,medium,6,False,0.2148,0.739,True,1.6212,500,9,5.4614,145,31,8,20.0,43,64,True,520551,False,8,False,7,2023,17,12,True,False,36,2,False,True,other,0.179,8.1716,846734,6.202,50,23
0,True,43,medium,9,False,0.16,0.864,True,1.6706,466,35,0.0,150,39,5,20.0,46,60,True,121118,False,2,False,41,1900,14,14,True,False,31,2,True,True,canvas,0.1999,1.8364,192578,0.5345,9,13
0,True,49,high,10,True,0.2294,2.8291,False,1.7253,500,12,5.3101,148,32,10,20.0,59,61,True,422300,True,3,False,15,1954,18,11,True,False,29,1,False,False,other,0.1912,5.5763,703475,7.5058,14,13
30,False,44,medium,10,False,0.1519,2.89,True,1.7606,463,35,9.9081,150,24,5,20.0,43,61,True,802030,True,7,False,46,1900,18,13,True,False,38,1,True,False,metal,0.1898,2.2296,31069,2.2879,49,5
40,False,45,medium,7,True,0.2543,2.7972,False,1.5163,500,7,7.171,142,33,7,20.0,60,48,True,490692,True,7,False,38,1909,20,13,True,True,31,2,False,False,other,0.2119,3.0028,904728,4.134,49,27
53,True,44,low,7,False,0.2327,5.793,False,1.5528,462,46,0.7901,150,18,4,20.0,36,52,True,948516,,5,,32,2023,17,9,True,True,36,2,True,True,other,0.1939,4.8119,932783,2.9034,30,5
11,True,44,high,9,True,0.1313,0.8541,True,1.6408,500,25,8.6314,134,11,1,20.0,49,67,False,194096,False,4,False,37,1994,21,12,True,True,34,3,False,True,metal,0.1642,7.7268,391677,7.2288,21,17
4,True,43,low,9,True,0.1557,3.851,True,2.0802,487,9,4.6888,149,31,11,20.0,55,51,True,99408,False,4,True,24,2023,21,12,True,False,35,1,False,True,metal,0.1946,9.5009,827672,2.6378,21,11
17,True,41,high,8,False,0.1412,0.8392,True,1.3737,483,2,6.1506,136,28,8,20.0,53,65,False,282343,False,5,False,39,1900,19,12,True,False,39,1,True,False,canvas,0.1765,5.0562,317492,8.8842,30,23
54,False,41,high,8,True,0.154,0.8373,True,1.6451,500,32,1.3392,145,31,3,20.0,61,58,True,122813,False,10,False,13,1900,22,12,True,False,37,1,True,False,canvas,0.1924,5.1759,540394,8.5934,50,28
33,False,46,low,10,False,0.1556,3.8603,False,1.8893,500,2,2.2995,140,25,10,20.0,68,54,True,518839,False,10,True,31,1989,16,11,True,True,32,3,True,False,wood,0.1946,3.5283,466460,9.551,50,27
6,True,43,medium,8,False,0.127,2.8871,False,2.1888,500,4,9.6568,139,31,9,20.0,46,63,True,532855,True,3,False,15,2023,18,10,True,True,37,1,False,True,plastic,0.1587,2.8017,624840,8.8276,14,24
11,False,45,medium,9,True,0.1657,3.8597,True,1.5985,470,13,3.9433,150,25,9,20.0,39,47,True,510861,False,9,,49,2023,22,13,,False,35,2,True,False,plastic,0.2072,5.9395,451697,3.1323,50,24
5,False,46,high,9,True,0.1491,2.9082,False,1.9402,500,42,7.9472,144,34,6,20.0,43,67,False,898034,True,4,False,33,2023,25,10,True,False,40,1,False,False,metal,0.1864,3.4422,183674,5.8381,16,25
1,False,42,medium,13,True,0.2364,2.7737,False,1.5659,500,17,2.7854,145,24,6,20.0,63,63,False,73064,,3,False,19,2023,23,11,True,False,36,2,False,True,other,0.197,2.2555,956381,8.5453,9,2
8,True,45,high,12,True,0.1594,5.8427,True,1.6362,494,47,5.1547,150,38,4,20.0,60,61,True,180954,True,9,True,29,1999,20,15,True,False,32,3,False,True,plastic,0.1993,8.1235,796904,9.1974,50,14
27,False,41,high,12,True,0.1272,0.8616,False,1.5414,473,4,6.2414,135,30,9,20.0,44,44,False,0,False,6,False,32,2023,23,17,True,True,38,1,True,True,canvas,0.159,8.6074,53756,0.3662,36,0
39,True,45,medium,13,False,0.145,2.8578,False,1.7952,460,7,5.6938,150,28,8,20.0,49,59,True,854257,True,1,False,43,2023,17,13,True,True,34,3,False,True,canvas,0.1813,1.7999,302792,0.0,6,18
8,True,44,medium,7,False,0.163,2.8495,True,1.8697,500,24,7.5701,150,21,13,20.0,55,63,True,483953,True,3,,26,2003,13,11,True,False,29,2,False,True,wood,0.2037,7.262,784571,2.8943,14,17
36,True,44,low,9,False,0.2233,0.7851,False,1.4831,500,49,4.0919,150,32,9,20.0,41,61,True,679765,False,2,False,35,1959,18,13,True,False,38,2,True,True,other,0.1861,9.2722,160420,2.6675,9,22
27,False,44,medium,7,True,0.2182,0.8584,False,1.8291,493,18,7.5435,148,30,4,20.0,31,49,False,472990,False,5,False,38,2023,23,13,True,True,36,1,False,True,other,0.1818,5.5241,941093,3.699,25,14
28,True,49,low,10,True,0.1446,5.771,True,1.5859,454,26,7.1361,150,23,10,20.0,47,57,False,603775,True,8,True,34,2020,19,13,True,False,29,2,False,False,metal,0.1807,5.008,725040,2.0172,50,22
28,True,49,high,7,True,0.1567,3.9109,True,1.9771,484,19,2.7985,142,25,8,20.0,65,61,True,825940,False,8,True,30,2010,19,12,,True,28,4,False,True,metal,0.1959,4.6692,904142,8.9143,50,5
47,False,43,low,6,True,0.2005,2.8143,True,1.8669,500,9,8.6098,150,28,7,20.0,49,46,False,982736,True,8,,27,2023,21,13,True,True,34,3,False,False,other,0.1671,3.3641,957521,8.4324,50,19
46,True,45,high,11,True,0.1233,5.8152,False,1.4673,479,29,3.7107,141,30,11,20.0,43,47,True,230058,True,9,True,33,2023,21,11,True,True,33,2,False,True,wood,0.1541,5.4981,374716,4.6485,50,1
39,False,39,low,6,True,0.2178,5.8012,True,1.7594,470,43,6.5912,143,25,8,20.0,58,47,False,397245,True,1,True,16,2023,26,12,True,True,42,1,True,False,other,0.1815,2.7675,270773,3.6052,1,27
54,False,44,medium,10,True,0.2257,3.8181,True,1.8283,500,12,5.7994,142,30,8,20.0,59,54,True,835287,False,6,True,17,2023,20,11,True,False,33,2,False,False,other,0.188,6.5006,661573,0.4564,36,11
16,True,47,medium,12,True,0.1463,0.8045,False,1.6958,500,28,7.7385,134,22,10,20.0,47,56,False,884011,False,8,False,21,1900,20,12,True,True,33,2,False,False,wood,0.1829,1.8638,301023,6.1789,50,5
53,True,42,high,7,True,0.1375,3.9181,False,1.9821,481,15,1.0329,127,26,9,20.0,38,40,True,507466,False,5,,18,2017,24,13,True,True,39,1,True,True,metal,0.1718,5.8159,16582,2.8323,30,17
20,False,43,medium,14,True,0.1987,0.7732,True,1.4308,500,46,0.385,150,27,6,20.0,60,56,False,225000,False,6,False,35,2023,24,11,True,True,39,1,False,False,other,0.1656,2.1467,549529,7.1823,36,25
56,True,41,medium,7,True,0.2501,0.8324,False,1.6926,500,15,3.974,136,26,4,20.0,42,55,False,368974,False,9,False,39,2023,23,11,True,True,38,1,False,False,other,0.2084,1.245,391000,3.0972,50,25
57,True,47,high,10,False,0.1704,3.8702,False,1.5618,469,5,4.8615,150,19,8,20.0,38,70,True,412910,False,6,True,34,1917,17,14,True,False,35,1,True,True,plastic,0.213,2.4903,271141,10.0,41,23
54,True,40,low,11,False,0.1607,2.8054,False,1.5333,497,29,5.6891,142,38,6,20.0,49,56,False,804037,,7,False,42,1988,14,13,True,False,28,3,True,True,metal,0.2009,10.0,672848,9.0538,50,30
40,True,45,low,7,False,0.148,5.5769,False,1.1016,471,17,8.8752,137,23,6,20.0,49,59,False,76915,True,6,True,5,1971,20,13,True,True,40,2,False,False,metal,0.185,7.8333,496329,3.0962,41,29
34,True,47,medium,7,False,0.1591,2.814,False,1.5762,473,26,3.8943,135,37,10,20.0,49,61,True,73099,True,3,False,43,2023,17,12,True,False,34,1,False,False,plastic,0.1988,7.037,619934,6.3323,14,28
20,True,40,medium,8,False,0.1696,0.9358,True,1.9896,500,38,1.9071,147,27,4,20.0,34,51,True,778169,False,6,False,45,2023,16,14,True,False,35,1,True,True,plastic,0.212,8.3031,726198,9.4144,41,24
23,False,45,medium,8,False,0.1453,5.8303,False,1.7933,483,5,5.7538,141,24,8,20.0,61,52,False,149851,True,2,True,26,2023,16,16,True,False,35,2,False,False,plastic,0.1816,5.6541,725949,5.3985,4,17
58,False,44,high,7,False,0.149,6.0225,False,2.272,499,49,4.7496,139,24,7,20.0,44,70,False,276511,True,5,True,41,2023,13,14,True,True,29,1,True,False,canvas,0.1863,6.5338,327603,2.6402,25,23
28,True,48,low,14,False,0.2316,3.8411,False,1.7426,500,27,7.4702,136,18,4,20.0,45,48,False,774642,False,8,True,37,2023,15,13,True,True,33,3,True,False,other,0.193,2.8161,825218,7.3669,50,7
33,True,47,low,10,True,0.1454,3.7024,True,1.7849,451,22,0.1326,136,26,8,20.0,55,58,True,588309,False,6,True,4,1971,21,17,,False,33,3,False,True,canvas,0.1817,1.6827,843333,7.0483,41,26
3,True,43,medium,9,True,0.1343,0.7644,True,1.7487,486,24,4.2755,150,24,7,20.0,42,49,True,717881,False,10,False,9,2006,21,19,True,False,32,1,False,False,wood,0.1679,1.0829,903082,5.1203,50,28
19,False,44,medium,14,False,0.1325,2.759,False,1.4573,490,25,5.9738,150,27,7,20.0,45,51,True,527133,,5,False,22,1900,16,14,True,False,35,2,False,False,wood,0.1656,9.8439,477662,3.1532,25,13
26,False,46,medium,8,True,0.168,0.8496,False,1.8614,475,14,7.1801,136,24,6,20.0,48,48,True,861922,False,7,False,14,1900,25,13,True,False,40,1,True,False,metal,0.2099,3.2045,296706,8.0268,49,16
44,True,43,medium,7,False,0.1629,2.8055,True,1.3275,466,19,1.2733,142,29,3,20.0,43,53,True,639714,True,9,False,49,2023,19,12,True,True,39,3,True,True,wood,0.2037,2.4924,626398,4.581,50,20
2,False,46,high,2,True,0.1437,5.8488,False,1.549,500,27,4.2417,145,36,6,20.0,50,67,False,608247,True,5,True,23,2023,25,11,True,False,41,1,True,False,metal,0.1796,5.177,869158,3.9274,25,18
22,False,43,high,7,True,0.1662,2.755,False,1.3398,494,20,2.8089,147,25,9,20.0,47,72,True,864405,,7,False,16,2023,23,16,True,True,37,2,False,True,canvas,0.2078,7.4692,961694,0.9203,49,21
56,True,46,low,9,True,0.159,5.7089,False,1.6776,500,35,8.359,147,31,2,20.0,57,43,False,413581,,3,True,6,2023,21,16,True,False,35,1,False,True,wood,0.1988,8.9148,952249,3.2574,14,13
8,True,44,high,8,True,0.2184,3.7021,True,1.1842,491,22,0.4379,150,24,6,20.0,57,67,True,394334,,2,True,12,2023,24,13,True,False,39,2,False,False,other,0.182,5.7632,738068,9.7576,9,20
37,False,43,medium,2,True,0.1492,5.7603,False,1.7611,500,14,9.0655,142,22,8,20.0,50,52,False,895645,True,4,True,6,2023,20,11,True,False,32,2,False,False,metal,0.1864,9.2948,496957,8.9892,16,17
14,True,47,high,11,False,0.1469,0.8519,False,1.7714,461,0,6.9414,146,33,8,20.0,41,74,False,21883,False,8,False,20,2023,18,13,,True,38,2,False,False,plastic,0.1836,4.5084,868732,4.8,50,14
7,False,45,medium,10,True,0.2286,3.8408,False,1.7161,500,18,4.2322,140,29,9,20.0,53,66,True,963490,False,3,,20,1999,23,12,True,False,36,3,True,False,other,0.1905,6.4569,302779,8.2034,9,0
19,True,46,high,10,True,0.2646,2.919,True,1.792,500,12,2.8598,150,26,5,20.0,53,73,False,516584,True,3,False,37,2017,23,12,True,False,36,3,True,True,other,0.2205,9.3551,375860,5.6541,14,22
13,False,50,medium,8,True,0.2181,2.8024,False,1.5241,441,4,3.314,150,36,6,20.0,30,46,False,505586,True,2,False,42,1960,23,14,True,True,38,2,False,False,other,0.1818,6.7141,257802,9.4734,4,27
29,False,43,medium,8,True,0.1537,5.7915,False,1.3024,500,7,8.8648,150,26,7,20.0,66,50,True,762990,True,6,True,40,2021,23,11,True,True,39,3,True,False,metal,0.1922,7.0625,139267,4.6423,36,15
48,True,44,low,8,False,0.1628,2.7652,True,1.557,500,43,1.8412,146,15,9,20.0,51,62,True,580187,True,5,False,34,1900,14,14,True,False,31,2,False,True,plastic,0.2035,9.2942,504939,4.7156,30,20
48,False,43,high,10,True,0.1561,5.8975,False,1.7134,474,46,6.586,150,32,7,20.0,61,62,True,802095,True,6,True,32,1978,19,13,True,False,30,1,True,False,wood,0.1952,5.2957,1000000,0.4643,36,27
14,False,45,high,9,True,0.2147,2.8053,True,1.4851,494,26,0.0208,149,27,7,20.0,54,47,False,356169,True,9,False,26,2023,24,17,True,True,38,2,False,False,other,0.1789,4.0185,655748,4.4399,50,2
18,False,47,medium,10,True,0.1288,0.9749,False,2.1902,471,5,9.5954,150,21,10,20.0,53,43,True,518585,False,1,False,44,2023,23,13,True,True,39,1,True,False,metal,0.161,7.0147,223629,9.8463,1,25
14,True,43,high,13,True,0.2391,3.8961,False,1.8376,500,44,7.5906,143,27,8,20.0,73,41,True,487141,False,2,True,39,2023,22,13,True,True,37,2,False,False,other,0.1992,5.1162,383792,7.3944,9,22
1,True,43,high,6,True,0.1504,5.9691,True,2.0231,465,32,4.3306,148,24,10,20.0,62,64,True,456620,True,2,True,40,1957,23,13,True,True,37,3,True,False,canvas,0.188,7.3099,276448,6.8759,9,9
52,False,46,high,12,False,0.1484,5.9071,False,1.7396,489,30,7.4639,149,24,5,20.0,54,62,False,488755,True,9,True,35,1984,15,11,True,True,30,1,True,True,canvas,0.1855,7.1529,482782,7.1235,50,18
54,True,43,high,12,False,0.1684,5.8204,True,1.6819,500,39,7.9224,141,29,6,20.0,64,38,True,651699,True,1,True,7,2023,15,13,True,False,30,1,True,True,metal,0.2105,3.3985,834391,0.8063,6,19
14,False,43,medium,12,False,0.1655,5.7078,True,1.0337,500,43,8.959,137,27,7,20.0,57,63,True,229839,True,4,True,44,2009,20,13,,True,40,3,False,True,wood,0.2069,7.0592,140360,8.0757,16,23
39,True,47,low,10,True,0.1457,0.817,True,1.7472,499,46,3.0176,140,31,10,20.0,39,60,True,976735,False,2,False,23,2023,23,9,True,False,36,3,True,False,metal,0.1822,6.455,659887,0.4233,9,20
22,True,44,medium,9,True,0.1551,3.8556,True,1.802,467,20,2.6304,141,30,10,20.0,45,47,True,864315,,6,True,20,2023,22,11,True,True,36,2,True,False,canvas,0.1939,4.4294,150755,2.0717,41,6
7,False,45,high,9,False,0.2023,2.9415,True,2.1388,457,21,1.2285,148,34,7,20.0,34,67,True,451430,True,9,False,28,2010,17,16,True,False,37,2,False,False,other,0.1686,5.4452,529953,10.0,50,12
59,False,45,medium,11,False,0.1333,3.7407,False,1.4568,500,22,7.1414,148,21,5,20.0,57,45,False,146714,False,7,True,16,2023,18,12,True,False,37,3,False,True,canvas,0.1667,1.3254,913899,8.9819,49,4
15,False,46,low,10,False,0.1523,2.9151,False,2.2922,500,16,1.8183,133,37,7,20.0,61,55,True,615846,True,5,False,37,1945,13,14,True,False,29,3,False,False,metal,0.1903,4.3013,167667,1.4151,25,1
27,False,47,low,9,False,0.1484,2.7533,True,1.4703,459,11,2.0478,144,30,10,20.0,67,71,True,883307,True,2,False,38,2023,16,15,True,False,33,1,False,True,metal,0.1855,2.7993,283668,5.3955,4,7
39,False,44,low,10,True,0.1494,5.8311,True,1.7871,491,13,4.4219,145,28,9,20.0,43,58,False,642548,True,4,True,25,1954,23,14,True,False,36,1,True,True,canvas,0.1868,1.0,479666,6.7139,16,22
4,True,48,high,9,False,0.1721,5.954,False,2.2594,500,26,4.3141,137,22,6,20.0,59,65,False,732633,True,3,True,23,2023,15,10,True,False,32,1,False,True,canvas,0.2151,1.471,325713,7.7261,14,29
7,False,43,low,10,False,0.1486,3.7903,True,1.9497,500,50,7.2737,150,25,7,20.0,47,66,True,275842,False,10,,5,2023,16,14,True,True,34,2,True,True,wood,0.1857,5.7818,381126,9.7408,50,13
47,False,50,high,9,False,0.1414,5.2748,False,1.3738,495,41,0.2325,144,33,5,20.0,65,56,True,986917,True,8,True,1,1983,17,13,True,False,36,2,True,False,metal,0.1767,4.7312,238528,2.0764,50,3
44,True,45,medium,4,True,0.153,5.7561,False,1.504,487,42,2.0513,146,32,9,20.0,51,55,True,654604,True,3,True,9,1976,23,11,True,True,36,3,True,True,metal,0.1913,2.2667,9361,7.5162,14,23
56,False,43,high,11,True,0.1736,3.9147,True,1.9374,500,38,2.9327,139,18,6,20.0,46,56,True,375354,False,2,True,18,2023,21,9,True,True,34,1,True,True,metal,0.217,6.7485,763810,0.1852,4,4
43,False,43,low,5,False,0.1585,5.7873,False,1.4366,500,0,0.6145,141,26,5,20.0,49,48,False,338447,True,4,True,43,2023,17,13,True,True,35,1,True,False,canvas,0.1982,9.8352,86094,1.2414,16,1
1,False,47,high,5,False,0.1458,3.8496,False,1.5869,455,28,1.1579,150,19,6,20.0,59,45,False,680491,False,8,True,42,2023,19,15,True,True,41,3,False,False,plastic,0.1823,1.7316,879978,2.5854,50,17
40,False,46,high,9,True,0.1613,2.9288,True,1.8345,500,37,6.3703,150,38,12,20.0,52,57,False,93728,True,1,False,38,2001,22,10,True,False,36,2,True,True,canvas,0.2016,8.1739,600415,4.8186,1,4
6,True,45,high,9,False,0.1592,3.0068,True,2.2116,500,12,5.4056,147,21,4,20.0,46,67,True,64152,True,6,False,39,2023,19,13,True,False,40,3,True,False,metal,0.199,7.4021,218777,6.6421,41,22
8,False,45,high,9,True,0.1416,2.8175,False,1.5276,500,28,5.5093,142,31,9,20.0,43,56,True,370183,True,8,,27,2023,21,12,True,True,35,3,False,True,metal,0.177,8.9026,516767,4.5179,50,0
49,False,43,medium,5,False,0.1501,2.887,True,1.9035,500,15,1.218,150,26,9,20.0,36,65,True,457147,,4,False,26,1959,16,13,True,False,35,2,True,True,wood,0.1876,2.5798,846673,0.563,16,10
8,False,49,medium,11,True,0.147,3.976,True,2.2944,460,40,2.5772,138,38,3,20.0,42,64,False,572529,False,8,True,30,2023,18,12,True,True,28,1,True,True,canvas,0.1837,5.8599,512365,8.7767,50,15
31,False,42,high,12,True,0.1462,2.9395,False,2.0362,477,4,0.6847,141,30,7,20.0,51,48,True,902548,True,4,False,41,2002,22,7,True,False,36,2,False,False,wood,0.1827,5.5799,569168,5.9914,16,24
4,True,48,high,9,False,0.1287,2.9629,True,1.9361,474,37,7.5845,143,30,8,20.0,59,50,False,809430,True,7,False,50,1940,17,13,True,True,37,2,True,True,plastic,0.1609,5.8012,209393,1.7865,50,19
11,True,45,low,10,True,0.2289,2.5109,False,0.726,456,40,8.0429,140,25,8,20.0,55,56,False,678704,True,6,False,4,2014,20,17,True,False,31,3,True,True,other,0.1907,3.1629,126697,2.9866,41,6
15,True,49,high,11,True,0.1531,2.9007,True,1.9437,438,35,9.1672,149,35,8,20.0,63,51,False,108266,,4,False,26,1948,21,13,True,True,35,1,False,False,metal,0.1914,6.8725,15377,8.4238,21,5
49,True,45,low,5,False,0.1667,5.8496,False,2.268,462,2,2.583,150,26,9,20.0,47,51,True,758522,True,2,True,11,2023,17,13,True,False,37,2,False,False,wood,0.2084,1.13,773639,2.889,9,27
30,True,46,medium,11,True,0.1522,0.9001,True,2.0006,494,4,9.6508,150,16,6,20.0,52,57,False,56129,False,3,False,43,2023,21,14,True,False,33,1,False,False,metal,0.1902,2.442,83483,5.253,14,20
51,True,42,medium,8,False,0.1432,2.8022,False,1.5057,500,0,5.3352,149,37,8,20.0,47,55,True,10588,True,6,False,44,2023,14,8,True,False,29,3,False,True,plastic,0.179,5.0876,934568,7.2948,41,1
14,False,46,medium,11,False,0.1374,3.8223,False,1.6763,497,39,4.6442,145,39,4,20.0,54,60,False,957575,False,8,True,33,2023,14,16,,False,30,3,False,False,metal,0.1718,7.2412,947367,6.2735,50,1
0,False,44,high,9,False,0.1563,0.7883,True,1.3999,494,19,8.9156,139,29,7,20.0,50,54,True,661200,False,9,False,12,2023,16,14,True,False,35,2,True,True,wood,0.1954,6.8821,598911,1.2442,50,24
22,True,50,low,6,False,0.1642,3.6958,False,1.2169,500,44,0.2873,144,30,8,20.0,45,51,True,822470,False,4,,18,1932,17,13,True,True,36,3,True,False,metal,0.2053,4.2162,788520,7.6749,21,15
34,False,46,high,13,True,0.2447,2.8101,False,1.6306,441,34,4.9932,149,14,2,20.0,59,58,False,842981,True,3,False,7,2001,24,14,True,False,39,3,True,False,other,0.2039,3.7892,843098,1.1626,9,10
14,False,45,high,12,False,0.225,3.8195,True,1.4817,462,44,8.564,145,30,6,20.0,57,59,False,907787,False,4,True,34,1999,16,15,True,False,32,2,False,False,other,0.1875,6.8962,857579,1.5099,16,8
20,False,47,high,13,True,0.165,3.8842,True,1.605,500,41,5.4907,145,29,6,20.0,52,56,True,618355,False,6,True,37,1998,21,15,True,True,34,1,True,True,canvas,0.2063,9.2773,508580,6.3979,36,18
25,True,47,high,7,False,0.121,3.9301,False,2.1625,500,1,0.2855,145,29,6,20.0,50,53,True,369386,False,9,True,20,1969,17,12,True,True,34,2,False,True,wood,0.1512,8.2677,500977,1.5375,50,28
40,True,47,high,11,False,0.1972,5.9415,True,1.9184,475,26,1.8934,150,27,5,20.0,54,66,True,694299,,3,True,35,2023,17,14,True,False,34,1,True,True,other,0.1643,2.0986,77743,1.0094,14,10
36,True,43,low,7,False,0.1583,3.8772,False,2.1393,500,20,5.9468,141,26,10,20.0,45,45,False,0,False,6,True,16,2023,16,14,True,False,32,2,True,True,wood,0.1978,2.7869,785787,1.9783,41,26
29,False,44,low,10,True,0.2214,0.7261,False,1.6286,453,14,3.8123,146,29,4,20.0,36,77,True,379922,False,10,False,11,2023,25,14,True,True,40,3,False,True,other,0.1845,9.5417,359638,4.0973,50,15
36,False,44,high,11,True,0.1361,3.7165,False,1.3692,466,29,5.3358,143,32,8,20.0,45,49,False,733272,False,6,True,7,1917,19,13,True,True,31,1,False,True,metal,0.1701,3.8267,235884,2.8993,36,7
54,True,48,high,10,True,0.1476,2.8538,True,1.7276,500,32,4.9802,142,29,6,20.0,42,52,False,240856,,7,False,13,2023,25,15,True,False,40,1,True,False,plastic,0.1845,7.5691,24725,5.024,50,16
37,False,39,high,9,True,0.2232,3.9555,False,2.1843,453,42,9.1066,137,19,6,20.0,64,62,True,1000000,False,9,True,16,1971,22,14,True,False,35,1,True,True,other,0.186,7.4459,594264,9.7066,50,12
12,True,47,medium,12,False,0.1585,2.8745,False,1.7111,500,20,7.2815,149,27,5,20.0,43,59,True,238869,True,6,False,43,2023,18,11,True,False,36,3,True,True,canvas,0.1982,2.141,901413,5.659,41,8
51,True,49,medium,4,True,0.1674,0.7524,False,1.3058,500,19,8.285,147,35,2,20.0,56,63,False,950098,False,6,,36,2023,18,11,True,True,29,3,False,False,plastic,0.2093,5.2492,140466,4.4558,41,10
4,True,49,medium,11,True,0.1563,5.7751,True,1.874,496,24,5.7342,147,29,9,20.0,43,61,True,230420,True,9,True,5,2023,17,10,True,False,27,2,False,True,wood,0.1954,5.9277,925892,7.0454,50,5
54,True,46,low,9,True,0.1433,5.8986,True,1.9715,483,31,4.8691,150,28,11,20.0,58,64,False,855494,,9,True,48,2023,17,15,True,False,27,3,True,False,plastic,0.1791,6.4318,648817,2.6761,50,12
32,False,47,high,6,True,0.1628,2.9215,False,2.0144,480,4,4.7941,144,33,11,20.0,46,71,True,882200,True,6,False,31,2023,23,14,,False,39,1,False,True,metal,0.2035,8.5887,47169,0.0,36,27
39,True,46,low,10,True,0.156,5.7322,False,1.3461,489,18,9.5694,138,29,5,20.0,50,51,True,725592,True,3,True,41,2023,25,13,True,True,40,2,False,True,canvas,0.195,5.0856,127015,6.3619,14,23
38,True,46,low,6,False,0.1506,2.9145,True,2.3417,500,7,0.8208,150,27,9,20.0,47,50,True,948103,True,4,False,15,2023,17,12,True,True,35,2,True,False,wood,0.1882,8.9215,240805,3.0832,21,12
53,False,44,low,7,True,0.2588,2.7969,False,1.7894,489,39,1.8365,137,22,9,20.0,45,63,False,293990,True,1,False,13,1948,19,11,True,True,31,3,True,False,other,0.2157,8.6653,589484,3.18,1,27
26,False,48,medium,10,True,0.144,5.858,False,1.8078,500,0,3.0205,150,27,4,20.0,52,63,True,353151,True,6,True,40,2023,21,10,True,False,35,2,False,False,canvas,0.1799,2.1126,73414,7.41,36,24
22,False,43,low,12,True,0.1484,2.8453,True,1.791,500,30,8.2464,143,32,7,20.0,51,58,True,773527,True,1,False,34,2023,20,14,True,True,33,2,True,True,wood,0.1854,5.3086,409985,2.9981,1,0
30,True,43,low,10,True,0.1536,5.8198,True,1.9962,432,6,6.4406,134,29,11,20.0,57,42,False,164131,True,5,True,19,2023,20,14,True,True,30,1,False,True,canvas,0.192,6.1428,759485,9.9198,30,0
20,False,49,low,8,True,0.1548,0.8678,True,2.1441,477,23,5.7138,146,28,5,20.0,61,55,False,480358,False,6,False,26,2000,20,12,True,True,32,1,False,False,plastic,0.1935,7.0679,676052,0.0936,36,29
49,True,43,low,8,True,0.1555,5.683,False,1.5146,487,46,0.1046,145,33,6,20.0,51,61,False,716054,True,4,,5,1959,20,15,True,True,33,3,True,True,wood,0.1943,1.7347,589331,7.6934,21,13
2,False,42,medium,10,False,0.2218,2.7842,True,1.3996,419,29,5.4834,147,30,8,20.0,67,53,True,134795,True,7,False,48,1976,15,12,True,True,33,3,False,True,other,0.1849,7.3153,214634,5.1537,49,9
40,True,47,medium,12,True,0.1577,3.9184,False,2.2237,472,37,0.2964,132,32,9,20.0,55,57,False,868413,False,5,True,13,2023,22,10,True,True,34,2,True,True,metal,0.1972,2.8196,677079,5.8919,30,9
22,True,49,medium,13,True,0.2115,3.825,True,1.6757,500,8,5.8988,141,28,5,20.0,49,67,True,786701,False,2,True,17,1900,20,11,True,False,32,2,True,False,other,0.1763,2.3329,143831,4.8081,9,22
14,False,46,high,11,True,0.1476,3.9375,True,1.9289,500,17,8.6604,149,23,9,20.0,44,41,False,511449,False,8,True,29,1989,25,11,True,False,40,1,True,False,canvas,0.1844,2.585,67559,4.5115,50,29
41,False,44,low,9,False,0.1535,3.7794,False,1.712,499,28,4.2881,134,25,6,20.0,64,63,False,308907,False,3,True,24,2023,18,13,True,False,39,1,False,False,wood,0.1919,1.9473,897452,7.4288,9,13
41,True,47,low,8,True,0.1505,3.7803,False,2.0013,461,19,0.5851,148,30,9,20.0,36,66,False,92230,False,4,True,3,2023,23,12,,False,39,3,True,False,metal,0.1881,5.6277,39005,7.7022,21,26
13,False,45,medium,9,True,0.1619,3.9207,False,2.2352,497,4,9.2733,146,28,9,20.0,46,44,True,812054,,6,True,12,2023,22,13,True,False,34,2,True,True,plastic,0.2024,7.8349,170496,3.0574,36,2
47,True,43,low,13,True,0.2448,3.8578,True,2.0126,491,44,1.7767,140,30,6,20.0,34,59,False,569197,False,7,True,17,1946,20,14,True,False,32,2,True,False,other,0.204,6.0864,845425,3.0575,50,24
19,True,44,high,14,False,0.1559,5.8088,True,1.3824,448,43,5.8991,142,24,6,20.0,51,58,False,316767,True,3,True,20,1944,13,11,True,False,29,3,True,False,canvas,0.1949,6.5208,885658,1.9726,14,17
15,False,47,medium,9,True,0.1558,2.8832,True,1.9805,496,22,8.0424,141,28,5,20.0,53,50,False,443300,True,2,False,18,1900,16,10,True,True,25,3,True,True,wood,0.1947,5.8845,196775,0.434,4,5
37,True,42,low,9,False,0.2171,2.7723,True,1.9614,500,6,4.4813,140,23,5,20.0,45,42,False,899042,True,9,,7,1976,15,16,,True,31,2,False,True,other,0.1809,2.6651,484050,5.57,50,9
60,True,45,high,9,True,0.1394,0.8652,True,1.757,500,38,3.9418,150,33,6,20.0,62,56,True,43253,,5,False,30,1995,25,19,True,False,40,3,False,True,metal,0.1743,8.683,869601,5.9669,30,17
9,False,43,low,10,True,0.1518,0.6623,False,1.5841,498,1,1.1705,147,31,8,20.0,52,48,False,165029,False,7,False,1,1926,19,11,True,True,31,2,True,False,wood,0.1897,9.3565,293413,6.2245,49,11
10,True,44,low,16,True,0.2112,2.8153,True,1.6488,455,37,7.5256,142,25,6,20.0,54,51,False,98647,True,3,False,33,2011,23,14,True,False,36,3,True,True,other,0.176,4.4559,861681,0.7742,14,13
19,True,44,medium,9,False,0.1466,0.8538,True,1.7694,478,11,7.9822,136,24,6,20.0,55,59,True,529623,False,5,False,22,1900,17,11,True,True,34,2,True,False,metal,0.1832,4.4919,8229,9.343,30,10
11,False,41,low,10,True,0.1439,2.8421,True,1.9487,480,26,6.9054,145,24,8,20.0,48,55,True,642202,,8,False,17,1900,22,15,True,True,35,1,True,True,wood,0.1799,5.4747,643975,0.5499,50,1
18,True,50,high,7,False,0.1631,0.904,True,1.9984,500,38,1.2604,150,33,4,20.0,56,54,False,416245,False,3,False,25,1961,17,14,True,False,37,3,False,False,metal,0.2038,1.6202,354202,6.4675,14,14
30,True,48,medium,12,False,0.1495,2.6593,True,1.5694,490,19,1.4076,139,20,8,20.0,41,53,True,947090,True,9,False,1,1900,18,10,True,True,36,3,False,True,plastic,0.1869,4.1311,906670,2.469,50,28
32,False,45,high,12,False,0.1668,5.8685,False,1.7654,460,32,2.7622,141,28,9,20.0,34,50,True,281159,True,7,True,29,2023,17,15,True,True,35,4,False,True,canvas,0.2085,8.8734,0,4.2154,49,22
11,True,50,low,11,False,0.1492,5.8323,True,1.7496,496,48,8.8768,150,32,9,20.0,39,41,True,434951,True,2,True,32,1900,16,9,,False,34,3,True,False,wood,0.1865,8.9571,632746,3.512,9,23
17,True,42,low,8,True,0.145,0.7928,False,1.8111,493,34,4.0288,149,30,8,20.0,43,77,False,367331,False,2,False,11,1900,23,17,True,True,38,1,True,False,metal,0.1812,2.2073,74557,9.3045,9,26
52,False,40,high,11,True,0.1603,5.7773,True,1.4665,460,33,8.2111,142,28,5,20.0,48,41,True,355273,True,2,True,8,2023,22,10,True,False,37,1,True,True,wood,0.2004,4.6224,252438,0.7991,4,6
15,True,45,low,7,True,0.1498,2.8588,False,1.8898,500,23,4.5468,149,29,8,20.0,54,53,True,956515,,4,False,29,1900,23,8,True,True,38,2,True,False,plastic,0.1873,5.9046,483033,5.0149,21,4
58,True,40,high,13,True,0.1664,3.8901,False,1.8015,490,48,6.2911,140,27,9,20.0,35,56,True,987829,False,7,True,19,1941,22,12,True,True,34,1,True,False,plastic,0.208,1.7944,608452,2.5995,50,1
19,False,48,high,15,False,0.1689,0.9541,True,2.3502,500,18,10.0,150,22,6,20.0,46,61,True,724050,False,2,False,15,1926,14,14,True,True,28,2,False,True,plastic,0.2111,6.3189,85457,8.7564,4,22
26,True,45,low,10,False,0.2449,3.7755,True,1.3835,481,37,8.8684,146,28,8,20.0,62,52,True,389238,False,9,True,44,2023,17,12,True,True,37,2,True,True,other,0.2041,4.5987,0,1.5284,50,17
47,True,48,low,9,True,0.2018,3.7706,False,1.6997,500,45,1.2636,150,34,5,20.0,55,49,True,544083,False,1,True,10,1905,20,12,True,False,32,2,True,True,other,0.1681,9.4888,217638,0.8443,6,26
0,False,46,high,9,True,0.1216,2.8186,True,1.5824,493,17,3.4314,134,31,6,20.0,46,46,True,667977,,1,False,20,2023,23,13,True,True,37,3,False,False,wood,0.152,4.622,173107,8.7908,1,23
58,False,45,medium,7,True,0.1568,3.7556,True,1.7765,500,0,8.9371,140,28,11,20.0,44,63,True,268194,False,5,True,5,1928,20,13,True,False,32,3,False,False,plastic,0.196,1.2864,989187,8.6805,25,11
37,True,48,high,9,False,0.2301,2.9784,True,2.2024,481,22,3.9832,147,16,5,20.0,47,55,False,280348,True,9,False,47,2023,17,11,True,False,35,2,False,True,other,0.1918,1.8208,809045,8.6256,50,2
16,False,47,medium,9,False,0.1433,3.8377,True,1.6286,478,5,5.1492,149,27,10,20.0,58,52,False,0,False,8,True,27,2023,21,14,True,True,43,1,True,True,wood,0.1791,3.6488,692770,2.0085,50,18
5,True,44,high,8,True,0.1511,2.8242,False,1.7009,500,47,1.8084,150,33,9,20.0,60,49,False,40954,True,7,False,7,1912,23,13,,False,36,1,True,True,plastic,0.1889,4.6954,42114,0.3942,50,8
1,True,42,low,11,True,0.162,2.8016,True,1.7945,486,22,2.0263,150,30,6,20.0,56,55,False,689438,True,4,False,27,2023,22,13,True,False,34,3,False,True,wood,0.2025,9.3283,260410,4.7089,21,15
13,True,48,medium,12,False,0.138,2.865,False,1.9768,484,19,8.5995,132,24,7,20.0,52,55,False,238127,True,1,False,10,2023,16,14,True,True,33,3,True,True,plastic,0.1725,9.7298,932554,9.4042,6,25
4,False,43,high,8,False,0.1507,3.8084,False,1.3635,489,14,9.0964,147,29,6,20.0,50,63,True,577166,False,3,True,43,2023,14,12,True,False,31,1,False,True,metal,0.1884,7.2194,846505,3.2153,9,4
59,True,44,low,9,False,0.1555,2.6974,False,1.2323,498,29,9.4904,141,28,4,20.0,49,56,False,65715,True,7,False,33,1981,16,13,True,False,34,2,False,False,wood,0.1944,3.192,286113,8.6319,50,27
25,True,48,low,13,True,0.1661,0.8016,True,1.8785,474,0,7.2551,141,37,9,20.0,38,43,False,114876,False,4,False,11,1931,22,15,True,True,35,1,True,True,canvas,0.2077,1.521,707407,0.5105,21,7
5,True,44,high,11,False,0.2099,0.9088,True,1.8545,481,20,1.767,143,26,9,20.0,55,48,False,367972,False,2,False,47,1927,18,11,,True,36,3,False,False,other,0.1749,4.2182,500462,3.6571,9,4
28,False,48,medium,10,False,0.1401,2.863,False,1.804,500,22,6.3187,139,31,10,20.0,50,46,True,59502,True,3,,46,1948,15,14,True,True,32,3,False,True,plastic,0.1752,9.5958,214216,3.5418,9,20
2,True,43,high,7,False,0.2337,2.698,True,1.5894,471,50,0.2429,148,26,9,20.0,30,55,True,808698,True,9,False,2,2023,15,12,,True,30,3,False,True,other,0.1948,8.8614,925378,8.9021,50,16
42,False,46,high,10,False,0.137,0.9863,False,2.1218,451,29,8.1946,148,29,6,20.0,41,50,True,31648,False,7,False,38,2023,17,13,,True,35,1,True,True,wood,0.1713,4.4091,694958,9.1421,49,6
25,False,49,high,10,False,0.1392,3.8317,True,1.6169,439,32,8.7505,145,27,7,20.0,42,65,True,681149,False,3,True,13,1902,15,13,True,False,32,2,True,True,metal,0.1741,7.9467,273235,9.1109,9,14
29,False,48,high,5,False,0.1541,2.9737,True,2.1957,490,13,1.185,150,25,7,20.0,50,60,False,705254,True,5,False,21,1900,18,11,True,False,36,3,True,True,canvas,0.1926,8.0241,639348,6.5816,25,11
35,False,41,high,7,True,0.2343,2.8322,False,1.5753,484,13,6.9725,142,32,6,20.0,48,52,False,712218,True,6,False,30,2023,22,15,True,True,35,1,False,True,other,0.1952,8.2922,108342,1.0611,36,0
2,False,44,medium,12,True,0.1465,5.8891,False,1.9459,500,0,1.3742,133,31,9,20.0,55,47,False,558667,True,9,True,21,2023,21,13,True,False,32,3,True,True,metal,0.1831,6.6112,411684,1.9591,50,14
43,False,48,low,8,False,0.1393,2.7395,True,1.5123,500,13,3.4185,139,34,8,20.0,72,52,True,102397,True,8,False,24,1904,16,14,True,True,33,1,False,False,metal,0.1741,7.1296,398154,9.5958,50,16
38,False,47,medium,8,True,0.1527,3.7334,False,1.2987,500,8,8.8543,150,28,6,20.0,23,51,False,417377,False,8,True,25,2023,23,12,True,False,36,1,False,False,wood,0.1908,7.7038,355998,2.0562,50,18
23,True,48,high,8,False,0.1655,2.8824,True,1.8521,500,9,1.4377,150,36,14,20.0,59,50,True,762500,,5,False,13,1952,15,12,True,False,32,2,True,False,wood,0.2068,5.6288,412297,1.8728,30,17
1,False,45,high,9,True,0.1279,0.8489,True,1.608,493,0,8.9736,135,22,4,20.0,68,58,False,357242,False,6,False,37,1900,22,11,True,False,35,3,False,False,canvas,0.1599,5.4287,470251,8.3088,36,6
15,True,47,medium,13,True,0.1396,0.9074,True,1.9862,480,36,4.2222,150,24,4,20.0,53,58,True,926756,False,2,False,26,1933,22,9,True,True,36,2,True,False,metal,0.1745,9.6491,661088,1.0139,9,27
51,True,44,medium,3,True,0.1486,2.7406,True,1.8028,500,29,4.9649,136,29,8,20.0,50,67,False,560388,True,1,,2,1999,21,10,True,False,33,3,False,True,metal,0.1857,9.3473,183290,5.236,6,18
21,True,43,medium,10,True,0.1602,5.5593,True,0.8402,484,11,6.2497,150,19,8,20.0,55,38,True,688465,True,9,,5,2023,24,12,True,True,41,3,False,False,wood,0.2002,4.2118,319085,7.9807,50,5
1,True,46,high,10,True,0.129,5.9456,False,1.9182,499,48,8.9059,148,34,5,20.0,55,45,False,403524,True,2,True,39,1963,20,13,,False,32,3,True,False,metal,0.1612,2.1719,911312,6.8504,9,26
53,False,45,low,10,False,0.1464,2.7386,True,2.0379,500,33,5.7795,150,29,5,20.0,35,50,False,646378,True,1,False,2,1970,19,14,True,False,39,3,False,False,canvas,0.183,6.8447,150226,6.2959,1,17
37,True,45,medium,12,False,0.1526,0.8335,False,1.7248,461,22,6.944,149,23,7,20.0,57,64,False,491499,False,6,False,35,1963,21,12,True,False,42,3,False,False,wood,0.1907,5.9428,820629,6.8369,41,16
23,False,46,high,14,False,0.1629,2.967,False,1.9944,500,24,8.6241,143,29,4,20.0,58,65,True,627489,True,6,False,42,2023,18,11,True,True,36,3,True,True,plastic,0.2036,2.7484,654120,8.5216,36,14
24,False,46,low,9,False,0.2258,2.8625,True,1.9445,500,27,0.2548,147,29,8,20.0,47,56,True,176805,True,7,False,25,2023,15,13,True,True,30,3,True,True,other,0.1882,8.1741,270016,2.0768,49,24
47,True,47,medium,7,True,0.1476,2.9409,True,2.2104,500,43,1.7614,139,26,8,20.0,61,41,True,495899,True,6,False,43,1962,23,16,True,False,38,3,False,False,wood,0.1845,8.6929,978371,4.4879,41,23
23,True,44,high,8,False,0.2127,3.7894,True,1.2418,494,28,4.5347,150,39,4,20.0,59,58,False,666171,False,4,True,24,2023,16,9,True,False,35,2,True,False,other,0.1773,7.8381,560766,3.2246,21,22
35,True,47,high,2,False,0.1877,6.0483,True,2.5573,497,11,1.9089,139,24,8,20.0,48,49,False,467839,True,5,True,45,1900,17,14,True,False,34,3,False,True,other,0.1564,6.0168,0,6.9415,30,20
52,False,42,high,10,True,0.2302,5.8732,True,1.7106,473,30,9.5038,150,31,8,20.0,62,53,True,325409,True,4,True,41,1912,25,12,True,False,42,3,False,False,other,0.1918,3.5629,240425,9.3218,16,17
53,False,45,high,9,False,0.163,5.866,True,1.7005,486,20,3.0134,145,30,10,20.0,32,52,True,857529,,7,True,38,2014,17,15,,True,35,3,False,True,metal,0.2037,2.2232,944216,8.6657,49,21
43,False,50,high,5,False,0.1376,0.8765,True,1.7668,465,46,1.5116,149,35,9,20.0,53,50,True,1000000,,5,False,34,1944,15,12,True,True,33,1,False,True,wood,0.172,5.3363,523509,8.434,25,16
29,True,46,low,12,False,0.2159,5.7721,True,1.5912,471,44,3.9201,150,40,9,20.0,57,64,True,124203,True,5,True,35,1900,19,13,True,True,38,1,False,False,other,0.18,9.3082,176283,5.9918,30,13
37,True,46,high,9,False,0.2313,5.8424,True,1.9653,500,29,4.5314,150,30,11,20.0,58,56,False,869386,True,7,True,5,2023,16,10,True,True,35,1,True,False,other,0.1927,7.5279,945573,0.1139,50,19
22,True,48,medium,8,True,0.1691,0.8265,True,1.7845,486,8,3.1422,147,24,8,20.0,57,56,True,779079,False,1,False,12,2023,22,12,,True,36,2,True,False,plastic,0.2114,7.4846,148260,0.6157,6,15
