mandatory_cybersecurity_training,has_dedicated_IT_security_team,requires_regular_password_updates,number_of_cybersecurity_incidents,security_employee_ratio,number_of_employees,percentage_of_IT_staff,data_breaches_per_year,monthly_update_frequency,previous_cyber_attacks,annual_cyber_attacks,number_of_IT_security_staff,mandatory_compliance_certification,incident_report_to_resolution_ratio,security_update_frequency,industry_sector,cybersecurity_software_updates,employee_training_frequency,two_factor_authentication,annual_cyber_incidents,cyber_attack_frequency,cybersecurity_training_budget,regular_cybersecurity_audits,uses_encryption_technologies,annual_revenue,frequency_of_software_updates,total_employees,percentage_of_critical_data,percent_employees_accessing_sensitive_data,organization_sector
True,True,True,500,0.0439,1157.1242,0.1309,0.0,11,15,4,162,False,1.0683,weekly,manufacturing,True,annually,True,485,annually,602.5109,True,False,169405.0,35,332,0.6187,30.813,finance
False,False,False,494,0.041,1032.3674,0.027,0.0,10,1,4,456,False,1.0638,yearly,technology,True,annually,False,500,annually,624.8091,False,True,300565.0,29,385,0.5395,43.692,healthcare
True,False,False,500,0.0162,1126.3473,0.1053,0.0,11,9,4,579,False,1.0136,weekly,education,True,annually,False,500,quarterly,630.3436,True,True,471198.0,31,227,0.1058,40.4166,finance
True,True,True,497,0.0146,1393.8241,0.1199,0.0,12,13,4,428,True,1.0535,weekly,manufacturing,False,annually,False,491,monthly,314.4688,True,True,287357.0,32,369,0.3971,37.3253,finance
True,True,True,500,0.0304,1148.8565,0.124,0.0,11,9,4,749,True,1.0013,weekly,finance,True,annually,True,468,annually,497.144,True,True,222779.0,33,171,0.4809,17.5063,government
False,True,True,498,0.0208,1271.1865,0.0177,0.0,12,12,4,88,True,1.0286,yearly,education,True,annually,False,500,monthly,560.2478,True,True,204780.0,33,253,0.3531,27.308,finance
False,False,False,500,0.0316,1043.1586,0.036,0.0,12,15,4,630,False,1.074,yearly,education,False,annually,True,427,annually,624.2064,False,False,721714.0,28,447,0.7193,28.5598,education
False,True,True,500,0.0376,1290.1304,0.0334,0.0,12,10,4,854,True,1.0276,yearly,healthcare,False,annually,True,498,monthly,664.4913,False,True,1000000.0,28,333,0.6688,25.5527,education
True,True,True,498,0.0093,1153.2972,0.1277,0.0,10,9,4,897,True,1.0683,weekly,education,False,annually,False,497,quarterly,409.9581,False,False,629304.0,34,301,0.555,42.2399,government
False,False,False,500,0.0494,1029.3918,0.0245,0.0,10,13,4,549,True,1.0051,yearly,finance,True,annually,False,477,quarterly,424.447,True,False,607407.0,35,272,0.4899,31.0195,government
True,False,False,500,0.0106,1128.9452,0.1075,0.0,10,13,4,588,True,1.0,weekly,education,False,annually,True,500,annually,443.8862,,True,185810.0,28,361,0.1491,25.3713,finance
False,False,False,499,0.0354,1051.3129,0.0428,0.0,10,3,4,373,True,1.0647,yearly,technology,True,annually,True,480,quarterly,352.1625,,False,630967.0,30,409,0.8552,22.7209,government
True,False,False,499,0.0011,1126.3121,0.1053,0.0,11,11,4,835,True,1.019,weekly,healthcare,True,annually,True,500,quarterly,312.6796,True,True,350376.0,30,271,0.1052,24.3413,government
False,False,False,498,0.0381,1041.8225,0.0349,0.0,12,11,3,322,False,1.114,yearly,education,False,annually,False,500,annually,654.1631,True,True,267983.0,34,73,0.697,54.7883,government
False,False,False,495,0.0288,1060.0,0.05,0.0,12,10,4,854,False,1.0818,yearly,,False,annually,False,496,annually,553.5595,,True,261239.0,35,287,1.0,34.7271,government
True,,False,498,0.0436,1124.0247,0.1034,0.0,10,17,4,271,False,1.0487,weekly,healthcare,True,annually,True,500,annually,681.4304,True,False,779345.0,33,411,0.0671,32.0503,technology
True,False,False,498,0.045,1124.7795,0.104,0.0,11,11,4,544,False,1.0156,weekly,healthcare,False,annually,True,426,annually,591.4374,False,False,914294.0,36,258,0.0797,35.6222,government
True,False,False,500,0.0218,1042.9887,0.0358,0.0,11,3,3,386,True,1.0004,yearly,healthcare,False,annually,False,492,annually,449.4368,True,True,188308.0,33,305,0.7165,29.441,education
True,True,True,500,0.0325,1050.302,0.0419,0.0,11,9,3,627,True,1.0465,yearly,healthcare,True,annually,False,500,quarterly,656.8102,True,False,686592.0,34,238,0.8384,33.5242,finance
,True,True,500,0.049,1423.9634,0.145,0.0,10,12,4,496,True,1.013,weekly,finance,True,annually,False,473,monthly,209.9297,True,True,640604.0,32,311,0.8994,31.972,education
False,False,False,500,0.0495,1023.7361,0.0198,0.0,10,6,4,28,True,1.0953,yearly,technology,True,annually,False,484,quarterly,522.801,False,True,380995.0,32,426,0.3956,30.6785,healthcare
False,True,True,499,0.0236,1270.4344,0.017,0.0,11,14,3,241,False,1.0,yearly,finance,True,annually,True,452,monthly,406.1211,True,True,115814.0,31,352,0.3406,30.913,government
True,True,True,500,0.0075,1257.5711,0.0063,0.0,10,13,3,597,False,1.027,yearly,finance,True,annually,True,500,monthly,262.9502,False,True,489106.0,35,413,0.1262,30.8636,government
False,True,True,498,0.0433,1259.7566,0.0081,0.0,10,8,4,46,True,1.131,yearly,technology,False,annually,True,500,monthly,564.3856,False,False,892891.0,32,209,0.1626,34.845,healthcare
True,False,False,499,0.0089,1012.3339,0.0103,0.0,9,11,3,965,True,1.0037,yearly,manufacturing,False,annually,False,472,quarterly,465.7561,True,True,929645.0,29,109,0.2056,39.6094,healthcare
True,True,True,494,0.0205,1381.2846,0.1094,0.0,11,8,4,506,False,1.0761,weekly,finance,False,annually,True,500,monthly,462.6213,False,False,945820.0,35,469,0.1881,19.7993,education
False,False,False,500,0.0143,1277.344,0.0228,0.0,10,18,4,613,True,1.0016,yearly,technology,False,annually,True,500,monthly,272.5256,,False,260025.0,26,234,0.4557,40.9097,education
False,False,False,499,0.0379,1025.6873,0.0214,0.0,10,7,4,251,True,1.0,yearly,healthcare,False,annually,False,500,quarterly,393.3857,,True,631539.0,32,188,0.4281,32.5871,healthcare
True,False,False,498,0.0133,1149.6708,0.1247,0.0,12,10,4,88,True,1.0075,weekly,finance,True,annually,False,500,quarterly,635.903,False,False,100000.0,32,314,0.4945,31.8757,government
,True,True,500,0.0031,1125.7073,0.1048,0.0,10,7,4,236,False,1.0506,weekly,finance,False,annually,False,500,annually,439.0845,False,False,346754.0,31,241,0.0951,27.6314,healthcare
False,False,False,499,0.0198,1004.7538,0.004,0.0,10,9,3,363,True,1.0199,yearly,education,True,annually,False,500,quarterly,451.3831,False,True,502520.0,32,266,0.0792,24.0192,healthcare
True,,True,497,0.0496,1379.8367,0.1082,0.0,11,10,4,528,True,1.0919,weekly,,True,annually,False,463,monthly,415.22,False,False,119485.0,33,411,0.1639,29.3189,technology
False,,False,500,0.0057,1024.9852,0.0208,0.0,11,9,4,581,False,1.0324,yearly,manufacturing,True,annually,False,464,quarterly,504.4478,True,False,893006.0,34,259,0.4164,39.1354,healthcare
False,False,False,500,0.0259,1011.2631,0.0094,0.0,10,12,4,257,False,1.0985,yearly,education,True,annually,True,500,quarterly,547.8227,True,True,953595.0,34,161,0.1877,31.4009,technology
True,True,True,496,0.0144,1427.6219,0.148,0.0,10,9,4,946,True,1.0201,weekly,education,True,annually,False,489,monthly,738.8548,True,False,848786.0,31,385,0.9604,25.7342,healthcare
True,,True,500,0.0291,1370.0,0.1,0.0,10,10,4,554,True,1.0561,weekly,healthcare,True,annually,True,500,monthly,361.0294,True,False,843760.0,33,289,0.0,34.3618,education
False,True,True,500,0.0225,1308.6373,0.0489,0.0,10,12,4,580,True,1.0266,yearly,finance,False,annually,True,445,monthly,623.3704,False,False,231313.0,38,267,0.9773,37.246,education
False,False,False,496,0.0427,1037.2379,0.031,0.0,10,6,4,137,False,1.0761,yearly,finance,False,annually,True,460,quarterly,582.1019,True,False,848887.0,31,229,0.6206,28.4975,finance
True,False,False,499,0.0131,1051.9805,0.0433,0.0,11,10,3,705,True,1.0701,yearly,technology,False,annually,False,466,annually,612.8248,,True,436114.0,32,426,0.8663,31.0927,education
False,False,False,500,0.0233,1011.2727,0.0094,0.0,12,10,3,159,False,1.0,yearly,finance,True,annually,True,500,quarterly,402.2616,False,True,390902.0,31,498,0.1879,13.8465,education
,True,True,498,0.0371,1045.6315,0.038,0.0,11,4,3,161,False,1.0024,yearly,healthcare,True,annually,False,472,quarterly,369.0832,False,True,266029.0,32,402,0.7605,22.2857,technology
False,,True,495,0.0204,1009.9205,0.0083,0.0,10,13,3,374,False,1.0008,yearly,,False,annually,False,500,quarterly,392.6177,True,False,916484.0,37,425,0.1653,31.4913,government
True,False,False,496,0.0426,1045.6403,0.038,0.0,10,12,3,53,False,1.0,yearly,education,False,annually,True,489,quarterly,470.5287,True,False,974149.0,34,279,0.7607,43.196,healthcare
True,True,True,500,0.0333,1047.461,0.0396,0.0,10,14,3,939,False,1.037,yearly,manufacturing,False,annually,False,500,annually,530.0155,True,False,395709.0,33,235,0.791,28.0791,finance
False,True,True,500,0.0301,1024.3259,0.0203,0.0,11,14,4,331,False,1.0,yearly,,False,annually,False,487,quarterly,383.4121,False,True,178584.0,33,287,0.4054,31.0302,healthcare
True,True,True,500,0.0284,1041.2305,0.0344,0.0,10,15,3,227,False,1.025,yearly,healthcare,False,annually,True,498,annually,392.4978,False,True,858712.0,31,361,0.6872,30.0479,healthcare
,True,True,499,0.0405,1416.1476,0.1385,0.0,11,11,4,110,True,1.0058,weekly,finance,True,annually,True,462,monthly,544.6291,,False,135626.0,33,234,0.7691,16.8356,government
False,True,True,500,0.0064,1022.7197,0.0189,0.0,10,10,4,876,True,1.0,yearly,technology,False,annually,True,487,annually,429.2183,False,True,124087.0,34,481,0.3787,29.6919,technology
,True,True,500,0.0085,1305.868,0.0466,0.0,12,13,3,489,True,1.0436,yearly,,False,annually,True,491,monthly,340.3471,True,False,767290.0,35,259,0.9311,24.6384,technology
,False,False,497,0.0277,1035.6023,0.0297,0.0,11,5,3,389,True,1.0018,yearly,manufacturing,False,annually,False,500,quarterly,626.3897,False,True,765715.0,33,349,0.5934,24.5677,government
True,True,True,500,0.0256,1386.8255,0.114,0.0,9,16,4,321,False,1.0243,weekly,manufacturing,False,annually,False,469,monthly,660.2036,False,False,664947.0,31,328,0.2804,23.8448,finance
False,True,True,497,0.033,1252.658,0.0022,0.0,11,9,4,838,False,1.0004,yearly,manufacturing,False,annually,True,474,monthly,707.0186,True,False,806190.0,32,155,0.0443,26.922,finance
,False,False,500,0.0253,1373.1494,0.1026,0.0,10,14,4,462,False,1.0209,weekly,finance,False,annually,False,486,monthly,555.6705,True,True,332045.0,29,221,0.0525,24.3196,finance
True,False,False,496,0.0471,1056.5224,0.0471,0.0,11,9,3,856,False,1.0005,yearly,healthcare,True,annually,True,500,quarterly,431.841,,True,100000.0,33,111,0.942,24.0269,technology
True,False,False,500,0.0155,1058.954,0.0491,0.0,11,7,3,421,False,1.0856,yearly,technology,False,annually,True,464,quarterly,618.9662,True,False,696936.0,35,158,0.9826,22.5529,education
True,False,False,499,0.0131,1036.0774,0.0301,0.0,11,9,3,85,True,1.0,yearly,technology,False,annually,False,462,annually,645.2515,False,True,712073.0,30,264,0.6013,43.4772,technology
True,False,False,500,0.0054,1267.864,0.0149,0.0,12,15,3,98,True,1.0041,yearly,education,True,annually,False,500,monthly,513.6652,True,True,833396.0,31,388,0.2977,23.2795,healthcare
False,True,True,495,0.0355,1286.6121,0.0305,0.0,12,12,3,196,False,1.0015,yearly,education,False,annually,True,500,monthly,634.9866,False,True,297708.0,34,415,0.6102,31.4644,healthcare
False,False,False,499,0.0488,1277.0913,0.0226,0.0,12,15,4,585,False,1.0433,yearly,finance,False,annually,True,500,monthly,434.812,,True,329186.0,33,314,0.4515,35.2072,healthcare
False,True,True,498,0.049,1278.5502,0.0238,0.0,11,15,4,884,True,1.1206,yearly,healthcare,True,annually,True,466,monthly,545.9586,False,True,422865.0,30,182,0.4758,23.2567,finance
False,True,True,500,0.0476,1041.7789,0.0348,0.0,10,13,4,91,False,1.0205,yearly,finance,False,annually,False,480,quarterly,621.7508,False,True,886675.0,29,150,0.6963,44.1017,government
False,True,True,500,0.0128,1053.5114,0.0446,0.0,9,7,4,837,True,1.0009,yearly,finance,False,annually,False,462,annually,546.1394,False,False,328259.0,34,290,0.8919,32.482,technology
True,True,True,498,0.0059,1287.0974,0.0309,0.0,12,9,3,766,True,1.0,yearly,education,True,annually,True,493,monthly,589.4098,True,False,964254.0,35,131,0.6183,28.3174,technology
False,True,True,499,0.0407,1017.5672,0.0146,0.0,10,5,4,225,True,1.0,yearly,technology,True,annually,False,500,annually,545.2885,True,True,716063.0,31,313,0.2928,30.6638,education
False,False,False,499,0.0307,1250.0,0.0,0.0,11,5,3,603,True,1.0013,yearly,healthcare,False,annually,False,467,monthly,521.091,False,False,414657.0,35,404,0.0,35.4445,healthcare
False,True,True,47,0.0096,1274.8446,0.0207,0.0,10,9,4,0,False,1.0479,yearly,manufacturing,False,annually,True,500,monthly,588.556,True,True,980955.0,35,411,0.4141,29.6004,finance
False,,True,495,0.0427,1054.937,0.0458,0.0,9,6,4,371,False,1.1139,yearly,healthcare,True,annually,True,500,quarterly,475.1902,True,False,127424.0,32,185,0.9156,35.577,government
True,True,True,500,0.0059,1253.4427,0.0029,0.0,10,8,3,701,False,1.0826,yearly,manufacturing,False,annually,False,500,monthly,762.17,True,False,920830.0,31,494,0.0574,30.2351,finance
True,False,False,500,0.0223,1033.4681,0.0279,0.0,12,10,3,200,True,1.0953,yearly,education,True,annually,True,470,quarterly,469.4784,True,True,252050.0,28,393,0.5578,21.8778,education
True,False,False,494,0.006,1425.7913,0.1465,0.0,12,12,4,956,False,1.0712,weekly,healthcare,True,annually,True,492,monthly,375.837,True,True,620379.0,31,263,0.9299,42.9316,government
False,False,False,498,0.0352,1030.3335,0.0253,0.0,11,12,4,821,False,1.0048,yearly,technology,False,annually,False,476,quarterly,422.0516,True,True,711266.0,31,306,0.5056,37.4363,education
False,,True,500,0.016,1020.3331,0.0169,0.0,10,8,4,389,False,1.0769,yearly,education,True,annually,True,471,quarterly,460.775,False,False,624581.0,33,200,0.3389,30.8097,education
False,True,True,499,0.0166,1017.2686,0.0144,0.0,10,12,3,753,False,1.0,yearly,healthcare,True,annually,False,467,quarterly,592.3192,True,False,750628.0,31,282,0.2878,38.0835,finance
False,True,True,500,0.046,1284.3715,0.0286,0.0,11,10,3,821,True,1.0,yearly,healthcare,True,annually,True,494,monthly,555.4669,False,False,422252.0,37,425,0.5729,30.0417,technology
True,False,False,500,0.0105,1267.2666,0.0144,0.0,10,11,3,93,False,1.0009,yearly,finance,False,annually,False,500,monthly,570.4813,False,True,604782.0,27,315,0.2878,31.2741,government
,True,True,500,0.0398,1297.0874,0.0392,0.0,12,10,3,106,False,1.0205,yearly,education,False,annually,True,470,monthly,733.4079,True,False,945144.0,38,168,0.7848,25.4492,finance
False,False,False,499,0.0383,1029.6278,0.0247,0.0,11,13,4,496,True,1.0,yearly,,False,annually,True,499,quarterly,549.7502,False,False,566109.0,31,413,0.4938,39.168,finance
True,False,False,500,0.0268,1163.9002,0.1366,0.0,11,9,4,317,False,1.1129,weekly,healthcare,False,annually,True,432,quarterly,529.3347,True,False,618992.0,33,190,0.7317,26.1103,healthcare
True,False,False,497,0.0354,1144.2946,0.1202,0.0,9,8,4,568,False,1.0,weekly,education,False,annually,False,500,annually,504.9702,False,True,896827.0,34,306,0.4049,42.5702,government
False,True,True,499,0.05,1049.7476,0.0415,0.0,10,11,4,454,False,1.0845,yearly,finance,True,annually,True,480,quarterly,644.7751,True,True,413198.0,37,240,0.8291,29.082,government
True,False,False,498,0.0105,1159.7612,0.1331,0.0,12,11,4,362,False,1.0475,weekly,technology,True,annually,False,500,quarterly,575.2402,False,False,228232.0,29,203,0.6627,27.9662,technology
True,False,False,499,0.0172,1152.6835,0.1272,0.0,11,14,4,400,True,1.1444,weekly,education,True,annually,False,500,annually,768.2625,,False,750864.0,31,152,0.5447,36.5045,technology
False,False,False,497,0.0175,1260.9626,0.0091,0.0,10,10,4,409,False,1.1015,yearly,technology,False,annually,True,500,monthly,473.1127,False,False,503286.0,33,251,0.1827,30.5314,government
True,,True,500,0.0406,1252.9456,0.0025,0.0,10,7,3,418,False,1.0015,yearly,manufacturing,False,annually,False,482,monthly,546.0276,False,False,101797.0,30,222,0.0491,30.0786,healthcare
True,False,False,496,0.0474,1177.3092,0.1478,0.0,10,9,4,112,False,1.0041,weekly,healthcare,False,annually,False,500,annually,452.998,True,True,911002.0,32,329,0.9552,32.2158,finance
False,,False,500,0.0355,1051.1418,0.0426,0.0,11,14,3,408,False,1.0755,yearly,healthcare,False,annually,True,496,quarterly,426.9195,False,True,356705.0,40,470,0.8524,26.0127,education
False,True,True,500,0.0309,1267.2455,0.0144,0.0,9,8,4,495,False,1.0023,yearly,technology,True,monthly,True,458,monthly,659.0641,True,True,123368.0,32,279,0.2874,50.7471,healthcare
,,False,500,0.0232,1054.5395,0.0454,0.0,9,9,4,96,False,1.117,yearly,education,True,annually,False,474,quarterly,494.6499,False,False,708837.0,27,467,0.909,25.655,finance
False,False,False,500,0.0291,1282.9458,0.0275,0.0,12,11,4,817,True,1.0579,yearly,finance,False,annually,False,477,monthly,447.6853,True,False,844752.0,33,276,0.5491,35.5719,technology
True,,True,497,0.039,1406.6455,0.1305,0.0,12,11,4,676,True,1.0446,weekly,healthcare,True,annually,True,499,monthly,745.081,False,True,676862.0,31,371,0.6108,21.606,finance
True,True,True,495,0.0215,1176.348,0.147,0.0,10,6,4,97,False,1.0005,weekly,finance,False,annually,True,455,annually,753.2226,True,True,605250.0,31,236,0.9391,27.1729,technology
True,False,False,500,0.0312,1427.4693,0.1479,0.0,11,12,4,953,True,1.0716,weekly,technology,True,annually,True,462,monthly,692.3698,True,True,808041.0,30,365,0.9578,35.9345,technology
True,False,False,500,0.0148,1297.9891,0.04,0.0,9,13,3,726,True,1.1015,yearly,,True,annually,True,500,monthly,155.3489,True,False,702209.0,29,275,0.7998,24.3734,education
True,False,False,498,0.0332,1406.4439,0.1304,0.0,12,10,4,500,False,1.0177,weekly,technology,True,annually,True,483,monthly,474.9057,False,True,388276.0,37,444,0.6074,30.1136,finance
True,True,True,500,0.019,1426.912,0.1474,0.0,9,14,4,871,False,1.1252,weekly,healthcare,True,annually,False,496,monthly,392.8433,False,True,441284.0,28,263,0.9485,22.4852,healthcare
False,True,True,495,0.021,1036.5808,0.0305,0.0,10,12,4,22,True,1.0012,yearly,healthcare,False,annually,False,500,annually,510.1841,True,True,886317.0,31,209,0.6097,29.8573,healthcare
False,False,False,492,0.0228,1029.8102,0.0248,0.0,11,17,4,340,True,1.0292,yearly,manufacturing,True,annually,False,470,annually,641.5225,True,True,752216.0,30,349,0.4968,29.5738,government
True,False,False,500,0.035,1120.0,0.1,0.0,10,11,4,804,True,1.0007,weekly,education,False,annually,True,481,annually,356.1338,True,False,554111.0,32,284,0.0,31.7422,education
True,True,True,500,0.0053,1298.315,0.0403,0.0,11,4,3,341,True,1.0026,yearly,finance,False,annually,False,500,monthly,427.2518,True,False,438582.0,31,236,0.8052,29.6009,healthcare
False,True,True,500,0.0191,1040.2259,0.0335,0.0,11,12,4,463,False,1.0113,yearly,finance,True,annually,False,473,annually,258.9018,True,False,439402.0,34,191,0.6704,33.1158,education
,False,False,497,0.0471,1250.0,0.0,0.0,10,15,4,945,False,1.0543,yearly,manufacturing,True,annually,False,490,monthly,516.2974,False,True,391783.0,32,291,0.0,24.1318,education
True,True,True,499,0.0343,1017.0028,0.0142,0.0,12,10,3,546,False,1.0286,yearly,healthcare,False,annually,False,477,annually,590.3358,True,True,225520.0,32,372,0.2834,29.5763,finance
True,False,False,498,0.05,1146.6661,0.1222,0.0,11,11,4,478,False,1.0481,weekly,education,False,annually,True,500,annually,609.9436,False,False,882958.0,29,247,0.4444,33.3,education
False,True,True,500,0.04,1022.8476,0.019,0.0,9,7,4,404,False,1.0114,yearly,technology,True,annually,False,500,annually,523.5488,,False,989474.0,32,386,0.3808,39.2927,healthcare
False,True,True,497,0.0282,1060.0,0.05,0.0,10,12,4,269,False,1.0176,yearly,education,True,annually,False,490,annually,542.3036,True,False,246812.0,35,290,1.0,32.9562,finance
True,False,False,500,0.0228,1120.0,0.1,0.0,11,7,4,98,True,1.1179,weekly,finance,False,annually,False,454,annually,641.4671,True,False,797000.0,32,355,0.0,17.6651,healthcare
False,,False,495,0.0479,1275.1127,0.0209,0.0,11,6,4,166,True,1.0,yearly,finance,False,annually,True,489,monthly,446.2153,True,True,404068.0,33,140,0.4185,31.5516,finance
False,False,False,495,0.0324,1052.5789,0.0438,0.0,12,8,4,872,True,1.0827,yearly,manufacturing,False,annually,False,500,quarterly,319.6816,True,False,295443.0,33,165,0.8763,33.8667,education
False,,False,499,0.0237,1045.7263,0.0381,0.0,12,11,3,519,True,1.0,yearly,healthcare,True,annually,False,449,quarterly,476.1738,True,True,809190.0,36,337,0.7621,22.4916,technology
True,False,False,498,0.0175,1174.6803,0.1456,0.0,11,10,4,377,False,1.0401,weekly,manufacturing,True,annually,True,500,quarterly,477.2544,True,True,473382.0,30,308,0.9113,24.7032,technology
False,True,True,500,0.0353,1030.6102,0.0255,0.0,12,3,4,299,False,1.0271,yearly,manufacturing,True,annually,False,500,annually,625.6481,False,False,466701.0,28,182,0.5102,23.7267,finance
True,True,True,496,0.0158,1122.3083,0.1019,0.0,11,10,4,277,True,1.0976,weekly,healthcare,False,annually,True,483,annually,383.4273,False,False,699489.0,37,151,0.0385,29.1975,education
True,True,True,500,0.0043,1159.2433,0.1327,0.0,9,5,4,250,True,1.0391,weekly,manufacturing,True,annually,True,485,annually,314.2664,True,True,542777.0,33,292,0.6541,32.966,finance
False,False,False,499,0.0225,1046.133,0.0384,0.0,11,13,4,1000,True,1.0488,yearly,,False,annually,True,480,annually,454.0444,True,True,608100.0,30,190,0.7689,36.9494,education
True,False,False,499,0.0301,1164.3003,0.1369,0.0,11,13,4,861,True,1.0539,weekly,education,True,annually,False,500,quarterly,371.2742,True,True,132284.0,29,411,0.7383,43.9742,healthcare
True,False,False,496,0.0128,1035.686,0.0297,0.0,11,6,3,453,True,1.09,yearly,technology,False,annually,False,475,quarterly,399.3998,True,True,294681.0,31,109,0.5948,30.5865,technology
True,False,False,500,0.0168,1046.2623,0.0386,0.0,11,7,3,295,True,1.043,yearly,technology,True,annually,True,500,quarterly,445.7582,False,True,132584.0,30,236,0.771,47.0252,education
True,True,True,500,0.0035,1166.1197,0.1384,0.0,11,5,4,352,True,1.0179,weekly,finance,True,annually,False,500,quarterly,445.6015,,True,599767.0,31,222,0.7687,39.6035,technology
True,False,False,497,0.0431,1409.743,0.1331,0.0,11,8,4,646,True,1.0021,weekly,technology,False,annually,True,500,monthly,267.2274,True,True,419561.0,28,248,0.6624,25.2007,healthcare
True,True,True,494,0.0216,1013.443,0.0112,0.0,11,8,3,543,False,1.0882,yearly,healthcare,True,annually,True,500,annually,551.3209,True,False,215503.0,33,219,0.224,27.3758,finance
,True,True,500,0.0477,1037.0425,0.0309,0.0,11,12,3,825,True,1.0937,yearly,finance,False,annually,False,500,annually,467.9411,True,True,981810.0,31,229,0.6174,32.3769,technology
True,,False,496,0.0382,1002.7576,0.0023,0.0,10,16,3,753,True,1.024,yearly,,False,annually,False,461,annually,563.8246,False,False,125673.0,29,310,0.046,29.8805,finance
False,False,False,500,0.0072,1008.9025,0.0074,0.0,11,7,4,265,False,1.0007,yearly,technology,True,annually,False,500,quarterly,471.6802,True,True,637781.0,38,286,0.1484,32.91,technology
,False,False,500,0.015,1023.041,0.0192,0.0,11,5,3,578,True,1.065,yearly,manufacturing,False,annually,False,458,annually,593.6059,,False,633633.0,27,197,0.384,43.8438,technology
False,,True,497,0.047,1018.0322,0.015,0.0,11,13,4,701,False,1.0682,yearly,finance,True,annually,False,464,quarterly,587.2837,False,False,549483.0,28,245,0.3005,34.7947,technology
False,True,True,495,0.0302,1053.4498,0.0445,0.0,10,5,4,157,False,1.0324,yearly,education,False,annually,False,456,quarterly,684.9118,True,True,788264.0,36,157,0.8908,30.5403,healthcare
False,True,True,500,0.039,1255.7575,0.0048,0.0,12,11,3,712,False,1.0422,yearly,finance,False,annually,False,495,monthly,711.7635,,True,152584.0,34,385,0.096,19.4725,healthcare
True,True,True,498,0.0437,1053.5198,0.0446,0.0,10,12,3,712,False,1.0642,yearly,manufacturing,True,annually,False,500,quarterly,550.8139,False,False,971805.0,33,423,0.892,38.8498,government
True,True,True,500,0.0409,1122.1561,0.1018,0.0,11,9,4,586,True,1.0431,weekly,manufacturing,True,annually,False,487,quarterly,187.5904,True,False,601670.0,31,215,0.0359,29.4162,government
False,True,True,496,0.0311,1035.1982,0.0293,0.0,10,8,4,892,True,1.0584,yearly,healthcare,False,annually,False,500,quarterly,559.6585,False,False,985555.0,28,423,0.5866,28.9609,finance
True,True,True,496,0.0474,1172.0785,0.1434,0.0,11,10,4,511,True,1.1207,weekly,healthcare,True,annually,True,485,quarterly,528.8999,False,False,899171.0,33,355,0.868,20.2706,education
True,True,True,499,0.038,1042.5192,0.0354,0.0,12,11,3,422,True,1.0041,yearly,technology,False,annually,False,500,quarterly,424.3175,False,True,886022.0,30,200,0.7087,26.772,education
True,False,False,496,0.0195,1122.7961,0.1023,0.0,10,10,4,284,False,1.0608,weekly,,True,annually,False,461,annually,326.0761,,True,914418.0,32,245,0.0466,25.8523,technology
False,,True,498,0.0254,1039.4017,0.0328,0.0,10,8,3,462,True,1.0,yearly,finance,False,annually,True,500,quarterly,463.556,False,True,782904.0,33,351,0.6567,30.4436,technology
,True,True,498,0.04,1024.8688,0.0207,0.0,10,6,3,633,False,1.002,yearly,technology,True,annually,True,476,annually,490.0594,False,False,486339.0,28,317,0.4145,32.0163,finance
True,False,False,499,0.018,1045.9707,0.0383,0.0,12,12,3,564,True,1.0188,yearly,healthcare,False,annually,False,500,quarterly,458.2839,False,False,347864.0,31,340,0.7662,36.1902,technology
True,True,True,499,0.0289,1168.2256,0.1402,0.0,11,13,4,647,True,1.0821,weekly,healthcare,False,annually,True,500,quarterly,398.4436,True,False,404444.0,34,206,0.8038,35.5004,government
,True,True,500,0.0253,1053.9068,0.0449,0.0,11,13,4,93,True,1.0005,yearly,manufacturing,True,annually,False,458,annually,597.4275,True,False,198663.0,37,178,0.8984,20.8837,education
True,False,False,498,0.0345,1176.9535,0.1475,0.0,10,10,4,479,False,1.0107,weekly,,True,annually,False,474,annually,696.6961,True,False,626690.0,32,345,0.9492,24.3556,government
True,False,False,500,0.0397,1281.8978,0.0266,0.0,11,10,3,966,False,1.0202,yearly,manufacturing,True,annually,False,449,monthly,608.2418,,False,177525.0,30,288,0.5316,24.418,government
False,,True,500,0.001,1253.4725,0.0029,0.0,10,12,4,482,True,1.0,yearly,,False,annually,True,452,monthly,366.1258,False,False,342945.0,32,263,0.0579,33.997,technology
,False,False,500,0.0225,1059.4034,0.0495,0.0,11,1,3,906,False,1.0801,yearly,technology,False,annually,False,500,annually,576.8995,True,True,119722.0,33,256,0.9901,35.0038,government
False,True,True,495,0.0408,1052.6158,0.0438,0.0,10,9,4,514,False,1.0,yearly,healthcare,False,annually,False,496,annually,332.6884,False,False,771993.0,33,224,0.8769,28.2252,education
False,False,False,500,0.0424,1056.3005,0.0469,0.0,10,4,3,260,True,1.0,yearly,finance,False,annually,True,500,annually,338.2852,False,False,459671.0,34,315,0.9383,29.6872,technology
True,,True,497,0.0466,1039.3624,0.0328,0.0,11,13,3,74,True,1.204,yearly,finance,False,annually,True,434,quarterly,292.3307,True,False,992476.0,30,414,0.656,22.6076,government
False,False,False,500,0.0156,1037.3907,0.0312,0.0,10,12,4,47,False,1.0436,yearly,,True,annually,True,500,annually,395.9871,,True,619145.0,35,282,0.6232,38.7997,healthcare
False,False,False,500,0.0092,1046.383,0.0387,0.0,12,10,3,536,True,1.0193,yearly,healthcare,False,annually,False,500,quarterly,635.0005,False,True,949346.0,37,296,0.7731,41.044,education
True,True,True,500,0.0084,1147.1651,0.1226,0.0,11,15,4,430,False,1.015,weekly,education,True,annually,False,463,quarterly,536.5141,False,True,284043.0,28,146,0.4528,34.9687,finance
True,True,True,500,0.0347,1015.718,0.0131,0.0,11,10,3,171,False,1.0319,yearly,education,False,annually,True,500,quarterly,748.095,True,False,184633.0,31,222,0.262,28.5658,technology
,True,True,500,0.0363,1027.802,0.0232,0.0,12,8,3,763,True,1.001,yearly,healthcare,False,annually,False,500,annually,493.7711,False,False,829949.0,30,182,0.4634,20.0465,finance
True,False,False,499,0.0182,1405.9988,0.13,0.0,10,5,4,659,True,1.0,weekly,finance,True,annually,True,484,monthly,471.2093,True,True,389785.0,36,238,0.6,34.117,healthcare
True,True,True,500,0.0371,1372.8758,0.1024,0.0,10,12,4,679,False,1.0282,weekly,manufacturing,False,annually,False,467,monthly,343.1263,True,False,743817.0,33,311,0.0479,40.877,technology
True,,True,500,0.0202,1052.6771,0.0439,0.0,10,14,3,109,False,1.003,yearly,,True,annually,True,499,quarterly,576.3369,True,False,112549.0,30,222,0.878,27.8402,finance
True,True,True,500,0.0278,1162.3266,0.1353,0.0,11,14,4,283,True,1.0014,weekly,finance,False,annually,True,500,annually,266.8654,True,True,195075.0,39,373,0.7054,26.1763,finance
,False,False,497,0.0132,1270.4302,0.017,0.0,10,10,4,510,False,1.0023,yearly,technology,False,annually,True,500,monthly,629.1083,True,True,822193.0,34,136,0.3405,19.3893,government
False,,True,500,0.019,1008.099,0.0067,0.0,12,8,4,842,False,1.0879,yearly,healthcare,True,annually,False,500,annually,604.0566,True,False,100000.0,35,292,0.135,39.5217,healthcare
True,,False,499,0.0429,1278.0731,0.0234,0.0,11,11,3,36,True,1.0538,yearly,healthcare,True,annually,True,477,monthly,372.7319,True,False,166844.0,35,133,0.4679,38.6807,government
,True,True,500,0.0136,1006.1993,0.0052,0.0,10,8,4,899,False,1.0409,yearly,technology,False,annually,True,472,annually,619.625,False,True,610961.0,32,262,0.1033,43.7245,healthcare
True,False,False,494,0.0464,1011.7952,0.0098,0.0,11,6,3,107,True,1.0024,yearly,education,False,annually,False,500,quarterly,504.4009,False,False,695603.0,36,344,0.1966,30.2333,education
,True,True,499,0.0238,1133.3999,0.1112,0.0,10,7,4,407,False,1.0956,weekly,finance,True,annually,False,491,quarterly,629.0128,False,False,261294.0,32,200,0.2233,36.0859,technology
,False,False,500,0.0118,1426.1832,0.1468,0.0,11,18,4,92,False,1.0228,weekly,finance,True,annually,False,490,monthly,594.2458,True,False,687994.0,32,224,0.9364,36.1844,government
True,False,False,500,0.0139,1023.1156,0.0193,0.0,10,13,3,960,True,1.0209,yearly,manufacturing,False,annually,False,437,quarterly,415.9688,True,False,704437.0,27,328,0.3853,22.6384,healthcare
,True,True,500,0.0393,1175.3226,0.1461,0.0,10,7,4,364,False,1.0012,weekly,,True,annually,False,460,annually,592.9317,False,False,607854.0,34,89,0.922,16.534,healthcare
True,True,True,500,0.034,1158.3597,0.132,0.0,10,8,4,799,False,1.0568,weekly,education,False,annually,False,500,annually,524.5907,False,True,743806.0,26,401,0.6393,36.0655,healthcare
False,False,False,499,0.0187,1005.6007,0.0047,0.0,11,13,4,715,True,1.0679,yearly,technology,True,annually,True,476,quarterly,281.0905,,False,132683.0,30,338,0.0933,25.4877,finance
False,True,True,497,0.0252,1036.2763,0.0302,0.0,10,12,4,478,False,1.1319,yearly,manufacturing,True,annually,True,487,annually,660.5932,,True,801018.0,33,186,0.6046,28.0036,government
True,True,True,500,0.031,1273.8484,0.0199,0.0,10,19,3,261,False,1.0413,yearly,manufacturing,False,annually,False,494,monthly,801.811,True,False,410975.0,31,403,0.3975,19.4825,finance
True,True,True,500,0.0119,1128.9937,0.1075,0.0,10,11,4,822,True,1.0473,weekly,education,False,annually,False,500,quarterly,353.3494,False,True,857740.0,35,333,0.1499,38.6008,healthcare
True,False,False,495,0.04,1054.2579,0.0452,0.0,11,6,3,465,True,1.0751,yearly,technology,False,annually,False,500,quarterly,546.9321,False,False,862335.0,36,255,0.9043,30.9329,technology
False,True,True,500,0.0404,1282.0532,0.0267,0.0,11,8,4,156,True,1.055,yearly,technology,False,annually,True,442,monthly,419.1539,True,False,470373.0,30,232,0.5342,38.8644,technology
False,True,True,500,0.0448,1250.0,0.0,0.0,10,6,4,630,True,1.016,yearly,finance,True,annually,False,492,monthly,625.4709,True,True,878311.0,31,360,0.0,39.2759,government
False,True,True,500,0.0209,1251.2857,0.0011,0.0,10,13,3,67,False,1.0645,yearly,finance,True,annually,False,457,monthly,325.5099,False,False,806997.0,36,391,0.0214,23.8361,finance
True,False,False,500,0.0431,1165.3356,0.1378,0.0,11,9,4,369,False,1.0841,weekly,technology,True,annually,True,500,quarterly,669.9812,,True,771168.0,31,316,0.7556,11.3424,healthcare
False,True,True,499,0.0061,1038.9992,0.0325,0.0,12,10,3,160,True,1.003,yearly,finance,False,annually,True,476,quarterly,674.1542,True,True,383090.0,34,185,0.65,23.281,technology
False,True,True,500,0.0352,1002.4049,0.002,0.0,10,8,4,475,False,1.0536,yearly,manufacturing,False,annually,False,485,quarterly,680.8417,,False,910642.0,35,308,0.0401,25.4835,education
True,False,False,493,0.0403,1375.6089,0.1047,0.0,10,17,4,196,False,1.0963,weekly,technology,False,annually,False,493,monthly,717.7893,False,False,536355.0,33,135,0.0935,21.6681,healthcare
False,False,False,490,0.0323,1276.1019,0.0218,0.0,10,12,3,849,False,1.0463,yearly,education,False,annually,False,483,monthly,588.1192,True,True,337190.0,33,354,0.435,29.5506,government
,False,False,500,0.0095,1041.1496,0.0343,0.0,11,7,3,487,False,1.0037,yearly,technology,False,annually,False,500,quarterly,441.2721,True,False,245993.0,31,457,0.6858,31.1057,technology
True,False,False,499,0.0313,1129.0362,0.1075,0.0,10,8,4,341,True,1.1075,weekly,finance,False,annually,True,500,quarterly,469.5435,False,False,646560.0,35,79,0.1506,31.7239,education
,False,False,500,0.0294,1137.8041,0.1148,0.0,10,12,4,274,True,1.0792,weekly,manufacturing,False,annually,False,492,quarterly,563.0178,True,True,500949.0,32,199,0.2967,39.9956,education
False,False,False,500,0.026,1012.5426,0.0105,0.0,12,15,3,669,False,1.0464,yearly,healthcare,False,annually,True,480,annually,333.8147,True,True,988298.0,33,273,0.209,34.0015,technology
False,True,True,500,0.0304,1050.9415,0.0425,0.0,11,8,4,905,False,1.0943,yearly,manufacturing,True,annually,True,497,annually,437.4624,False,True,989976.0,31,267,0.849,34.5221,government
True,True,True,496,0.0474,1139.4639,0.1162,0.0,11,9,4,183,True,1.0597,weekly,,True,annually,False,500,annually,341.716,False,False,969878.0,28,223,0.3244,27.4443,government
False,False,False,500,0.0272,1038.2653,0.0319,0.0,10,12,4,458,False,1.0,yearly,finance,True,annually,True,500,quarterly,597.2944,True,False,418193.0,32,370,0.6378,34.4255,finance
False,False,False,498,0.0385,1003.5785,0.003,0.0,11,9,4,339,True,1.0113,yearly,education,True,annually,True,492,annually,482.6079,,False,518371.0,33,237,0.0596,34.1011,technology
True,True,True,500,0.021,1426.7534,0.1473,0.0,11,10,4,609,True,1.0,weekly,,True,annually,False,500,monthly,382.9676,True,True,447239.0,31,231,0.9459,19.3113,healthcare
False,False,False,500,0.0215,1019.6515,0.0164,0.0,10,4,3,281,False,1.056,yearly,finance,False,annually,True,499,quarterly,519.3948,True,True,322714.0,33,281,0.3275,35.9303,technology
False,True,True,497,0.009,1033.4149,0.0278,0.0,10,10,4,426,True,1.0609,yearly,manufacturing,False,annually,True,498,quarterly,338.8764,True,False,736420.0,36,326,0.5569,26.9741,finance
False,True,True,500,0.0366,1047.9266,0.0399,0.0,10,8,3,478,False,1.0,yearly,manufacturing,True,annually,False,500,annually,675.1749,True,True,1000000.0,35,326,0.7988,26.3751,government
True,False,False,500,0.02,1035.8457,0.0299,0.0,11,7,3,36,False,1.0548,yearly,,True,annually,True,497,annually,671.2324,False,True,959505.0,34,339,0.5974,44.6949,government
False,False,False,500,0.0019,1301.1918,0.0427,0.0,12,15,4,994,True,1.0007,yearly,,True,annually,True,495,monthly,662.9859,False,True,794101.0,28,312,0.8532,33.5342,government
False,False,False,500,0.0286,1015.584,0.013,0.0,10,9,4,385,True,1.065,yearly,finance,False,annually,True,420,quarterly,454.2784,False,True,570556.0,32,464,0.2597,31.6531,healthcare
False,True,True,493,0.0412,1285.5926,0.0297,0.0,11,14,3,84,False,1.0013,yearly,technology,True,annually,True,492,monthly,548.5888,True,False,799046.0,33,292,0.5932,38.1393,government
True,True,True,496,0.0163,1134.5902,0.1122,0.0,11,6,4,385,True,1.0834,weekly,,False,annually,True,490,quarterly,554.3303,False,True,525484.0,32,448,0.2432,33.373,finance
False,True,True,500,0.0358,1283.6563,0.028,0.0,11,4,4,848,False,1.0271,yearly,technology,True,annually,True,465,monthly,712.4618,False,False,781369.0,27,390,0.5609,42.3224,healthcare
False,,True,500,0.0428,1262.8218,0.0107,0.0,10,9,4,479,False,1.0663,yearly,education,False,annually,True,489,monthly,528.1112,False,True,532577.0,27,222,0.2137,24.005,finance
True,,True,494,0.0066,1033.9426,0.0283,0.0,10,12,3,632,False,1.0019,yearly,education,True,annually,True,500,quarterly,532.8714,True,False,579588.0,31,285,0.5657,33.6866,government
True,True,True,500,0.0227,1397.299,0.1227,0.0,11,5,4,363,False,1.0305,weekly,manufacturing,False,annually,True,495,monthly,316.1409,False,False,925895.0,31,227,0.455,21.4741,healthcare
False,True,True,497,0.0152,1019.577,0.0163,0.0,11,11,4,469,True,1.0007,yearly,,False,annually,True,497,quarterly,499.5025,True,False,755388.0,37,259,0.3263,22.4998,government
False,True,True,500,0.0176,1013.7287,0.0114,0.0,10,11,4,664,True,1.0016,yearly,education,False,annually,False,470,annually,476.3975,True,True,776676.0,34,404,0.2288,27.0706,technology
False,True,True,151,0.0251,1005.6764,0.0047,0.0,10,10,4,4,False,1.0478,yearly,finance,True,annually,True,457,annually,356.9042,True,False,100000.0,31,383,0.0946,20.9356,finance
False,True,True,500,0.0495,1253.1896,0.0027,0.0,11,10,4,349,True,1.0487,yearly,,True,annually,True,471,monthly,570.74,False,True,545385.0,33,270,0.0532,32.6933,healthcare
False,False,False,500,0.0033,1023.6623,0.0197,0.0,9,12,4,301,False,1.0006,yearly,finance,False,annually,True,497,quarterly,571.9132,False,True,791068.0,32,142,0.3944,32.5659,technology
True,False,False,499,0.0207,1137.7788,0.1148,0.0,11,5,4,105,False,1.1059,weekly,healthcare,True,annually,True,481,quarterly,588.0452,False,True,543659.0,31,246,0.2963,39.4764,finance
True,True,True,500,0.0438,1397.1202,0.1226,0.0,12,7,4,792,True,1.0109,weekly,education,True,annually,False,500,monthly,735.014,,True,313641.0,31,363,0.452,42.7339,finance
False,False,False,500,0.0142,1051.5323,0.0429,0.0,11,11,3,229,False,1.0661,yearly,,True,annually,True,485,quarterly,339.3222,True,True,947940.0,32,234,0.8589,35.682,finance
False,False,False,500,0.0492,1251.8685,0.0016,0.0,10,10,4,280,False,1.085,yearly,healthcare,False,annually,False,467,monthly,694.7558,True,True,137594.0,32,296,0.0311,29.8875,finance
False,False,False,500,0.0284,1029.8705,0.0249,0.0,10,12,4,939,False,1.1074,yearly,healthcare,True,annually,True,500,quarterly,680.6012,True,True,646991.0,27,191,0.4978,24.1873,healthcare
True,True,True,500,0.0402,1136.4523,0.1137,0.0,10,11,4,867,False,1.0007,weekly,education,True,annually,True,500,annually,452.0238,False,True,392063.0,30,324,0.2742,33.0831,education
False,False,False,500,0.0258,1289.7129,0.0331,0.0,11,9,4,241,True,1.003,yearly,manufacturing,True,annually,False,493,monthly,500.5824,,False,654848.0,34,181,0.6619,20.3261,government
,True,True,495,0.0347,1173.4171,0.1445,0.0,10,12,4,172,True,1.089,weekly,education,True,annually,True,463,annually,272.7103,False,False,980742.0,29,337,0.8903,34.8999,finance
True,True,True,500,0.0379,1160.23,0.1335,0.0,12,14,4,652,False,1.0781,weekly,technology,True,annually,True,485,annually,373.5992,False,False,908919.0,31,160,0.6705,28.4363,education
False,True,True,496,0.0337,1013.0084,0.0108,0.0,10,5,4,52,True,1.1244,yearly,,False,annually,True,500,annually,658.5225,False,True,724180.0,35,336,0.2168,25.017,finance
,True,True,500,0.0198,1036.2094,0.0302,0.0,10,13,4,475,False,1.0145,yearly,finance,True,annually,True,493,annually,513.0856,True,True,988331.0,31,339,0.6035,30.0466,healthcare
True,False,False,499,0.0499,1018.1157,0.0151,0.0,12,12,3,604,False,1.0286,yearly,healthcare,False,annually,True,445,quarterly,511.5522,False,True,697005.0,27,176,0.3019,30.9564,technology
True,,False,500,0.0408,1296.1054,0.0384,0.0,10,5,3,538,False,1.0,yearly,technology,True,annually,False,460,monthly,476.9993,True,True,966785.0,33,298,0.7684,29.7776,technology
True,True,True,500,0.0159,1148.0033,0.1233,0.0,12,11,4,766,False,1.0004,weekly,education,True,annually,True,453,quarterly,630.2892,True,False,703578.0,26,193,0.4667,27.6642,finance
False,True,True,500,0.0306,1047.2529,0.0394,0.0,11,11,3,582,False,1.0011,yearly,education,True,annually,True,500,quarterly,683.5939,True,True,389573.0,34,378,0.7875,34.1255,healthcare
True,True,True,499,0.0105,1125.8991,0.1049,0.0,10,10,4,628,False,1.0507,weekly,,True,annually,False,494,annually,702.5457,False,True,947973.0,35,314,0.0983,15.1149,government
,True,True,500,0.0465,1290.1622,0.0335,0.0,10,10,4,1000,True,1.0006,yearly,technology,False,annually,True,497,monthly,689.0411,False,True,460928.0,33,280,0.6694,41.4291,healthcare
False,False,False,499,0.0196,1050.1242,0.0418,0.0,11,13,3,609,False,1.0001,yearly,finance,False,annually,False,452,annually,551.2111,True,True,176613.0,39,273,0.8354,29.7363,technology
False,False,False,500,0.0419,1299.5188,0.0413,0.0,9,6,4,985,True,1.0032,yearly,education,True,annually,False,500,monthly,672.0413,False,True,345022.0,27,273,0.8253,26.5109,education
True,False,False,498,0.0305,1128.903,0.1074,0.0,11,12,4,535,True,1.0005,weekly,technology,True,annually,False,483,quarterly,404.7704,True,False,605065.0,28,283,0.1484,39.3984,government
True,True,True,500,0.0338,1370.0,0.1,0.0,11,12,4,205,True,1.0307,weekly,finance,False,annually,False,500,monthly,683.7395,True,False,152352.0,31,282,0.0,32.4022,healthcare
True,True,True,498,0.0427,1012.2133,0.0102,0.0,11,13,3,639,True,1.0,yearly,education,False,annually,False,500,annually,500.6254,False,False,164655.0,32,313,0.2036,29.9121,education
False,True,True,500,0.011,1301.5688,0.043,0.0,10,11,4,770,True,1.0647,yearly,technology,True,annually,False,491,monthly,321.597,True,False,618842.0,38,246,0.8595,37.0371,finance
False,True,True,497,0.0054,1018.597,0.0155,0.0,11,11,4,80,True,1.1192,yearly,finance,True,annually,True,500,quarterly,487.6664,True,False,332786.0,37,312,0.3099,28.9926,finance
False,False,False,500,0.043,1302.3616,0.0436,0.0,11,10,4,0,True,1.0162,yearly,finance,False,annually,False,486,monthly,530.3539,True,True,346583.0,36,243,0.8727,20.8415,healthcare
True,True,True,498,0.0232,1058.7439,0.049,0.0,10,11,3,562,True,1.0919,yearly,manufacturing,False,annually,True,452,quarterly,498.6626,True,False,645232.0,27,337,0.9791,28.8562,education
False,False,False,500,0.0176,1260.5219,0.0088,0.0,11,17,4,646,False,1.026,yearly,,False,annually,True,489,monthly,573.1699,True,False,470798.0,36,98,0.1754,33.4079,technology
,False,False,496,0.0244,1043.2369,0.036,0.0,10,10,3,819,True,1.0,yearly,technology,True,annually,True,484,quarterly,625.6376,False,False,670834.0,30,318,0.7206,33.5141,education
False,False,False,500,0.0059,1054.2292,0.0452,0.0,10,17,4,959,False,1.0673,yearly,healthcare,True,annually,True,459,annually,607.308,True,False,101588.0,34,174,0.9038,34.9182,finance
False,True,True,492,0.014,1035.5289,0.0296,0.0,9,15,3,814,False,1.1309,yearly,technology,True,annually,True,500,annually,311.3731,True,False,916306.0,26,197,0.5921,36.7626,government
True,False,False,499,0.0116,1014.9315,0.0124,0.0,11,11,3,76,True,1.0,yearly,finance,False,annually,False,460,annually,181.2495,False,True,665855.0,28,173,0.2489,35.9383,government
True,False,False,500,0.0359,1278.6334,0.0239,0.0,11,9,3,146,True,1.0535,yearly,technology,False,annually,False,500,monthly,469.4481,False,True,208525.0,34,153,0.4772,25.2993,education
True,,True,499,0.0427,1413.005,0.1358,0.0,12,11,4,850,True,1.0253,weekly,finance,False,annually,True,468,monthly,512.6883,False,False,472492.0,32,370,0.7167,21.1733,government
False,False,False,500,0.001,1265.6668,0.0131,0.0,10,7,3,169,False,1.0232,yearly,education,False,annually,True,407,monthly,526.4796,,False,436615.0,30,335,0.2611,21.8206,finance
False,True,True,500,0.0362,1036.8595,0.0307,0.0,10,11,4,743,False,1.0796,yearly,finance,False,annually,False,492,annually,324.0622,False,True,582275.0,29,335,0.6143,38.4224,government
False,True,True,497,0.0297,1262.9624,0.0108,0.0,10,14,3,193,True,1.0724,yearly,finance,False,annually,False,500,monthly,680.2518,True,False,417637.0,35,296,0.216,25.5535,finance
,False,False,497,0.0143,1037.5643,0.0313,0.0,11,8,4,924,True,1.0778,yearly,,False,annually,False,500,annually,495.9394,False,True,343709.0,32,199,0.6261,28.0366,technology
True,True,True,497,0.0477,1428.5698,0.1488,0.0,9,14,4,666,True,1.0496,weekly,healthcare,True,annually,True,430,monthly,685.3346,True,False,380407.0,26,176,0.9762,40.3803,education
False,False,False,498,0.0067,1021.7367,0.0181,0.0,11,7,4,423,True,1.0233,yearly,healthcare,True,annually,True,476,annually,629.1074,False,False,386063.0,32,183,0.3623,26.9233,education
True,False,False,497,0.0107,1178.9415,0.1491,0.0,10,15,4,553,True,1.0571,weekly,,True,annually,True,464,quarterly,689.9835,True,False,481842.0,26,137,0.9824,22.641,government
,False,False,491,0.0085,1040.0346,0.0334,0.0,12,10,4,487,False,1.0,yearly,healthcare,True,annually,False,500,quarterly,506.794,False,False,401340.0,32,301,0.6672,33.6454,healthcare
False,,False,496,0.0326,1273.0465,0.0192,0.0,12,9,4,518,True,1.0699,yearly,education,False,annually,False,496,monthly,806.1128,True,False,172986.0,34,413,0.3841,29.232,technology
True,True,True,499,0.0336,1151.8053,0.1265,0.0,11,6,4,114,False,1.0036,weekly,finance,True,annually,True,500,quarterly,591.5239,False,True,867755.0,33,318,0.5301,39.2375,education
False,False,False,51,0.019,1292.6893,0.0356,0.0,11,9,4,0,True,1.0,yearly,technology,True,annually,False,487,monthly,576.0117,False,True,387680.0,32,247,0.7115,36.2558,education
True,True,True,500,0.0372,1420.043,0.1417,0.0,10,11,4,0,True,1.0,weekly,,True,annually,False,495,monthly,471.8839,True,True,477412.0,34,131,0.8341,29.032,finance
False,False,False,500,0.0048,1015.8156,0.0132,0.0,11,6,3,138,False,1.0668,yearly,technology,True,annually,True,500,quarterly,230.2179,False,False,433135.0,33,285,0.2636,31.0915,healthcare
False,True,True,500,0.005,1254.1877,0.0035,0.0,11,14,4,924,False,1.0198,yearly,technology,False,annually,False,472,monthly,568.8973,True,False,683287.0,35,220,0.0698,46.6277,education
True,False,False,500,0.0085,1042.2775,0.0352,0.0,11,13,3,434,False,1.1147,yearly,manufacturing,True,annually,True,477,annually,570.1958,False,True,363561.0,33,224,0.7046,26.9514,healthcare
False,False,False,499,0.0315,1052.4703,0.0437,0.0,9,11,4,266,True,1.0534,yearly,education,True,annually,True,499,annually,379.7349,False,True,495230.0,32,322,0.8745,42.2366,healthcare
False,True,True,499,0.0453,1295.5453,0.038,0.0,10,12,3,483,True,1.0505,yearly,manufacturing,True,annually,False,500,monthly,353.9013,True,True,954730.0,34,273,0.7591,37.0881,finance
,True,True,498,0.0433,1304.6295,0.0455,0.0,9,12,3,214,True,1.1197,yearly,finance,True,annually,False,496,monthly,407.9375,True,False,471652.0,32,298,0.9105,31.08,government
False,False,False,500,0.0052,1032.3883,0.027,0.0,10,14,4,913,True,1.0168,yearly,finance,True,annually,False,461,annually,588.6522,True,True,503319.0,34,257,0.5398,19.2693,technology
,True,True,500,0.0457,1178.9008,0.1491,0.0,10,9,4,470,False,1.0845,weekly,education,False,annually,False,500,annually,460.4096,True,False,731158.0,31,197,0.9817,27.8151,government
,False,False,498,0.0283,1025.8634,0.0216,0.0,12,16,4,488,False,1.0,yearly,,True,annually,True,500,quarterly,674.2807,False,True,592247.0,33,16,0.4311,34.3623,government
False,False,False,500,0.0052,1045.5317,0.0379,0.0,10,11,4,794,True,1.1562,yearly,finance,True,annually,False,424,quarterly,678.6635,False,False,693219.0,35,332,0.7589,24.7467,government
True,True,True,500,0.001,1168.9507,0.1408,0.0,11,11,4,644,True,1.0628,weekly,education,False,annually,False,500,quarterly,458.6176,True,False,366485.0,33,17,0.8158,32.7523,finance
False,True,True,495,0.0214,1264.048,0.0117,0.0,11,9,4,233,True,1.0718,yearly,manufacturing,False,annually,True,500,monthly,283.4516,False,True,702350.0,34,321,0.2341,31.197,technology
True,True,True,498,0.0193,1048.9258,0.0408,0.0,10,12,3,647,True,1.0,yearly,finance,True,annually,False,500,quarterly,710.5039,,False,334743.0,31,154,0.8154,28.964,finance
False,False,False,500,0.0087,1016.3639,0.0136,0.0,10,11,3,699,True,1.0192,yearly,manufacturing,True,annually,True,499,quarterly,501.0834,True,False,855909.0,32,222,0.2727,28.3591,technology
False,True,True,500,0.0405,1007.8675,0.0066,0.0,11,12,3,504,True,1.0006,yearly,healthcare,True,annually,False,500,quarterly,475.3995,False,False,641234.0,30,229,0.1311,34.4797,education
True,False,False,500,0.0471,1016.5649,0.0138,0.0,11,4,3,636,True,1.0008,yearly,technology,False,annually,False,452,annually,666.1003,False,True,937474.0,27,230,0.2761,33.7053,technology
,False,False,492,0.0268,1035.2811,0.0294,0.0,10,15,4,111,True,1.0008,yearly,education,False,annually,True,490,quarterly,514.1716,True,False,721651.0,35,208,0.588,34.3876,finance
True,True,True,500,0.0464,1373.6958,0.1031,0.0,11,6,4,188,False,1.0336,weekly,technology,True,annually,True,496,monthly,320.2883,False,False,631965.0,32,207,0.0616,24.8418,finance
False,True,True,498,0.0217,1261.8129,0.0098,0.0,11,15,3,810,False,1.0288,yearly,education,True,annually,True,489,monthly,733.7026,False,True,451807.0,30,364,0.1969,33.6338,finance
True,True,True,499,0.0338,1123.4726,0.1029,0.0,11,1,4,517,False,1.0051,weekly,finance,False,annually,True,500,quarterly,503.1167,False,False,611683.0,29,264,0.0579,41.0682,technology
False,False,False,500,0.0106,1003.4098,0.0028,0.0,11,9,3,370,False,1.0015,yearly,technology,True,annually,True,500,quarterly,633.9349,True,False,913694.0,29,117,0.0568,41.6018,government
False,True,True,498,0.0312,1044.2392,0.0369,0.0,11,12,3,716,False,1.0,yearly,technology,False,annually,False,476,annually,577.772,False,True,949639.0,35,358,0.7373,28.0259,finance
True,True,True,500,0.039,1387.8704,0.1149,0.0,9,8,4,642,True,1.1762,weekly,,True,annually,False,479,monthly,361.5703,False,True,478058.0,31,254,0.2978,34.6531,finance
False,True,True,496,0.0341,1295.6969,0.0381,0.0,10,8,3,251,True,1.1115,yearly,healthcare,True,annually,False,500,monthly,622.5951,False,False,349870.0,30,255,0.7616,38.1209,healthcare
False,True,True,494,0.0308,1305.4864,0.0462,0.0,9,7,4,176,True,1.0964,yearly,education,True,annually,False,467,monthly,397.9072,False,False,282659.0,36,299,0.9248,27.2733,government
False,False,False,499,0.0403,1013.4756,0.0112,0.0,11,13,3,881,False,1.0398,yearly,healthcare,False,annually,True,480,annually,800.5866,True,True,957845.0,24,214,0.2246,24.3402,healthcare
False,True,True,500,0.0446,1013.0867,0.0109,0.0,10,9,4,770,True,1.021,yearly,education,True,annually,False,500,annually,636.818,False,False,479841.0,31,241,0.2181,41.586,finance
False,False,False,495,0.003,1036.7352,0.0306,0.0,10,7,3,64,True,1.0456,yearly,manufacturing,True,annually,True,455,quarterly,493.1361,True,False,991453.0,37,215,0.6123,33.9162,government
True,False,False,500,0.0441,1015.0535,0.0125,0.0,10,8,3,857,True,1.0484,yearly,healthcare,True,annually,True,500,annually,570.7982,False,True,829033.0,31,316,0.2509,30.3363,education
False,True,True,500,0.0391,1035.0608,0.0292,0.0,10,10,4,349,True,1.0012,yearly,education,False,annually,True,480,quarterly,453.31,True,True,1000000.0,33,248,0.5843,35.17,technology
,False,False,498,0.0201,1041.282,0.0344,0.0,10,8,3,56,False,1.0012,yearly,education,True,annually,True,478,quarterly,525.648,True,False,199767.0,33,306,0.688,31.3229,education
,True,True,500,0.0032,1251.7399,0.0014,0.0,9,15,3,804,True,1.0535,yearly,technology,True,annually,True,472,monthly,561.608,,False,273066.0,29,482,0.029,32.0538,healthcare
False,False,False,500,0.0431,1052.9168,0.0441,0.0,11,10,3,659,True,1.0128,yearly,manufacturing,False,annually,False,464,annually,758.2134,True,True,514245.0,31,84,0.8819,36.786,healthcare
True,False,False,499,0.0113,1420.6601,0.1422,0.0,11,5,4,261,True,1.0069,weekly,education,True,annually,True,463,monthly,432.1666,False,False,203880.0,38,168,0.8443,28.3073,education
False,True,True,499,0.0341,1255.6856,0.0047,0.0,9,8,3,511,True,1.0,yearly,technology,True,annually,True,500,monthly,566.8509,True,False,154067.0,27,405,0.0948,32.5702,finance
True,True,True,500,0.0095,1173.1658,0.1443,0.0,11,13,4,50,True,1.0174,weekly,,False,annually,True,453,quarterly,533.024,True,True,693922.0,31,287,0.8861,31.5686,finance
True,False,False,500,0.0467,1391.121,0.1176,0.0,10,10,4,681,False,1.0872,weekly,finance,True,annually,True,474,monthly,569.8529,True,True,935062.0,29,156,0.352,30.9842,government
False,,True,495,0.0063,1046.4535,0.0387,0.0,12,7,4,259,True,1.037,yearly,manufacturing,True,annually,True,500,quarterly,712.8013,False,True,641872.0,31,380,0.7742,23.115,technology
True,,True,497,0.0266,1415.152,0.1376,0.0,9,9,4,10,False,1.0983,weekly,technology,True,annually,True,478,monthly,653.7916,,False,263510.0,34,309,0.7525,39.1316,education
False,True,True,496,0.033,1053.2092,0.0443,0.0,10,8,3,87,False,1.0,yearly,technology,False,annually,True,500,quarterly,548.4571,True,True,654479.0,32,226,0.8868,37.9603,education
True,True,True,496,0.0109,1308.2749,0.0486,0.0,10,10,3,46,False,1.0269,yearly,education,True,annually,True,477,monthly,531.8297,False,True,570852.0,32,202,0.9712,26.8595,healthcare
True,True,True,499,0.0454,1161.0803,0.1342,0.0,10,14,4,533,True,1.0999,weekly,healthcare,True,annually,False,481,quarterly,419.5183,False,False,583779.0,32,331,0.6847,29.6999,finance
True,False,False,497,0.0232,1250.0,0.0,0.0,10,12,3,391,True,1.1545,yearly,manufacturing,False,annually,True,485,monthly,623.275,False,True,864264.0,29,276,0.0,30.4069,government
False,True,True,48,0.0087,1017.4429,0.0145,0.0,11,9,4,0,False,1.0016,yearly,finance,True,annually,False,500,annually,483.5762,False,True,727767.0,34,385,0.2907,32.9438,government
False,True,True,500,0.05,1032.8339,0.0274,0.0,10,11,4,49,True,1.0,yearly,healthcare,False,annually,False,500,annually,712.3019,True,True,471372.0,31,169,0.5472,42.7845,healthcare
False,False,False,498,0.0482,1019.7222,0.0164,0.0,12,7,3,997,False,1.0357,yearly,healthcare,False,annually,False,475,annually,313.0996,False,True,506268.0,32,181,0.3287,27.9929,finance
,False,False,500,0.0146,1051.8084,0.0432,0.0,12,10,3,887,False,1.0555,yearly,technology,True,annually,True,493,annually,551.8401,,True,233110.0,33,239,0.8635,28.8547,government
True,False,False,497,0.0487,1059.8439,0.0499,0.0,11,10,3,267,False,1.1373,yearly,technology,False,annually,False,495,annually,587.1591,True,True,663759.0,31,297,0.9974,36.2913,finance
False,True,True,499,0.0474,1299.0453,0.0409,0.0,10,11,3,484,False,1.0653,yearly,healthcare,False,annually,False,500,monthly,326.1488,True,True,288376.0,38,130,0.8174,30.9391,finance
True,,False,494,0.036,1135.8657,0.1132,0.0,9,7,4,532,True,1.0016,weekly,technology,True,annually,True,500,annually,420.427,True,False,561892.0,30,115,0.2644,27.9475,education
True,False,False,499,0.001,1144.289,0.1202,0.0,11,11,4,141,True,1.0,weekly,healthcare,True,annually,True,490,quarterly,445.7845,False,True,167731.0,29,330,0.4048,26.6725,technology
,False,False,500,0.0042,1389.4906,0.1162,0.0,10,12,4,667,False,1.104,weekly,technology,False,annually,False,500,monthly,474.8705,False,True,116003.0,30,204,0.3248,31.1646,government
,True,True,497,0.034,1288.3204,0.0319,0.0,11,9,3,67,False,1.0034,yearly,technology,True,annually,False,478,monthly,466.6522,True,False,978249.0,27,358,0.6387,40.4995,government
,True,True,497,0.0424,1037.6881,0.0314,0.0,9,10,3,980,True,1.044,yearly,finance,False,annually,False,500,quarterly,522.2848,False,False,963486.0,32,316,0.6281,31.0274,healthcare
True,True,True,492,0.049,1007.1784,0.006,0.0,10,10,3,792,False,1.0679,yearly,technology,False,annually,True,500,annually,736.7874,False,False,574532.0,32,189,0.1196,37.0492,finance
True,True,True,499,0.0042,1284.6507,0.0289,0.0,11,9,3,430,True,1.0188,yearly,education,True,annually,False,500,monthly,550.0622,True,False,731773.0,33,419,0.5775,23.6356,government
True,True,True,498,0.0094,1159.4427,0.1329,0.0,11,8,4,699,True,1.0155,weekly,technology,True,annually,False,475,quarterly,396.1379,False,False,664773.0,34,191,0.6574,22.3279,healthcare
,True,True,495,0.0383,1270.416,0.017,0.0,12,10,3,326,True,1.0,yearly,manufacturing,False,annually,True,474,monthly,542.1768,False,True,470783.0,28,296,0.3403,20.4434,government
False,True,True,500,0.0469,1000.4338,0.0004,0.0,10,9,3,786,False,1.0557,yearly,healthcare,False,annually,False,485,annually,522.8928,True,True,794262.0,32,333,0.0072,20.6265,technology
False,False,False,499,0.0412,1266.6225,0.0139,0.0,11,6,4,45,False,1.0838,yearly,,False,annually,True,500,monthly,503.5976,True,True,705175.0,30,270,0.277,41.5189,government
False,True,True,500,0.0035,1253.3962,0.0028,0.0,11,16,4,460,False,1.0758,yearly,technology,False,annually,True,475,monthly,380.2162,True,False,760793.0,33,293,0.0566,32.3034,technology
False,False,False,497,0.027,1035.3086,0.0294,0.0,11,12,4,515,True,1.0492,yearly,finance,True,annually,True,482,quarterly,500.075,False,False,494915.0,29,273,0.5885,24.1896,technology
True,True,True,500,0.0172,1400.9184,0.1258,0.0,11,11,4,70,True,1.0028,weekly,finance,False,annually,False,491,monthly,405.5815,False,True,252889.0,38,367,0.5153,30.3114,finance
True,True,True,500,0.0345,1038.4334,0.032,0.0,10,14,3,754,True,1.055,yearly,healthcare,False,annually,False,500,annually,691.236,False,False,678665.0,33,304,0.6406,25.7057,healthcare
True,True,True,500,0.0355,1056.1716,0.0468,0.0,9,13,3,24,True,1.0021,yearly,healthcare,False,annually,True,461,annually,646.7009,False,False,427438.0,31,139,0.9362,27.4527,healthcare
True,False,False,496,0.026,1171.576,0.143,0.0,10,10,4,630,False,1.0,weekly,technology,False,annually,False,500,quarterly,391.9905,,True,418323.0,35,244,0.8596,34.791,government
True,,False,495,0.0238,1165.2794,0.1377,0.0,11,11,4,452,True,1.0887,weekly,education,True,annually,True,500,annually,780.7247,True,False,215676.0,31,189,0.7547,10.385,education
True,False,False,499,0.0171,1056.9654,0.0475,0.0,10,8,3,364,False,1.056,yearly,,True,annually,False,500,quarterly,438.7412,,False,411595.0,26,352,0.9494,25.2594,healthcare
,False,False,500,0.0361,1283.162,0.0276,0.0,10,2,3,208,False,1.061,yearly,manufacturing,True,annually,True,489,monthly,668.6531,True,True,372572.0,32,479,0.5527,27.2418,healthcare
True,False,False,498,0.0417,1388.7436,0.1156,0.0,11,9,4,645,False,1.0258,weekly,healthcare,True,annually,False,500,monthly,291.7037,True,True,615548.0,35,398,0.3124,34.1013,technology
,True,True,497,0.0309,1291.1638,0.0343,0.0,11,14,3,143,False,1.0248,yearly,finance,False,annually,False,451,monthly,451.8075,False,True,645311.0,28,262,0.6861,8.5054,finance
True,False,False,497,0.0236,1414.6181,0.1372,0.0,10,9,4,214,True,1.0444,weekly,technology,False,annually,True,498,monthly,457.7505,False,True,473072.0,34,319,0.7436,24.0725,finance
False,True,True,500,0.0394,1251.8912,0.0016,0.0,11,8,3,164,False,1.0524,yearly,finance,True,annually,True,500,monthly,598.3543,False,False,604147.0,34,256,0.0315,33.275,finance
False,False,False,500,0.0162,1275.1843,0.021,0.0,10,12,4,937,False,1.0843,yearly,healthcare,True,annually,True,495,monthly,558.518,False,True,353924.0,32,93,0.4197,16.3964,government
False,True,True,500,0.0478,1012.178,0.0101,0.0,11,6,4,294,True,1.0,yearly,education,True,annually,False,484,annually,475.6477,,False,640308.0,31,238,0.203,24.5992,government
True,True,True,499,0.0165,1261.4992,0.0096,0.0,10,9,3,480,False,1.0068,yearly,technology,True,annually,False,461,monthly,485.6412,False,True,493840.0,34,197,0.1917,32.512,finance
,True,True,498,0.0379,1171.327,0.1428,0.0,10,7,4,347,True,1.0025,weekly,manufacturing,True,annually,False,500,annually,497.4681,False,True,608340.0,37,114,0.8554,32.2556,finance
False,,True,500,0.0384,1271.4044,0.0178,0.0,12,11,4,321,True,1.0668,yearly,technology,True,annually,True,462,monthly,411.5174,True,False,709818.0,34,281,0.3567,35.4498,education
True,False,False,500,0.0156,1147.8844,0.1232,0.0,9,9,4,76,False,1.0445,weekly,finance,True,annually,True,500,annually,568.245,True,True,808090.0,26,306,0.4647,28.1397,education
,True,True,500,0.0159,1037.7322,0.0314,0.0,11,10,4,734,True,1.0688,yearly,technology,True,annually,True,475,quarterly,491.285,True,True,354616.0,32,229,0.6289,27.7251,education
True,False,False,500,0.0039,1171.6599,0.143,0.0,11,8,4,419,False,1.078,weekly,technology,True,annually,True,441,quarterly,482.3683,False,True,699713.0,33,247,0.861,37.9477,education
False,True,True,497,0.0226,1008.0154,0.0067,0.0,9,10,4,198,False,1.062,yearly,technology,False,annually,False,476,annually,691.1251,False,False,930429.0,33,230,0.1336,40.9921,education
False,False,False,500,0.023,1021.9686,0.0183,0.0,9,11,4,507,False,1.0085,yearly,technology,True,annually,False,500,quarterly,369.2834,False,True,515806.0,31,266,0.3661,25.1917,government
True,False,False,500,0.0419,1022.0168,0.0183,0.0,11,10,3,434,False,1.0829,yearly,technology,False,annually,False,490,quarterly,476.985,False,True,841797.0,34,328,0.3669,31.3695,technology
False,False,False,499,0.0183,1003.2132,0.0027,0.0,11,11,4,663,True,1.0221,yearly,healthcare,False,annually,True,494,quarterly,459.6731,True,False,552238.0,35,189,0.0536,28.0701,finance
,False,False,499,0.0404,1289.2204,0.0327,0.0,11,6,4,626,True,1.0204,yearly,technology,False,annually,False,477,monthly,425.1779,False,True,236492.0,27,130,0.6537,37.7634,technology
True,True,True,500,0.0185,1012.8578,0.0107,0.0,11,8,3,335,True,1.0023,yearly,technology,True,annually,True,494,quarterly,823.8817,False,False,987838.0,31,290,0.2143,31.4807,education
False,False,False,498,0.0118,1008.8762,0.0074,0.0,11,8,4,903,False,1.0624,yearly,healthcare,True,annually,True,491,quarterly,578.3479,True,False,681730.0,36,160,0.1479,40.9421,education
False,False,False,494,0.0251,1057.5948,0.048,0.0,11,7,4,503,False,1.0999,yearly,healthcare,True,annually,False,470,annually,588.6295,True,True,721623.0,27,469,0.9599,26.6568,education
True,False,False,500,0.0285,1053.8738,0.0449,0.0,11,13,3,513,False,1.047,yearly,finance,True,annually,False,482,quarterly,422.6127,,True,542657.0,33,309,0.8979,26.3432,education
True,True,True,498,0.0289,1011.164,0.0093,0.0,10,10,3,330,True,1.0324,yearly,education,True,annually,True,471,annually,387.6275,True,False,832513.0,32,400,0.1861,22.7156,government
True,False,False,500,0.0094,1134.6025,0.1122,0.0,10,8,4,472,True,1.0,weekly,technology,False,annually,False,455,quarterly,620.3908,,True,693142.0,34,305,0.2434,13.8418,technology
,True,True,497,0.0254,1302.3919,0.0437,0.0,10,12,4,447,True,1.0068,yearly,technology,True,annually,True,438,monthly,535.6408,True,False,550636.0,33,412,0.8732,33.7155,healthcare
False,,False,498,0.0099,1253.386,0.0028,0.0,10,15,4,642,True,1.0133,yearly,finance,False,annually,True,500,monthly,630.0498,False,False,259495.0,36,177,0.0564,31.7075,education
True,False,False,498,0.0192,1412.9145,0.1358,0.0,11,10,4,844,True,1.0455,weekly,manufacturing,True,annually,False,492,monthly,239.1454,,True,315277.0,31,267,0.7152,16.2558,technology
True,True,True,498,0.0213,1395.4431,0.1212,0.0,10,8,4,61,True,1.0493,weekly,finance,True,annually,True,498,monthly,548.5387,False,False,976696.0,29,400,0.4241,18.8145,government
True,True,True,500,0.0304,1125.6083,0.1047,0.0,11,9,4,515,True,1.0061,weekly,education,True,annually,True,453,quarterly,592.244,True,True,219734.0,30,60,0.0935,22.5671,education
True,False,False,498,0.0453,1415.2464,0.1377,0.0,10,13,4,123,True,1.0995,weekly,healthcare,True,annually,False,500,monthly,456.8296,True,False,189912.0,31,324,0.7541,35.9508,healthcare
False,False,False,499,0.0274,1037.0759,0.0309,0.0,11,10,4,566,False,1.0417,yearly,education,False,annually,True,493,quarterly,430.4577,False,False,971150.0,35,245,0.6179,24.6215,education
True,,True,495,0.0306,1370.1466,0.1001,0.0,11,10,4,585,False,1.0061,weekly,technology,False,annually,False,485,monthly,406.29,False,False,407525.0,31,269,0.0024,30.1603,education
False,True,True,498,0.0191,1277.376,0.0228,0.0,11,12,4,425,False,1.0,yearly,technology,False,annually,False,499,monthly,509.8471,False,True,551600.0,31,194,0.4563,35.154,government
False,True,True,500,0.0058,1019.3338,0.0161,0.0,10,9,3,557,False,1.0,yearly,education,False,annually,False,494,quarterly,542.9727,True,False,564206.0,33,368,0.3222,29.9114,finance
False,False,False,497,0.0074,1026.119,0.0218,0.0,10,9,3,318,False,1.0184,yearly,finance,True,annually,False,489,annually,513.8631,False,True,141234.0,28,280,0.4353,38.6833,healthcare
True,False,False,500,0.0255,1159.1989,0.1327,0.0,12,9,4,724,False,1.0,weekly,manufacturing,False,annually,False,500,quarterly,433.5996,False,True,513521.0,33,348,0.6533,26.9148,technology
False,False,False,500,0.0499,1016.7381,0.0139,0.0,11,7,3,429,False,1.0665,yearly,technology,True,annually,False,460,quarterly,665.6378,True,True,457987.0,32,181,0.279,48.7754,government
False,True,True,500,0.0386,1032.8516,0.0274,0.0,12,10,4,413,False,1.0016,yearly,education,True,annually,True,485,quarterly,469.1429,True,False,552900.0,34,267,0.5475,19.2559,government
False,True,True,499,0.0426,1016.3932,0.0137,0.0,11,15,4,235,True,1.0589,yearly,manufacturing,False,annually,False,500,annually,524.1403,True,True,888574.0,35,134,0.2732,26.4271,finance
True,True,True,500,0.0189,1392.457,0.1187,0.0,11,11,4,253,False,1.0811,weekly,healthcare,True,annually,False,500,monthly,585.3517,False,True,939402.0,33,141,0.3743,12.5812,education
True,True,True,495,0.0182,1176.468,0.1471,0.0,11,12,4,333,False,1.0786,weekly,technology,True,annually,True,500,annually,535.0681,True,False,237722.0,35,308,0.9411,37.6428,healthcare
False,False,False,497,0.0353,1019.0223,0.0159,0.0,10,14,4,689,False,1.0011,yearly,technology,True,annually,True,500,annually,442.6019,True,False,789729.0,28,73,0.317,30.5772,finance
False,True,True,500,0.0267,1044.7655,0.0373,0.0,10,9,4,724,False,1.0939,yearly,finance,False,annually,False,500,quarterly,574.0311,True,True,161975.0,32,190,0.7461,31.1897,technology
False,True,True,499,0.0431,1007.5474,0.0063,0.0,11,14,3,231,True,1.0,yearly,healthcare,True,annually,False,500,quarterly,435.6562,False,False,345624.0,35,339,0.1258,29.8049,government
False,True,True,48,0.0062,1037.4554,0.0312,0.0,10,11,4,0,False,1.1196,yearly,manufacturing,False,annually,True,468,annually,685.5008,False,True,318800.0,34,236,0.6243,20.8787,government
True,False,False,500,0.0195,1042.5332,0.0354,0.0,9,12,3,699,False,1.0629,yearly,,False,annually,True,470,annually,696.0242,True,False,523623.0,33,108,0.7089,40.2676,technology
True,True,True,499,0.0321,1148.9766,0.1241,0.0,10,14,4,253,True,1.1087,weekly,education,False,annually,True,484,annually,880.9814,True,True,882446.0,35,398,0.4829,22.8733,finance
True,False,False,500,0.025,1173.5216,0.1446,0.0,11,11,4,242,True,1.0109,weekly,technology,False,annually,False,500,quarterly,654.785,False,True,745764.0,33,317,0.892,37.3513,government
True,True,True,498,0.0447,1015.3148,0.0128,0.0,10,12,3,863,True,1.0639,yearly,technology,False,annually,False,483,quarterly,447.8835,False,False,386310.0,33,256,0.2552,26.6023,technology
True,True,True,500,0.0201,1410.9064,0.1341,0.0,10,12,4,828,False,1.0,weekly,finance,False,annually,True,500,monthly,569.0015,False,False,484514.0,31,235,0.6818,28.3931,government
,False,False,500,0.0244,1154.7884,0.129,0.0,12,10,4,672,False,1.0015,weekly,finance,False,annually,True,500,annually,496.8847,True,False,414813.0,28,189,0.5798,33.3677,healthcare
True,True,True,500,0.0343,1125.2993,0.1044,0.0,12,9,4,255,True,1.0405,weekly,education,True,annually,False,479,annually,561.4936,,True,817153.0,36,235,0.0883,27.603,healthcare
,False,False,500,0.0394,1178.7884,0.149,0.0,11,5,4,389,True,1.0009,weekly,finance,False,annually,False,500,annually,527.3157,False,False,137945.0,35,232,0.9798,35.5193,government
True,False,False,500,0.0383,1171.7111,0.1431,0.0,12,9,4,813,True,1.0009,weekly,education,True,annually,True,500,quarterly,590.2133,True,False,834133.0,30,322,0.8619,38.8381,government
False,False,False,498,0.0195,1276.523,0.0221,0.0,11,5,4,169,False,1.1152,yearly,finance,True,annually,True,500,monthly,545.0518,False,True,824707.0,32,145,0.4421,39.7273,healthcare
False,True,True,497,0.0137,1015.9242,0.0133,0.0,9,12,3,472,True,1.0507,yearly,healthcare,False,annually,False,500,quarterly,230.9991,True,False,366074.0,32,253,0.2654,41.1022,technology
True,True,True,498,0.0488,1404.1618,0.1285,0.0,10,7,4,638,False,1.0305,weekly,manufacturing,True,annually,False,445,monthly,358.2975,True,False,908618.0,36,142,0.5694,30.5734,technology
True,True,True,498,0.0261,1175.5748,0.1463,0.0,11,8,4,480,True,1.0024,weekly,,True,annually,False,500,annually,571.9651,,False,794934.0,25,189,0.9262,32.9593,finance
False,,True,498,0.0472,1307.3084,0.0478,0.0,11,11,4,281,False,1.0269,yearly,manufacturing,True,annually,True,460,monthly,436.1842,True,False,714133.0,32,420,0.9551,33.5198,education
True,False,False,500,0.0223,1310.0,0.05,0.0,10,8,3,404,True,1.0123,yearly,healthcare,True,annually,True,498,monthly,639.6493,False,True,260225.0,32,292,1.0,35.6401,healthcare
True,True,True,500,0.0292,1407.7785,0.1315,0.0,11,11,4,608,False,1.0208,weekly,healthcare,True,annually,True,466,monthly,699.8629,False,True,208098.0,25,418,0.6296,25.1012,education
True,False,False,56,0.0283,1035.7787,0.0298,0.0,10,10,3,13,False,1.0017,yearly,technology,False,annually,False,474,quarterly,610.9153,True,True,924487.0,29,340,0.5963,25.6996,healthcare
True,False,False,498,0.011,1048.4752,0.0404,0.0,11,13,3,975,False,1.0458,yearly,technology,False,annually,False,500,annually,651.9678,True,False,865959.0,33,213,0.8079,31.9592,finance
True,True,True,498,0.0415,1040.2602,0.0336,0.0,10,13,3,27,True,1.0291,yearly,healthcare,True,annually,True,485,quarterly,719.6241,True,False,565290.0,30,251,0.671,35.1508,government
False,False,False,497,0.03,1049.9463,0.0416,0.0,11,16,4,438,False,1.0056,yearly,finance,True,annually,False,481,annually,603.2336,False,True,399181.0,36,186,0.8324,33.8893,healthcare
False,False,False,498,0.0208,1028.1914,0.0235,0.0,11,6,4,478,True,1.1715,yearly,manufacturing,True,annually,False,479,quarterly,416.5835,False,True,390188.0,33,357,0.4699,32.8472,finance
True,True,True,500,0.0243,1390.1995,0.1168,0.0,11,11,4,390,True,1.027,weekly,education,False,annually,False,497,monthly,441.2331,False,False,323676.0,31,339,0.3367,39.9737,healthcare
True,True,True,497,0.0266,1153.5047,0.1279,0.0,9,10,4,187,False,1.1516,weekly,manufacturing,False,annually,True,475,quarterly,472.3013,True,False,360190.0,33,301,0.5584,30.7691,healthcare
True,True,True,496,0.0193,1257.7268,0.0064,0.0,9,18,3,926,False,1.0758,yearly,technology,True,annually,False,500,monthly,287.0484,,True,637707.0,35,268,0.1288,30.4164,education
False,,True,495,0.0479,1309.7177,0.0498,0.0,11,13,4,491,True,1.028,yearly,education,True,annually,False,478,monthly,608.6232,True,True,234037.0,36,281,0.9953,35.6592,government
True,,False,500,0.0438,1164.6343,0.1372,0.0,10,9,4,549,False,1.0002,weekly,manufacturing,False,annually,False,436,quarterly,713.2354,False,True,103160.0,38,279,0.7439,34.3641,education
,False,False,500,0.036,1124.6702,0.1039,0.0,10,11,4,680,False,1.0,weekly,healthcare,False,annually,True,500,quarterly,555.5702,True,False,597674.0,34,306,0.0778,30.4327,finance
False,True,True,500,0.0406,1045.3111,0.0378,0.0,10,7,4,978,False,1.1136,yearly,finance,False,annually,False,475,quarterly,574.0672,True,True,424795.0,30,174,0.7552,32.0838,healthcare
True,True,True,500,0.0302,1123.6946,0.1031,0.0,10,9,4,201,False,1.012,weekly,manufacturing,True,annually,True,500,quarterly,291.7626,True,False,972018.0,29,257,0.0616,44.9339,healthcare
True,True,True,500,0.0387,1131.8799,0.1099,0.0,10,11,4,120,True,1.0429,weekly,manufacturing,True,annually,False,496,quarterly,648.7857,True,False,188410.0,34,297,0.198,38.6516,technology
True,True,True,497,0.0068,1265.6324,0.013,0.0,12,9,3,867,False,1.0007,yearly,finance,True,annually,True,490,monthly,534.4395,False,False,266601.0,31,146,0.2605,28.0516,government
True,False,False,498,0.0337,1378.94,0.1074,0.0,10,7,4,715,False,1.0368,weekly,technology,False,annually,True,500,monthly,579.0194,True,False,854113.0,35,318,0.149,26.9817,education
False,False,False,500,0.0479,1011.541,0.0096,0.0,11,6,4,103,False,1.0821,yearly,education,True,annually,True,478,quarterly,348.7147,True,True,554933.0,29,299,0.1924,36.8728,healthcare
,False,False,500,0.0466,1273.8033,0.0198,0.0,11,9,3,439,False,1.0452,yearly,education,False,annually,False,500,monthly,328.0813,True,True,547666.0,28,259,0.3967,34.3292,education
False,True,True,500,0.0118,1033.3392,0.0278,0.0,10,12,3,636,False,1.0851,yearly,,True,annually,True,473,annually,393.0708,True,False,1000000.0,33,471,0.5557,36.3186,government
True,True,True,499,0.0019,1377.4616,0.1062,0.0,10,11,4,492,False,1.1049,weekly,finance,False,annually,True,469,monthly,364.4428,True,True,606008.0,30,166,0.1244,30.8056,education
False,False,False,500,0.0034,1005.2766,0.0044,0.0,11,6,4,560,True,1.0012,yearly,education,False,annually,True,480,quarterly,342.4901,,True,583247.0,30,331,0.0879,36.695,healthcare
True,False,False,498,0.014,1129.7176,0.1081,0.0,10,7,4,844,True,1.0431,weekly,education,True,annually,False,458,quarterly,487.2319,False,True,640012.0,33,375,0.162,29.2372,technology
False,False,False,497,0.01,1259.6886,0.0081,0.0,10,7,3,286,False,1.0,yearly,healthcare,False,annually,True,477,monthly,387.0777,,False,406327.0,29,402,0.1615,27.8722,government
False,True,True,497,0.0197,1029.7528,0.0248,0.0,10,9,3,960,True,1.0478,yearly,healthcare,False,annually,False,479,annually,498.4009,False,False,112491.0,32,221,0.4959,31.4541,education
,True,True,500,0.0286,1307.3984,0.0478,0.0,10,11,4,68,True,1.1226,yearly,manufacturing,False,annually,True,500,monthly,678.2687,True,True,808336.0,31,273,0.9566,39.8386,education
False,False,False,500,0.0365,1306.3643,0.047,0.0,11,9,4,844,True,1.0383,yearly,finance,False,annually,True,500,monthly,540.0815,True,False,320175.0,39,304,0.9394,38.604,government
,False,False,500,0.001,1156.8091,0.1307,0.0,10,10,4,966,True,1.0279,weekly,education,False,annually,True,491,annually,606.4928,True,True,624886.0,32,206,0.6135,38.4509,finance
True,,True,498,0.0478,1172.3343,0.1436,0.0,11,13,4,730,False,1.0126,weekly,finance,False,annually,True,461,quarterly,585.414,,True,719715.0,36,217,0.8722,29.5386,government
True,True,True,500,0.0181,1154.3113,0.1286,0.0,9,13,4,909,False,1.043,weekly,technology,False,annually,True,474,quarterly,571.7212,True,True,893873.0,28,334,0.5719,35.4483,finance
False,False,False,500,0.0211,1042.6726,0.0356,0.0,10,12,3,339,True,1.0031,yearly,finance,True,annually,False,469,quarterly,361.0065,False,True,851693.0,34,273,0.7112,28.6488,government
,True,True,500,0.0405,1170.0989,0.1417,0.0,11,8,4,823,True,1.0772,weekly,finance,False,annually,False,498,annually,636.5286,False,False,513521.0,32,217,0.835,22.8349,healthcare
False,,True,494,0.0133,1016.2578,0.0135,0.0,10,9,4,582,True,1.0,yearly,technology,False,annually,False,500,annually,618.6208,False,True,999673.0,34,278,0.271,29.5178,technology
False,False,False,4,0.0465,1055.6562,0.0464,0.0,10,11,3,2,True,1.0989,yearly,manufacturing,True,annually,True,500,annually,569.4247,False,False,891907.0,27,189,0.9276,34.9391,technology
False,False,False,500,0.0383,1035.8072,0.0298,0.0,9,15,4,817,True,1.0884,yearly,technology,True,annually,True,439,quarterly,507.5818,False,True,373523.0,26,472,0.5968,12.1512,healthcare
False,False,False,48,0.0256,1296.2364,0.0385,0.0,10,17,4,18,True,1.0014,yearly,healthcare,True,annually,True,498,monthly,492.151,False,True,630981.0,29,246,0.7706,31.6263,education
,False,False,499,0.0422,1172.9616,0.1441,0.0,11,9,4,313,False,1.0588,weekly,education,False,annually,True,471,annually,378.9909,True,False,735422.0,29,400,0.8827,30.2725,healthcare
False,True,True,498,0.01,1279.9287,0.0249,0.0,10,8,4,373,True,1.0003,yearly,manufacturing,False,annually,True,500,monthly,597.6688,True,True,777750.0,37,302,0.4988,26.707,government
False,False,False,499,0.0395,1040.0093,0.0333,0.0,11,11,3,837,True,1.0156,yearly,education,True,annually,True,499,annually,524.6005,False,True,906775.0,31,163,0.6668,33.3892,education
False,False,False,498,0.0172,1042.4037,0.0353,0.0,9,9,4,541,False,1.0034,yearly,education,False,annually,False,471,quarterly,565.5672,True,False,412922.0,32,316,0.7067,23.7459,government
False,True,True,500,0.0199,1019.1595,0.016,0.0,12,7,4,288,False,1.0856,yearly,manufacturing,True,annually,True,500,quarterly,495.9406,True,True,405689.0,31,548,0.3193,30.1883,technology
True,False,False,498,0.0017,1054.3197,0.0453,0.0,10,12,3,507,True,1.0174,yearly,education,False,annually,False,481,annually,648.1679,False,True,615827.0,36,362,0.9053,32.0832,finance
False,False,False,496,0.011,1267.722,0.0148,0.0,11,13,3,655,False,1.0085,yearly,technology,True,annually,False,500,monthly,364.4893,,True,842179.0,37,225,0.2954,25.6685,technology
False,False,False,498,0.008,1002.1591,0.0018,0.0,9,7,3,364,True,1.0,yearly,finance,False,annually,False,494,quarterly,606.9723,False,False,126092.0,37,427,0.036,29.2647,finance
False,False,False,498,0.0457,1060.0,0.05,0.0,11,10,3,367,True,1.0,yearly,finance,True,annually,True,486,annually,509.8868,True,False,491350.0,32,321,1.0,34.6057,healthcare
True,False,False,500,0.0256,1399.2486,0.1244,0.0,11,10,4,87,False,1.0,weekly,finance,False,annually,True,500,monthly,318.9404,False,False,964143.0,29,360,0.4875,33.4695,healthcare
False,True,True,495,0.0456,1049.1463,0.041,0.0,10,9,4,568,False,1.0,yearly,,True,annually,False,500,quarterly,664.7055,True,True,203303.0,34,307,0.8191,27.6259,government
False,True,True,500,0.0094,1027.2799,0.0227,0.0,11,12,4,203,True,1.0106,yearly,manufacturing,True,annually,True,500,quarterly,649.8343,,False,531886.0,31,237,0.4547,27.8241,finance
False,True,True,500,0.0242,1019.4058,0.0162,0.0,11,14,4,406,True,1.0665,yearly,technology,True,annually,True,500,annually,220.2635,False,True,182330.0,29,375,0.3234,32.5775,finance
False,False,False,500,0.0253,1047.9979,0.04,0.0,10,10,4,306,False,1.0014,yearly,,True,annually,False,500,annually,449.6132,False,True,593548.0,32,330,0.8,30.2546,government
False,True,True,500,0.0372,1012.7764,0.0106,0.0,10,10,4,654,False,1.0011,yearly,manufacturing,False,annually,True,494,annually,765.2786,False,True,738476.0,30,276,0.2129,31.2476,government
True,False,False,500,0.0033,1128.2426,0.1069,0.0,10,10,4,1000,False,1.0192,weekly,manufacturing,True,annually,False,500,annually,571.2537,False,True,128265.0,34,274,0.1374,36.0733,healthcare
True,False,False,499,0.0389,1162.3062,0.1353,0.0,11,10,4,710,False,1.0706,weekly,manufacturing,False,annually,False,474,annually,831.1381,True,False,513955.0,35,463,0.7051,37.2324,technology
False,,False,497,0.0123,1055.3081,0.0461,0.0,10,6,4,968,True,1.0353,yearly,healthcare,False,annually,False,500,annually,560.5903,,True,207391.0,31,263,0.9218,36.0529,technology
True,True,True,496,0.0168,1017.496,0.0146,0.0,10,15,3,769,True,1.0128,yearly,education,True,annually,False,462,quarterly,449.8055,,False,981074.0,29,418,0.2916,34.5898,government
True,,False,499,0.0162,1297.0582,0.0392,0.0,10,5,3,234,True,1.1271,yearly,finance,True,annually,True,459,monthly,445.0187,False,True,959677.0,32,66,0.7843,29.8973,healthcare
False,False,False,500,0.0372,1053.7692,0.0448,0.0,10,12,4,407,False,1.0032,yearly,,False,annually,True,462,annually,335.226,True,True,882560.0,31,181,0.8962,34.6956,education
False,False,False,0,0.0474,1268.0648,0.0151,0.0,10,13,4,6,False,1.0001,yearly,finance,False,annually,False,431,monthly,387.4391,False,False,686936.0,33,228,0.3011,30.4728,finance
False,True,True,500,0.0359,1016.6079,0.0138,0.0,10,13,4,931,True,1.0043,yearly,manufacturing,True,annually,True,469,annually,394.0746,False,True,415566.0,34,332,0.2768,23.6263,education
False,False,False,500,0.0485,1043.1755,0.036,0.0,10,11,4,426,False,1.0195,yearly,healthcare,True,annually,True,485,quarterly,354.8861,True,False,630233.0,38,277,0.7196,17.9225,education
False,True,True,496,0.0484,1305.4562,0.0462,0.0,12,10,4,177,True,1.0627,yearly,finance,False,annually,True,454,monthly,566.4117,,True,964289.0,29,284,0.9243,38.6286,technology
True,False,False,492,0.0197,1171.7371,0.1431,0.0,11,6,4,39,False,1.001,weekly,healthcare,False,annually,False,492,quarterly,507.6742,,True,715130.0,33,158,0.8623,26.3772,education
False,True,True,500,0.0275,1303.319,0.0444,0.0,12,8,4,858,True,1.0261,yearly,finance,True,annually,False,500,monthly,659.2848,True,False,616806.0,29,209,0.8887,36.5575,technology
False,True,True,499,0.045,1003.9777,0.0033,0.0,11,14,3,945,True,1.0,yearly,technology,False,annually,False,500,quarterly,553.2822,False,False,402294.0,33,271,0.0663,28.6039,technology
False,True,True,498,0.0066,1012.9816,0.0108,0.0,11,7,4,828,True,1.0,yearly,healthcare,True,annually,True,479,annually,387.4359,True,True,422985.0,35,313,0.2164,28.2106,education
True,False,False,500,0.0415,1053.4132,0.0445,0.0,10,10,3,346,False,1.0173,yearly,healthcare,False,annually,False,485,quarterly,221.941,True,False,206096.0,32,188,0.8902,18.053,government
False,False,False,500,0.0261,1008.1782,0.0068,0.0,10,11,4,986,True,1.0014,yearly,manufacturing,True,annually,True,482,annually,504.8033,True,False,790070.0,34,172,0.1363,40.373,finance
True,True,True,491,0.0182,1035.3089,0.0294,0.0,12,13,3,230,False,1.0957,yearly,finance,False,annually,False,472,annually,524.0976,True,True,273317.0,28,366,0.5885,17.5218,finance
True,,True,500,0.0155,1386.1256,0.1134,0.0,10,17,4,0,True,1.1324,weekly,finance,True,annually,False,495,monthly,615.6025,False,False,634411.0,35,240,0.2688,24.6753,finance
False,True,True,500,0.0476,1033.0498,0.0275,0.0,11,10,3,207,False,1.0,yearly,healthcare,False,annually,False,500,annually,313.1715,True,True,920876.0,37,301,0.5508,30.0716,government
True,True,True,498,0.0101,1389.665,0.1164,0.0,11,8,4,612,False,1.0114,weekly,technology,False,annually,False,500,monthly,505.17,True,True,598536.0,34,472,0.3278,40.0266,technology
True,False,False,500,0.0263,1383.3178,0.1111,0.0,10,7,4,371,False,1.0642,weekly,technology,True,annually,False,467,monthly,590.7217,True,True,140736.0,33,215,0.222,27.3901,healthcare
True,True,True,500,0.0239,1390.5434,0.1171,0.0,10,12,4,285,False,1.0203,weekly,finance,True,annually,False,490,monthly,613.7442,False,False,359359.0,37,358,0.3424,30.2637,technology
False,,False,499,0.0107,1254.4562,0.0037,0.0,12,11,4,357,True,1.0485,yearly,technology,True,annually,False,500,monthly,563.3908,True,True,985854.0,37,325,0.0743,29.5505,finance
True,,False,499,0.0492,1029.5157,0.0246,0.0,12,2,3,643,False,1.0015,yearly,healthcare,False,annually,True,495,annually,574.6564,False,True,403034.0,36,481,0.4919,22.9998,government
False,True,True,499,0.0051,1269.3082,0.0161,0.0,10,8,3,654,True,1.0019,yearly,manufacturing,False,annually,True,460,monthly,575.7858,True,False,550326.0,29,365,0.3218,21.6476,technology
False,False,False,497,0.0139,1019.7196,0.0164,0.0,10,8,4,294,True,1.065,yearly,healthcare,True,annually,True,492,annually,874.7096,,False,376813.0,32,238,0.3287,31.6293,government
True,True,True,497,0.0246,1370.0,0.1,0.0,11,10,4,663,False,1.023,weekly,education,False,annually,False,500,monthly,418.8189,True,False,720914.0,33,53,0.0,15.1435,technology
True,True,True,500,0.0387,1043.9632,0.0366,0.0,11,12,3,144,True,1.0015,yearly,technology,True,annually,True,450,annually,495.8833,False,False,303533.0,35,289,0.7327,43.5029,healthcare
True,True,True,497,0.025,1427.6263,0.148,0.0,11,13,4,301,True,1.0009,weekly,healthcare,False,annually,True,492,monthly,464.1562,True,True,990698.0,28,252,0.9604,20.4569,government
False,False,False,495,0.017,1261.6819,0.0097,0.0,10,16,4,668,True,1.0,yearly,healthcare,False,annually,False,498,monthly,307.6579,True,False,273182.0,31,102,0.1947,39.5065,government
False,,False,500,0.0083,1038.2994,0.0319,0.0,11,8,4,707,False,1.0075,yearly,healthcare,True,annually,True,459,annually,601.7393,,True,642501.0,31,140,0.6383,41.9262,finance
True,True,True,500,0.0255,1293.2976,0.0361,0.0,11,15,3,289,False,1.0009,yearly,education,False,annually,True,500,monthly,366.1109,False,True,998736.0,34,389,0.7216,32.7201,education
False,False,False,500,0.0145,1281.1119,0.0259,0.0,10,10,3,610,True,1.0833,yearly,healthcare,False,annually,True,486,monthly,428.9039,False,True,416579.0,31,238,0.5185,36.4161,healthcare
True,True,True,498,0.0201,1043.1158,0.0359,0.0,10,12,3,728,False,1.0,yearly,education,True,annually,True,477,annually,537.5846,True,False,707088.0,32,212,0.7186,35.1158,technology
False,False,False,500,0.0257,1054.9961,0.0458,0.0,11,8,3,422,True,1.0074,yearly,manufacturing,False,annually,False,500,annually,528.7706,True,True,766376.0,32,218,0.9166,41.1058,healthcare
False,True,True,495,0.0352,1013.5894,0.0113,0.0,10,8,3,522,False,1.0771,yearly,technology,False,annually,True,460,annually,784.9336,,False,749129.0,33,302,0.2265,32.9689,technology
False,True,True,493,0.0203,1278.3885,0.0237,0.0,10,6,4,1000,True,1.0786,yearly,healthcare,True,annually,False,500,monthly,346.9257,False,True,966131.0,34,202,0.4731,26.0528,education
True,False,False,498,0.05,1120.6855,0.1006,0.0,11,14,4,237,False,1.007,weekly,manufacturing,True,annually,False,500,quarterly,692.9513,True,True,948738.0,31,292,0.0114,23.026,education
False,,True,499,0.0405,1051.5202,0.0429,0.0,10,8,4,696,True,1.0972,yearly,healthcare,True,annually,False,500,annually,645.3547,True,True,684364.0,30,315,0.8587,32.1254,technology
False,False,False,498,0.0239,1036.5106,0.0304,0.0,10,15,3,874,True,1.0046,yearly,manufacturing,False,annually,True,490,annually,302.2555,False,True,930339.0,33,226,0.6085,19.6563,healthcare
False,False,False,498,0.0041,1042.9608,0.0358,0.0,10,8,4,403,False,1.0564,yearly,education,False,annually,False,466,annually,421.6445,True,False,193182.0,35,356,0.716,29.9576,healthcare
True,,False,497,0.0312,1139.6992,0.1164,0.0,10,11,4,524,True,1.0,weekly,,False,annually,False,500,quarterly,526.1332,True,True,557360.0,33,92,0.3283,23.8988,healthcare
,True,True,500,0.002,1135.2333,0.1127,0.0,11,13,4,626,True,1.0499,weekly,finance,False,annually,True,496,annually,518.7965,False,True,284440.0,32,257,0.2539,36.1205,finance
False,False,False,498,0.0073,1000.3629,0.0003,0.0,11,14,3,662,False,1.0696,yearly,healthcare,False,annually,True,458,quarterly,527.2841,True,True,815667.0,29,305,0.006,24.8036,education
,False,False,495,0.0345,1030.5345,0.0254,0.0,10,13,4,561,True,1.0929,yearly,finance,False,annually,True,500,annually,457.2921,False,False,836583.0,29,267,0.5089,22.9979,technology
True,False,False,500,0.0119,1162.1268,0.1351,0.0,10,13,4,508,True,1.188,weekly,manufacturing,False,annually,False,474,annually,292.1776,False,False,386016.0,31,296,0.7021,23.7386,technology
False,,False,500,0.0107,1011.9828,0.01,0.0,10,4,4,724,False,1.1014,yearly,technology,True,annually,True,492,quarterly,568.2118,True,False,710382.0,30,327,0.1997,30.4394,government
True,False,False,494,0.0351,1386.329,0.1136,0.0,11,8,4,887,False,1.085,weekly,education,True,annually,True,487,monthly,391.5727,False,True,614100.0,29,256,0.2722,38.0593,technology
,True,True,500,0.0133,1046.0045,0.0383,0.0,11,13,4,360,False,1.0059,yearly,technology,True,annually,False,489,quarterly,502.37,True,True,284734.0,32,222,0.7667,26.5199,education
False,False,False,497,0.0212,1011.0135,0.0092,0.0,10,11,4,605,False,1.085,yearly,technology,False,annually,True,492,annually,309.9062,False,False,775039.0,28,248,0.1836,45.0865,finance
False,True,True,498,0.04,1020.9339,0.0174,0.0,11,7,4,403,False,1.056,yearly,manufacturing,True,annually,True,490,annually,591.2175,False,True,980362.0,34,212,0.3489,31.2312,finance
,True,True,500,0.0478,1032.2193,0.0268,0.0,11,9,3,651,True,1.0419,yearly,manufacturing,True,annually,False,443,quarterly,346.4116,True,True,611574.0,33,355,0.537,27.418,healthcare
,True,True,498,0.012,1043.3613,0.0361,0.0,11,7,4,364,True,1.0962,yearly,technology,True,annually,False,500,annually,396.125,False,True,495925.0,30,288,0.7227,32.5153,technology
True,False,False,500,0.0127,1416.8195,0.139,0.0,10,9,4,506,True,1.0,weekly,finance,False,annually,True,483,monthly,682.8208,False,False,963720.0,24,254,0.7803,20.3088,education
False,False,False,498,0.0444,1012.0583,0.01,0.0,11,6,3,633,False,1.0971,yearly,,True,annually,False,500,quarterly,218.828,True,False,314025.0,30,378,0.201,30.6503,government
True,,False,500,0.0358,1289.5365,0.0329,0.0,11,11,3,998,False,1.0,yearly,education,False,annually,True,459,monthly,521.6477,False,False,591059.0,32,40,0.6589,28.1079,government
False,True,True,494,0.0451,1297.5561,0.0396,0.0,11,5,4,714,False,1.0023,yearly,finance,True,annually,False,474,monthly,484.5524,False,True,470082.0,29,178,0.7926,29.0474,healthcare
False,True,True,500,0.0279,1044.4241,0.037,0.0,12,8,3,767,False,1.0,yearly,manufacturing,True,annually,True,500,annually,605.8263,True,True,582957.0,34,198,0.7404,36.0986,technology
False,,False,498,0.0094,1046.0653,0.0384,0.0,11,13,3,132,False,1.0988,yearly,manufacturing,False,annually,False,457,quarterly,666.3075,True,False,883258.0,30,203,0.7678,29.2939,education
False,False,False,499,0.0358,1022.5011,0.0188,0.0,10,9,4,276,False,1.0,yearly,education,True,annually,True,500,quarterly,366.0667,True,False,262931.0,34,162,0.375,36.2159,government
,False,False,498,0.0088,1016.5281,0.0138,0.0,10,8,4,629,False,1.0913,yearly,education,True,annually,True,500,quarterly,483.7033,True,False,154864.0,37,321,0.2755,33.4823,technology
False,False,False,500,0.0299,1042.7318,0.0356,0.0,12,8,4,555,True,1.0567,yearly,healthcare,False,annually,False,490,annually,439.2517,False,False,497656.0,36,97,0.7122,28.2527,technology
True,True,True,500,0.0198,1295.6067,0.038,0.0,9,10,3,847,True,1.0,yearly,healthcare,True,annually,True,489,monthly,584.3089,False,True,753600.0,30,52,0.7601,34.0819,government
True,False,False,499,0.047,1048.6281,0.0405,0.0,11,6,3,779,False,1.0286,yearly,manufacturing,True,annually,True,493,annually,571.4572,False,True,298633.0,30,323,0.8105,31.8414,government
,True,True,500,0.0409,1250.0,0.0,0.0,10,13,4,557,False,1.0005,yearly,healthcare,True,annually,False,500,monthly,492.0429,False,False,342267.0,33,130,0.0,18.2766,healthcare
False,True,True,499,0.0253,1264.2532,0.0119,0.0,11,14,3,103,True,1.0691,yearly,healthcare,True,annually,False,500,monthly,414.91,False,False,554303.0,33,518,0.2376,24.6103,technology
True,False,False,497,0.0076,1381.0047,0.1092,0.0,10,14,4,237,True,1.0,weekly,education,True,annually,True,484,monthly,423.457,False,True,151947.0,36,410,0.1834,23.4859,government
True,True,True,500,0.0261,1378.2499,0.1069,0.0,12,12,4,190,True,1.0015,weekly,technology,False,annually,False,462,monthly,422.3471,True,False,148159.0,35,225,0.1375,22.9186,technology
False,,True,500,0.0068,1009.4995,0.0079,0.0,10,6,4,983,False,1.0533,yearly,finance,True,annually,True,469,annually,441.7221,True,True,557481.0,31,387,0.1583,28.2849,finance
True,True,True,498,0.0017,1287.5509,0.0313,0.0,11,15,3,965,False,1.0023,yearly,education,True,annually,False,469,monthly,345.0503,True,False,317502.0,32,357,0.6258,24.4302,education
False,True,True,500,0.0048,1027.7622,0.0231,0.0,10,10,4,753,False,1.0024,yearly,technology,True,annually,False,497,annually,476.2151,,True,866643.0,31,240,0.4627,29.8855,government
True,True,True,495,0.008,1425.6888,0.1464,0.0,11,16,4,828,True,1.0644,weekly,finance,False,annually,True,500,monthly,345.0617,True,True,796746.0,32,175,0.9281,30.5638,technology
True,True,True,500,0.0217,1255.4201,0.0045,0.0,10,10,3,199,True,1.0718,yearly,technology,False,annually,False,460,monthly,559.8101,False,False,442528.0,30,235,0.0903,35.1086,finance
