critical_review_score,period_language_style_factor,battles,dynamic_characters,new_techniques_used,average_age_of_main_characters,modern_slang_ratio,is_part_of_series,author_award_count,current_theme_popularity,narrative_perspectives_count,influential_themes_count,literary_award_status,has_illustrations,author_recognition_factor,character_complexity_index,narrative_complexity_score,author_genre_diversity,average_word_count_per_sentence,symbolic_elements_index,target_audience_age,historical_context_integration,main_character_arc_complexity,publication_century,narrative_style_relative_to_genre,author_origin_western,number_of_main_characters,literary_award_winner,unexpected_twists,primary_themes,symbol_richness_score,era_influence,number_of_central_themes
6.5855,3,63,16,True,65.3699,77.5314,False,8,11,8,1,True,True,40,4,35,11,5.0,19,children,True,False,17,7,False,6,True,False,love,17,0.0286,1
6.0586,4,9,17,True,69.4851,74.0468,True,9,15,4,0,True,True,20,6,95,10,5.0,17,adults,True,False,20,4,True,5,False,True,adventure,66,0.2186,1
4.2588,3,22,18,False,59.262,17.2208,True,8,11,9,1,True,True,21,3,77,11,5.0,12,adults,False,False,18,5,True,5,True,False,war,81,0.5373,2
4.1689,1,58,17,False,64.047,58.4232,False,9,16,9,1,False,True,40,1,62,13,5.0,5,children,False,True,17,2,True,5,False,True,friendship,83,0.2432,1
5.5626,5,45,18,False,63.8974,40.0814,False,8,9,9,1,True,True,32,9,100,10,5.0,18,children,True,False,21,9,False,6,False,True,love,17,0.7736,1
5.2866,9,11,18,False,62.3666,77.6936,False,8,17,6,0,True,False,49,3,87,11,5.0,3,children,True,True,15,7,True,5,False,True,betrayal,96,1.0,1
4.9092,4,53,17,True,64.299,61.0983,True,10,10,9,1,True,False,19,8,15,12,5.0,17,teens,True,True,20,9,True,6,False,False,historical,94,0.9374,2
3.4183,5,14,17,True,64.2715,66.7379,False,7,14,4,0,False,False,48,1,90,12,5.0,9,children,False,True,19,5,False,6,False,False,fantasy,10,0.6975,2
5.5285,9,38,16,False,60.1782,8.431,True,9,16,6,1,True,False,48,1,18,13,5.0,13,children,True,True,17,4,False,6,False,False,friendship,94,0.4964,2
3.3693,2,95,17,True,63.7836,94.7992,False,9,11,3,1,False,False,9,8,16,12,5.0,12,teens,True,False,15,1,False,6,False,False,betrayal,86,0.9112,2
4.2692,3,63,18,False,67.1064,52.3316,False,9,12,8,0,False,True,29,9,10,13,5.0,4,children,True,,16,7,False,5,True,False,war,7,0.9342,2
6.8946,1,11,17,False,69.4615,7.7766,True,9,13,3,1,False,,29,6,86,11,5.0,12,children,False,True,15,5,False,5,False,False,love,36,0.5768,2
5.504,6,34,17,True,65.583,46.636,True,9,14,4,1,True,False,20,7,31,13,5.0,5,children,,False,15,4,False,6,False,False,betrayal,71,0.3655,1
5.033,8,88,19,False,61.3701,5.413,False,7,16,6,1,False,False,14,1,33,11,5.0,9,children,False,True,20,5,True,5,False,True,friendship,79,0.4414,1
3.4054,8,62,19,False,57.7379,40.2548,False,9,10,6,1,False,False,12,1,85,11,5.0,2,adults,False,True,18,6,False,6,False,False,betrayal,89,0.2637,2
9.1866,5,87,17,False,64.7367,42.9832,False,9,13,6,1,True,True,44,6,44,11,5.0,11,children,True,True,17,4,False,5,False,False,adventure,13,0.4254,1
1.0,1,62,18,False,64.8789,31.9031,False,7,12,9,1,False,False,30,9,92,11,5.0,4,teens,True,False,16,9,True,5,False,True,mystery,55,0.6346,1
7.8374,7,56,19,False,63.7581,57.4644,True,8,10,8,1,False,True,37,5,89,11,5.0,11,adults,False,True,19,8,True,5,True,False,love,49,0.382,1
4.2061,10,15,17,True,69.263,47.3003,True,9,11,5,1,True,True,39,4,9,10,5.0,3,children,False,True,15,1,False,6,False,False,war,93,0.9971,2
5.3934,5,90,18,False,67.7607,71.7239,True,8,10,3,1,True,True,7,9,52,8,5.0,1,adults,,True,15,4,False,5,True,True,betrayal,47,0.3509,1
6.2104,8,26,17,False,63.4727,34.0547,True,8,14,6,1,True,True,1,6,100,9,5.0,19,teens,False,False,19,2,False,6,False,True,friendship,98,0.5765,1
4.5652,3,78,18,False,63.1928,17.2591,True,8,10,7,1,False,False,27,1,51,7,5.0,5,teens,False,False,19,4,True,6,True,False,historical,33,0.1956,1
6.0766,3,17,17,True,66.5434,90.7764,True,8,10,1,1,False,True,1,4,78,7,5.0,2,children,False,False,20,8,True,5,True,False,adventure,31,0.348,1
5.8901,3,84,18,True,61.5593,96.8206,False,8,15,1,1,False,False,22,4,67,14,5.0,16,adults,True,,19,6,True,5,True,True,mystery,41,0.2573,1
6.3563,8,62,18,False,64.2757,54.1358,True,8,12,1,1,True,True,37,8,50,13,5.0,8,teens,False,True,19,5,True,5,True,False,war,17,0.4221,2
5.3059,7,66,17,False,63.6243,64.3543,False,8,12,5,0,False,True,14,6,78,5,5.0,13,adults,False,True,16,2,False,5,True,True,friendship,92,0.5795,1
6.0213,7,87,17,True,59.4212,93.7347,False,8,12,5,1,True,False,17,2,74,13,5.0,19,teens,False,True,20,1,True,6,False,False,adventure,89,0.2154,1
3.7337,2,85,18,True,70.0,9.496,True,8,12,2,0,False,False,6,9,88,12,5.0,5,adults,True,False,16,2,True,5,True,True,love,86,0.3375,2
4.2405,9,17,17,True,62.1795,93.9339,True,8,10,7,1,True,False,15,5,65,9,5.0,1,teens,False,True,16,4,True,5,True,True,war,42,0.4978,2
6.8605,9,83,17,True,61.6135,11.0671,True,8,15,5,1,False,False,3,5,58,10,5.0,6,teens,True,False,15,4,True,5,True,True,war,72,0.1524,2
5.2267,5,44,17,False,67.6414,71.47,False,7,11,6,1,True,True,27,6,57,7,5.0,17,adults,,False,20,2,False,5,False,False,fantasy,29,0.0924,2
5.4701,6,4,18,False,65.8815,0.0,True,9,6,3,0,False,False,44,5,88,13,5.0,19,children,False,,16,8,False,6,True,True,war,26,1.0,1
4.1787,10,65,16,False,65.2902,37.937,True,8,8,5,1,False,False,17,7,16,14,5.0,1,adults,True,False,15,1,True,6,True,False,fantasy,75,0.3874,1
7.5389,9,91,18,True,63.3706,7.3535,True,9,12,3,0,True,False,48,5,89,10,5.0,15,teens,True,False,19,1,True,5,False,True,love,48,0.1623,2
7.0732,5,78,17,True,61.6626,88.7967,False,8,10,7,1,True,True,12,3,42,8,5.0,4,teens,False,True,18,2,True,5,True,True,friendship,49,0.9,2
5.7974,7,83,18,False,64.2921,4.5291,False,7,10,7,1,True,False,13,9,5,5,5.0,9,adults,False,False,18,7,True,6,False,False,war,83,0.3703,2
5.7383,2,91,19,False,58.0986,75.2202,False,8,13,6,1,True,True,35,8,87,10,5.0,11,children,,False,18,3,False,5,False,True,friendship,31,0.103,2
6.6804,5,23,18,True,67.4276,71.4057,True,8,8,6,0,True,False,50,3,46,12,5.0,15,children,,False,17,9,True,5,True,False,fantasy,3,0.3722,1
4.4592,1,3,18,False,61.9717,47.8269,False,7,9,1,0,False,False,36,8,58,11,5.0,14,adults,True,False,15,4,True,5,True,True,fantasy,42,0.5583,1
5.2486,4,11,16,False,62.6285,31.072,False,8,15,8,0,False,False,37,3,56,8,5.0,15,adults,True,False,16,5,False,5,True,False,historical,94,0.6003,1
5.5511,7,58,17,True,62.9086,44.304,True,9,13,2,1,False,False,30,6,12,11,5.0,17,adults,False,,17,5,False,5,False,False,adventure,7,0.4018,1
3.7814,8,14,17,True,60.7515,5.3221,False,8,11,8,1,True,False,2,1,97,11,5.0,4,teens,False,False,17,4,False,6,False,False,friendship,54,0.0982,2
8.1278,9,100,16,False,62.7197,71.3381,False,9,12,8,1,True,True,1,3,46,10,5.0,11,adults,True,,20,2,True,5,True,True,fantasy,59,0.3297,2
4.3921,2,36,19,True,65.1938,3.6976,False,9,11,6,1,True,False,31,4,55,12,5.0,9,children,True,,18,8,False,5,False,True,love,25,0.777,1
5.6512,7,19,16,True,65.746,7.6041,True,7,14,6,0,False,True,24,5,86,12,5.0,8,teens,True,True,18,5,False,5,True,True,historical,86,0.9305,1
6.5928,6,26,17,False,61.3538,14.2875,False,8,13,5,1,True,False,25,7,89,10,5.0,17,adults,False,True,16,5,False,5,False,False,adventure,24,0.9364,1
3.6233,2,84,17,True,68.187,48.8631,True,7,16,7,1,False,False,8,4,49,11,5.0,10,adults,False,True,15,6,False,5,False,True,love,56,0.5337,1
5.9081,5,91,17,True,67.9692,47.7613,True,10,12,3,1,False,False,9,4,71,7,5.0,14,adults,False,True,17,5,False,5,False,False,friendship,22,0.878,1
4.7837,6,4,17,True,68.0503,56.8828,True,8,11,9,0,True,True,16,4,34,10,5.0,4,adults,False,True,19,1,True,6,True,True,adventure,91,0.9876,2
4.9294,2,35,17,True,66.6069,47.1512,True,7,12,9,1,False,True,22,9,47,12,5.0,7,children,True,True,17,3,True,4,True,False,friendship,4,0.2315,1
2.4307,4,58,16,False,70.0,35.8121,False,8,12,10,1,False,True,10,2,23,8,5.0,13,teens,False,True,15,9,False,5,True,True,betrayal,37,0.6954,1
5.3265,8,84,17,False,59.8744,24.9216,False,10,11,1,1,False,,50,3,56,9,5.0,18,teens,True,False,20,5,False,5,True,True,mystery,41,0.5226,1
3.8318,4,69,18,False,66.2152,38.7923,False,9,17,8,1,True,True,45,7,52,10,5.0,18,teens,False,False,18,1,True,5,True,False,war,9,0.2739,1
3.5404,3,75,17,False,63.9603,80.7303,True,9,14,1,1,True,,10,4,40,9,5.0,1,children,False,True,15,1,True,6,True,True,friendship,22,0.6087,2
5.3194,9,43,17,False,66.3604,5.7243,True,9,10,4,1,False,False,35,6,57,7,5.0,19,adults,False,False,17,10,False,5,True,True,mystery,93,0.7279,1
6.5167,8,50,17,False,60.6673,36.7026,True,8,9,9,1,False,False,19,2,10,9,5.0,2,children,False,False,15,8,False,5,True,True,friendship,88,0.2004,2
4.1576,2,16,19,True,62.9024,3.5275,True,8,11,4,0,False,,19,5,41,4,5.0,12,teens,False,True,19,7,True,5,False,True,mystery,86,0.7052,1
2.3674,8,28,18,True,68.6182,84.7291,False,8,11,3,1,False,,29,3,1,10,5.0,4,adults,False,,19,7,True,5,True,True,friendship,86,0.0928,2
5.5368,1,35,19,True,58.5783,40.9942,False,9,10,7,0,True,False,4,5,39,10,5.0,16,adults,False,False,20,8,False,5,False,True,friendship,18,0.0672,1
5.3964,8,29,16,False,68.5102,1.6466,False,10,12,6,1,True,True,50,3,70,8,5.0,8,adults,False,True,15,3,False,5,True,False,historical,33,0.4161,1
7.4459,4,76,17,True,62.6833,92.1768,True,7,13,1,0,True,True,25,4,88,9,5.0,2,adults,True,False,19,1,True,5,False,False,mystery,37,0.3495,1
4.1825,2,28,16,False,61.5964,4.8798,True,7,15,2,1,False,True,29,7,62,11,5.0,2,children,True,False,17,10,True,5,True,False,betrayal,62,0.3282,1
6.8126,1,44,18,False,56.5378,54.9599,False,7,12,3,1,False,True,5,2,79,12,5.0,13,adults,True,True,17,7,True,5,True,False,love,29,0.4121,2
6.9435,9,2,17,False,63.9741,67.0312,False,10,9,7,1,True,True,6,6,20,10,5.0,8,children,True,False,15,2,False,5,False,True,war,48,0.8427,1
7.2014,8,8,16,False,65.9507,87.5783,True,8,13,4,1,True,False,18,10,40,9,5.0,13,adults,True,True,20,10,False,6,True,True,fantasy,16,0.9132,2
5.2543,6,27,16,False,68.244,74.0159,False,7,10,5,1,False,,46,3,41,11,5.0,11,children,,False,18,6,False,6,True,False,mystery,45,0.2321,1
4.5749,5,77,17,True,67.2654,16.3998,True,9,12,8,1,True,False,1,1,49,10,5.0,2,teens,True,False,15,7,True,5,True,True,love,93,0.1013,2
6.0837,8,6,17,True,63.331,28.6743,False,9,9,9,1,True,True,18,5,86,11,5.0,10,adults,True,True,16,6,False,5,True,False,betrayal,23,0.5071,1
4.7781,3,10,18,False,64.3003,58.1772,True,7,16,8,1,True,True,49,5,61,8,5.0,5,children,False,False,17,4,False,6,False,False,fantasy,72,0.2218,2
4.9606,5,96,17,True,65.0086,85.8216,False,7,16,6,1,False,True,49,4,92,11,5.0,14,teens,True,True,18,1,True,6,True,True,mystery,24,0.7527,2
3.7413,3,23,19,False,65.6221,37.426,True,9,13,4,0,True,False,49,6,79,14,5.0,12,teens,False,False,18,9,True,5,False,False,mystery,50,0.5744,1
6.7012,2,79,19,True,57.8904,34.7518,False,9,9,4,1,False,False,3,1,9,10,5.0,14,teens,False,False,20,4,False,5,False,True,historical,76,0.1696,2
5.9997,7,14,17,False,65.9906,22.0966,False,9,13,3,1,False,False,46,5,58,11,5.0,12,adults,False,False,21,3,True,5,False,False,friendship,92,0.909,1
6.3591,6,29,17,False,60.9867,19.3091,False,9,13,2,1,False,,6,3,35,13,5.0,13,adults,False,False,18,9,True,6,False,True,war,7,0.3376,1
6.0674,9,21,17,False,67.5831,33.5766,False,8,11,4,0,True,False,41,7,35,13,5.0,7,teens,True,True,15,4,False,5,True,False,mystery,46,0.0856,1
5.5311,2,29,17,True,61.5863,85.6038,False,7,11,1,0,False,True,28,5,72,11,5.0,5,adults,True,False,17,10,False,6,True,False,betrayal,64,0.0285,2
5.301,4,86,16,False,66.1126,18.6194,True,7,11,2,1,True,True,29,8,23,12,5.0,14,adults,False,,19,7,False,6,True,False,fantasy,17,0.7425,2
6.0568,5,29,18,False,59.9592,91.6804,False,8,14,4,1,False,False,10,1,20,14,5.0,5,teens,False,False,18,4,False,6,True,True,war,30,0.1615,2
4.4543,2,49,18,False,64.665,83.1785,True,9,8,9,1,True,True,31,3,67,6,5.0,10,adults,False,True,16,7,True,4,False,True,adventure,10,0.8525,1
8.0058,5,3,16,False,62.2524,44.8154,False,8,9,1,1,False,False,27,1,2,9,5.0,5,teens,False,False,17,9,False,6,False,False,betrayal,87,0.5912,1
6.0053,2,21,16,False,70.0,67.247,True,9,14,3,1,False,False,39,1,24,9,5.0,14,children,,False,18,3,True,5,False,True,fantasy,56,0.3192,1
7.3993,8,29,18,True,63.7946,27.019,False,8,7,8,0,False,False,43,3,34,9,5.0,17,teens,True,,18,1,True,5,False,True,mystery,66,0.2521,2
5.8941,1,50,18,False,64.3001,68.0253,False,8,9,9,1,False,False,44,9,4,12,5.0,2,teens,True,False,16,5,False,5,True,True,historical,83,0.1362,2
3.381,7,7,17,False,69.6178,49.7132,True,8,12,6,1,False,,2,1,46,11,5.0,3,children,True,True,20,5,True,5,True,False,fantasy,57,0.9929,2
4.709,9,24,17,False,62.1555,46.9572,False,9,10,3,1,True,False,5,6,39,9,5.0,5,adults,True,False,19,4,True,6,True,True,war,8,0.1559,1
3.2281,5,57,17,False,64.5403,69.5021,False,8,10,4,0,True,False,19,6,32,9,5.0,17,adults,True,True,20,6,True,5,True,False,fantasy,39,0.3728,2
1.2881,5,50,17,True,63.4392,4.1227,True,7,14,6,1,False,False,21,6,20,12,5.0,13,adults,False,True,17,7,True,5,True,True,adventure,71,0.6889,1
6.6892,9,34,19,True,59.3582,57.0986,False,8,13,8,1,True,False,44,1,21,10,5.0,14,teens,True,,18,10,False,5,True,False,love,75,0.7223,1
3.2677,6,11,17,False,62.144,66.2399,True,8,12,2,1,True,False,11,1,46,13,5.0,16,children,True,False,19,9,True,6,True,False,love,30,0.261,2
5.8539,3,17,15,False,64.0017,23.0299,True,7,11,6,1,False,True,19,7,83,8,5.0,9,children,True,True,15,5,True,6,True,False,historical,78,0.0268,1
3.7616,5,29,16,False,65.1553,44.183,True,9,11,9,1,False,False,45,2,62,8,5.0,16,teens,False,True,18,4,False,5,True,True,betrayal,43,0.135,2
4.4776,8,36,20,True,63.8458,100.0,True,7,11,3,1,True,,45,6,62,10,5.0,1,teens,False,False,17,7,False,5,False,False,love,61,0.9944,2
7.0451,7,75,17,False,69.1056,3.1649,False,8,12,1,0,True,True,13,3,84,10,5.0,17,teens,False,True,17,6,True,6,True,False,historical,3,0.3874,2
4.6693,9,70,18,True,60.8357,69.9088,True,10,12,8,0,False,True,46,6,39,10,5.0,14,adults,True,False,21,3,False,5,False,False,friendship,72,0.926,2
6.2495,2,77,16,True,62.6503,54.1182,True,8,10,2,1,True,True,15,5,21,11,5.0,12,adults,False,False,16,9,True,5,False,True,fantasy,11,0.6102,2
5.7186,2,96,18,True,66.5598,0.0,False,7,14,5,0,True,True,16,1,20,11,5.0,2,adults,True,False,16,8,True,6,False,False,historical,75,0.4992,1
3.0937,4,18,18,False,65.0986,10.3759,False,8,10,9,1,True,True,38,7,47,14,5.0,17,children,False,False,17,3,True,5,False,True,historical,53,0.5342,2
6.3844,9,5,17,True,66.343,69.9486,True,8,12,7,0,True,False,7,7,61,7,5.0,13,adults,False,True,19,4,False,5,True,False,love,85,0.1593,1
5.2025,2,84,18,False,68.5254,24.5806,False,9,12,9,1,True,False,3,8,81,10,5.0,16,adults,False,True,21,3,True,6,True,True,adventure,17,0.4094,2
4.4028,9,56,17,False,67.2112,43.4606,True,7,12,8,1,False,,19,6,63,8,5.0,17,adults,True,True,15,1,False,5,False,False,war,21,0.6147,2
6.0921,2,0,19,False,69.5816,97.1356,True,9,15,8,0,True,True,1,6,32,8,5.0,11,children,False,True,18,1,True,5,True,True,love,95,0.5855,2
4.3593,2,48,17,True,59.7627,16.6507,False,8,15,4,1,False,False,17,7,66,10,5.0,7,adults,False,True,17,3,True,6,False,False,fantasy,82,0.9326,1
5.9284,7,2,17,True,67.7933,23.0343,False,9,11,5,0,True,False,20,8,74,10,5.0,5,adults,True,False,16,9,False,6,True,True,fantasy,92,0.608,1
5.6893,4,84,17,True,65.8647,54.5646,True,8,10,3,1,False,False,43,6,98,13,5.0,19,adults,False,False,17,1,True,6,True,True,adventure,83,0.9012,1
4.4123,3,36,19,False,61.893,85.5714,True,8,13,4,0,True,False,26,1,74,6,5.0,16,teens,False,False,15,2,True,5,False,True,betrayal,20,0.8851,2
4.9006,9,47,17,False,66.8939,52.4323,False,9,9,7,1,True,True,33,8,87,7,5.0,12,teens,,True,15,2,False,6,False,True,fantasy,19,0.4601,1
6.2969,7,61,18,False,68.549,91.3102,False,9,14,5,1,False,False,6,6,52,10,5.0,9,children,True,False,15,8,True,6,False,False,friendship,72,0.2895,1
6.0493,3,16,16,True,64.6865,68.8039,True,9,14,1,1,False,True,6,7,44,7,5.0,20,children,False,True,20,1,True,5,False,True,fantasy,31,0.5208,2
8.1739,7,0,17,True,61.2951,33.9046,False,7,10,7,1,False,True,23,7,96,9,5.0,4,adults,False,False,21,6,True,5,False,False,friendship,8,0.954,1
6.5757,4,92,16,True,68.9994,0.0,False,8,13,7,1,False,True,5,4,21,10,5.0,13,teens,False,False,20,8,True,6,False,True,betrayal,82,0.3724,2
5.9681,5,0,16,False,60.9835,0.0,True,7,17,2,1,True,False,8,2,66,9,5.0,16,teens,False,False,21,6,True,5,True,True,love,49,0.4229,2
3.4974,2,8,18,True,67.6778,15.76,False,8,14,1,1,False,False,20,4,77,12,5.0,18,adults,False,False,19,6,True,6,False,True,friendship,1,0.7091,2
6.6583,7,76,16,True,65.9583,28.5639,False,8,13,9,0,True,False,14,9,36,7,5.0,7,teens,True,True,17,4,True,5,False,True,war,6,0.1208,2
3.6117,6,53,19,True,64.081,27.2815,True,8,15,2,1,False,True,35,6,98,6,5.0,17,adults,False,,20,1,True,6,False,True,war,26,0.7756,1
4.8726,9,97,15,True,65.7596,83.4406,False,8,12,8,1,True,True,26,1,55,8,5.0,8,adults,False,False,15,2,False,5,False,True,love,82,0.5975,2
6.1925,2,42,18,True,62.7726,74.1064,False,8,11,2,1,False,False,5,8,58,9,5.0,18,children,,True,16,6,False,6,True,True,adventure,8,0.9656,1
6.5313,5,72,18,True,66.3037,71.4523,False,8,8,5,1,True,True,9,2,48,11,5.0,1,children,False,False,19,4,True,6,True,True,adventure,70,0.0613,1
5.4574,8,38,17,False,63.9357,19.1511,False,7,13,2,0,False,,29,8,54,8,5.0,17,teens,,False,17,4,False,5,False,True,adventure,97,0.3316,1
5.6183,4,9,17,False,63.7781,26.4832,True,7,15,7,1,False,True,29,7,41,7,5.0,10,teens,False,True,15,9,True,6,False,False,war,1,0.956,2
4.4862,5,94,18,False,62.1661,66.0447,False,8,11,7,0,True,True,7,6,1,9,5.0,10,adults,False,True,15,3,True,5,False,False,love,71,0.5675,2
4.7147,5,25,16,False,64.7481,57.525,True,10,14,1,1,False,False,29,1,46,6,5.0,12,adults,True,False,20,7,False,5,False,False,betrayal,58,0.6176,2
4.3697,1,16,17,True,62.6773,95.922,True,8,14,9,1,True,,45,2,47,11,5.0,12,adults,,True,18,3,False,5,False,True,love,73,0.4837,1
5.0546,1,42,18,True,70.0,45.1044,False,7,11,1,1,True,True,41,1,30,7,5.0,4,children,False,False,19,6,False,5,False,False,betrayal,94,0.0529,2
5.7221,6,86,17,True,63.2449,93.6001,False,8,13,9,1,False,False,15,1,17,10,5.0,11,adults,True,False,16,7,False,5,True,False,betrayal,1,0.4237,2
6.0734,5,55,16,False,63.4732,93.7804,False,8,13,7,1,False,False,30,3,29,10,5.0,6,children,True,False,16,4,True,6,False,True,fantasy,78,0.9027,1
4.5122,1,39,16,False,63.9556,78.1094,False,9,14,2,1,True,False,4,1,71,11,5.0,18,adults,False,False,17,5,False,6,False,False,mystery,92,0.4537,1
6.0939,8,35,17,False,69.5543,33.8297,True,7,11,5,0,True,,30,3,8,6,5.0,1,adults,True,False,17,9,False,5,True,True,historical,70,0.3195,2
2.8717,1,71,19,True,65.9052,0.0,False,7,12,8,1,False,True,3,3,35,11,5.0,11,teens,True,False,16,7,True,5,True,True,friendship,69,0.5537,1
6.7878,3,60,19,False,66.0255,20.2282,False,8,14,5,1,False,False,29,7,32,16,5.0,2,adults,False,False,20,4,True,5,True,False,fantasy,68,0.0211,1
6.5848,7,39,17,False,68.3608,24.1824,False,9,8,9,0,True,False,49,3,96,4,5.0,3,children,True,True,20,3,True,5,True,True,love,41,0.2374,2
6.1362,1,27,18,False,65.2559,8.4571,False,8,13,3,0,False,,43,1,95,10,5.0,18,adults,False,False,19,8,False,6,True,False,betrayal,45,0.0811,1
5.6528,9,45,15,True,61.117,49.2834,True,8,10,9,0,False,True,35,1,32,15,5.0,13,teens,,True,15,8,False,4,True,False,adventure,5,0.5583,1
6.3818,5,70,17,True,69.6138,25.3158,True,9,12,6,0,True,False,23,2,9,13,5.0,4,teens,False,True,19,9,False,6,False,False,friendship,3,0.6012,2
2.3483,6,71,17,False,70.0,14.9942,False,8,17,7,1,False,False,23,2,91,9,5.0,12,adults,False,False,20,4,True,4,False,False,betrayal,56,0.8401,2
5.275,1,18,18,True,65.969,4.084,False,8,9,6,1,False,True,16,5,81,11,5.0,9,adults,False,True,17,5,False,6,False,True,war,76,0.0773,1
6.212,8,83,17,True,68.4997,64.7376,True,8,19,6,1,True,False,18,6,13,7,5.0,3,teens,False,True,16,4,False,6,True,False,historical,73,0.335,2
5.5235,4,61,17,False,62.8939,28.502,False,9,9,4,1,False,False,3,4,3,10,5.0,9,children,False,False,17,4,False,5,True,False,fantasy,60,0.4164,2
3.6983,5,91,19,False,61.8447,23.0781,True,7,11,6,1,False,True,26,7,40,9,5.0,13,adults,True,False,17,5,False,6,True,False,historical,60,0.4715,2
5.0226,2,42,19,False,67.7597,93.7231,False,8,14,5,1,False,True,18,8,65,8,5.0,13,adults,False,,20,8,False,5,False,False,love,35,0.3958,1
7.6254,2,74,17,True,66.1799,75.6511,True,7,9,2,0,False,True,43,2,9,8,5.0,16,teens,False,False,19,4,True,6,True,True,historical,1,0.979,1
6.0052,6,29,18,True,61.3499,24.1851,True,9,11,2,1,False,True,34,7,24,12,5.0,13,children,False,False,15,1,True,6,True,False,historical,88,0.4641,1
3.3971,6,81,17,False,60.5936,15.5276,True,8,12,5,1,False,True,16,8,55,11,5.0,19,teens,True,True,18,10,False,6,False,False,betrayal,42,0.7103,1
6.0035,5,10,15,False,65.8358,74.4869,False,9,14,5,1,True,,45,1,2,3,5.0,12,children,False,,15,1,True,5,False,True,friendship,48,0.9918,2
4.5759,8,60,18,False,64.7429,41.5925,True,8,12,4,1,False,True,28,8,66,10,5.0,12,teens,True,False,16,2,True,5,False,True,betrayal,82,0.4863,1
6.5438,9,56,18,True,61.0987,9.1672,False,7,11,1,0,False,True,14,8,86,12,5.0,18,teens,False,False,15,2,False,6,True,False,love,49,0.1532,2
4.3418,3,47,17,True,66.5732,68.2968,False,7,12,6,0,False,,35,3,90,9,5.0,14,adults,True,,15,3,True,6,True,True,friendship,7,1.0,1
5.5083,1,67,18,False,65.122,72.199,False,8,13,4,1,True,False,46,3,96,8,5.0,10,children,True,False,18,5,False,5,False,False,adventure,28,0.3059,2
5.694,9,19,18,False,62.7188,86.9182,False,7,9,7,1,True,True,43,1,87,12,5.0,1,children,True,True,19,3,False,6,False,False,mystery,62,0.1478,1
4.5759,2,19,17,True,64.7964,31.6409,True,7,10,6,0,True,,37,7,37,10,5.0,3,adults,True,False,15,7,False,5,False,False,mystery,38,0.8901,1
5.6162,3,93,16,True,64.5028,19.9572,False,8,13,3,1,True,True,10,4,80,13,5.0,18,adults,True,False,18,4,True,5,False,True,historical,61,0.508,1
4.1313,7,68,17,True,58.7482,57.5592,False,10,12,5,0,True,False,2,3,75,13,5.0,13,children,False,True,17,5,False,6,False,False,historical,1,0.4673,1
5.9483,6,52,16,True,59.4624,23.1027,False,8,12,7,0,True,True,1,3,75,9,5.0,9,teens,,True,17,1,True,5,True,False,friendship,86,0.8193,1
6.4257,6,63,17,True,65.0203,49.3983,False,7,17,7,0,True,False,24,1,32,12,5.0,17,teens,,False,16,5,False,5,False,True,fantasy,71,0.6578,1
5.6042,7,49,16,True,69.9766,10.6238,True,8,12,9,0,False,True,46,6,17,13,5.0,8,children,True,,18,3,True,5,False,False,friendship,26,0.773,1
4.4725,8,84,15,True,67.6156,55.3499,True,8,13,4,0,True,True,21,6,74,8,5.0,15,teens,False,True,15,6,True,5,True,True,love,35,0.8257,1
8.6749,2,26,17,False,61.2637,34.1428,True,9,11,7,1,True,True,22,5,39,6,5.0,9,teens,False,True,15,5,True,6,True,False,fantasy,72,0.0925,2
5.6739,4,90,17,True,66.0265,98.7533,True,7,13,9,1,False,False,22,4,88,13,5.0,13,teens,False,False,19,2,True,5,False,True,historical,86,0.5337,1
7.7961,3,32,17,True,64.7038,86.9162,False,7,16,6,0,False,False,4,2,14,8,5.0,18,children,False,True,17,7,True,6,True,True,historical,57,0.136,2
4.9505,6,51,19,False,56.1407,59.0095,False,8,9,7,1,False,True,26,4,34,9,5.0,13,adults,True,True,16,1,False,5,False,True,fantasy,52,0.9731,1
4.0369,6,38,19,True,62.9978,88.5494,False,8,9,5,1,True,True,12,8,98,11,5.0,17,children,True,False,15,2,True,6,False,False,adventure,45,0.1146,2
4.7379,6,87,17,False,69.4643,93.9408,False,9,14,3,1,False,False,3,3,38,6,5.0,14,adults,False,True,19,4,True,6,True,False,fantasy,41,0.6275,1
5.3434,1,19,17,False,67.052,43.0783,False,8,11,6,1,False,True,30,4,32,13,5.0,17,adults,,True,15,9,False,6,False,False,betrayal,49,0.5986,2
5.3317,4,76,18,True,68.8996,45.8508,True,8,4,6,0,True,False,1,1,41,11,5.0,10,teens,True,,21,3,False,4,False,False,betrayal,1,0.1597,1
4.5423,7,74,19,False,62.8469,41.805,False,8,12,9,1,True,False,41,6,98,11,5.0,4,teens,True,True,17,4,True,6,False,True,fantasy,16,0.6115,2
3.6061,8,8,19,True,59.8586,13.7166,True,8,10,2,1,False,True,4,1,17,10,5.0,4,children,,True,20,4,False,5,False,False,adventure,21,0.2216,1
7.4808,1,52,17,True,64.6649,64.7024,False,7,16,5,0,False,,31,8,93,10,5.0,14,teens,True,False,20,6,True,5,True,True,friendship,37,0.1703,1
3.1057,3,39,17,True,64.6894,50.6465,False,8,14,2,1,True,True,27,8,82,4,5.0,4,teens,False,,17,7,True,6,False,True,mystery,13,0.3321,2
6.3123,1,58,18,False,64.3084,60.3547,False,7,9,6,0,True,False,30,5,13,9,5.0,15,adults,False,False,16,9,False,5,True,True,mystery,9,0.3065,2
4.5357,4,6,15,False,61.4135,13.9386,True,7,12,1,0,True,True,44,8,50,11,5.0,2,adults,,False,18,8,False,5,False,False,adventure,83,0.8942,1
5.395,3,51,18,False,63.6662,22.3431,False,9,14,8,1,False,False,6,1,22,12,5.0,11,adults,False,True,21,2,False,5,False,True,adventure,15,0.296,1
5.4703,5,63,17,True,62.7834,39.5192,False,9,12,1,1,False,False,16,6,27,11,5.0,4,adults,True,False,16,3,False,6,True,False,historical,30,0.4444,1
7.0569,4,50,18,True,67.6609,49.2755,False,7,11,5,1,True,True,1,5,100,15,5.0,10,teens,False,True,20,7,False,4,True,False,adventure,1,0.1575,2
4.1164,6,26,18,True,64.8166,20.118,False,8,13,3,0,True,False,32,6,70,11,5.0,9,children,True,False,21,6,False,6,False,False,fantasy,36,0.1885,2
6.7284,4,71,16,True,68.5268,53.0044,True,8,11,6,0,False,False,48,5,30,9,5.0,11,teens,False,True,17,3,False,6,True,False,betrayal,14,0.0755,2
3.0749,4,0,18,True,69.8007,93.0109,False,8,14,3,1,False,,24,2,32,4,5.0,11,adults,True,False,16,2,True,6,True,True,fantasy,2,0.087,1
4.5352,9,78,17,False,63.4915,49.0815,False,8,12,5,1,True,True,50,6,48,15,5.0,1,children,False,True,20,6,True,5,True,True,betrayal,58,0.2822,1
3.2813,9,90,18,False,59.0676,54.2971,False,7,15,7,1,False,False,42,4,38,11,5.0,7,children,False,True,18,4,False,5,False,True,love,9,0.0,2
6.6909,8,67,18,False,59.9884,36.6075,False,7,13,1,1,True,,28,4,54,9,5.0,13,adults,True,True,19,9,False,5,False,True,love,89,0.6379,2
5.512,5,49,16,True,64.3292,64.5581,False,7,10,1,1,False,,25,6,62,8,5.0,6,adults,True,True,15,6,True,5,True,False,adventure,2,0.2538,1
4.9617,7,67,16,False,69.4745,47.8307,True,8,11,8,1,True,False,45,6,19,8,5.0,5,teens,False,True,17,5,True,6,False,False,adventure,3,0.8757,2
6.7118,2,95,16,True,67.4323,84.8409,True,8,13,9,1,True,False,10,2,58,10,5.0,16,teens,True,True,20,2,True,4,False,True,historical,10,0.8171,1
5.8917,6,59,16,False,64.8987,7.8816,True,8,11,8,1,True,True,13,5,12,11,5.0,9,adults,True,False,21,6,True,6,False,True,historical,61,0.561,1
2.8276,7,53,17,True,62.4623,79.7018,True,7,10,8,1,True,False,25,8,47,9,5.0,14,teens,True,,21,3,False,5,False,True,betrayal,60,0.7055,1
2.9354,8,85,17,True,61.605,58.0847,False,7,13,1,1,True,True,49,1,25,9,5.0,19,children,True,False,20,1,False,5,False,True,fantasy,94,0.4355,2
6.0696,8,35,17,False,64.3364,45.5244,True,7,13,9,1,True,True,7,1,34,9,5.0,11,children,True,False,18,2,False,4,False,False,adventure,14,0.2372,1
3.1478,9,14,15,True,68.3238,90.4039,True,8,14,9,1,True,True,21,4,77,9,5.0,6,children,True,False,19,9,False,5,True,False,mystery,48,0.6827,1
3.9986,9,1,19,False,65.5534,43.9032,True,7,11,3,1,True,True,48,8,29,5,5.0,13,children,True,False,19,5,False,6,False,False,war,89,0.8342,1
5.828,6,64,18,True,59.756,15.1344,False,8,15,8,0,False,,1,7,80,7,5.0,19,teens,False,True,19,10,False,5,True,False,love,68,0.2899,1
6.1975,6,92,17,True,64.5347,47.0899,True,7,13,9,1,False,False,41,8,16,9,5.0,19,children,True,True,17,2,True,6,True,False,adventure,84,0.1374,1
6.1037,6,30,16,True,64.4856,14.8339,False,7,15,6,1,True,True,22,3,49,11,5.0,12,adults,,True,16,4,False,5,True,False,fantasy,9,0.3537,2
5.5461,2,79,18,False,70.0,17.2005,True,8,13,8,0,False,True,14,6,27,10,5.0,17,teens,,,18,6,True,6,True,True,historical,72,0.6884,1
5.6764,1,30,17,False,54.498,55.4605,False,8,14,9,1,False,True,32,8,40,7,5.0,1,children,True,,21,3,False,4,True,False,historical,20,0.2659,2
4.1475,3,11,17,True,66.2579,82.3722,True,8,13,2,0,False,,18,10,81,15,5.0,1,adults,True,False,21,7,True,6,False,False,friendship,65,0.0742,2
5.5913,9,13,18,True,59.7609,28.5518,True,8,13,8,1,True,True,11,2,80,11,5.0,7,teens,True,True,17,10,True,5,True,False,adventure,99,0.1981,2
5.7455,3,53,17,True,64.3944,7.9411,False,9,10,7,0,True,False,16,8,11,12,5.0,15,children,False,True,18,5,False,5,False,False,love,70,0.5878,2
5.3366,9,21,16,False,62.2781,8.3667,False,7,10,8,0,False,True,50,9,15,12,5.0,15,children,True,False,18,9,False,5,False,False,war,41,0.264,1
3.4742,8,52,17,True,60.0625,41.7597,False,8,14,2,0,True,False,25,2,37,11,5.0,8,teens,False,False,15,4,True,7,True,True,adventure,17,0.2008,2
2.5743,2,58,17,False,68.1185,13.4742,True,8,12,1,1,True,True,47,7,11,9,5.0,19,teens,True,,20,7,False,5,True,False,adventure,9,0.4066,2
3.4813,3,80,19,True,64.4463,54.4949,False,7,10,8,1,True,True,5,1,73,12,5.0,10,adults,False,,15,5,False,4,False,True,friendship,18,0.0526,1
6.609,6,85,18,False,67.8894,60.9998,False,7,10,5,1,False,False,9,5,57,6,5.0,8,adults,False,False,19,2,True,4,False,True,friendship,7,0.6942,2
4.8557,1,49,18,True,64.465,41.5009,False,9,11,8,1,False,True,22,3,10,11,5.0,11,teens,True,False,15,4,True,6,True,True,love,25,0.7837,1
7.2347,6,9,18,True,61.5305,69.52,False,7,10,7,0,False,True,5,9,98,10,5.0,2,adults,False,False,17,1,False,6,True,False,friendship,84,0.0567,1
5.0726,5,45,17,False,56.6722,56.8828,True,8,11,8,1,True,False,38,1,53,11,5.0,5,adults,True,True,21,6,False,6,True,True,adventure,46,0.3333,2
4.0032,1,18,18,False,67.1923,28.3546,False,7,11,8,1,True,True,17,8,97,13,5.0,1,teens,False,False,15,8,False,5,False,True,love,3,0.5552,1
5.2949,6,2,17,True,70.0,11.6093,True,7,12,1,1,False,True,47,7,63,13,5.0,10,children,True,False,20,5,False,5,False,True,friendship,30,0.9564,1
5.4971,6,53,18,True,66.7948,9.1344,True,10,12,8,1,True,False,15,1,22,11,5.0,7,children,False,,18,8,False,5,False,False,war,25,0.4164,1
3.1446,3,80,17,False,66.908,96.7833,False,9,11,5,1,True,True,18,3,24,9,5.0,1,teens,False,False,15,5,False,5,False,True,friendship,69,0.834,1
5.5506,4,46,18,False,64.2399,77.4009,False,8,11,8,1,True,True,34,1,84,8,5.0,1,teens,True,True,17,7,False,6,False,True,fantasy,59,0.596,2
5.5149,3,1,18,False,69.8254,41.6881,False,7,13,8,1,True,True,37,1,11,8,5.0,16,children,False,False,20,1,True,5,False,True,mystery,53,0.0387,1
6.1785,7,26,17,False,62.339,67.1923,False,8,15,4,1,False,True,30,1,45,11,5.0,5,adults,False,False,19,3,False,5,False,False,historical,41,0.6483,2
3.9406,9,71,17,True,64.5418,59.9905,True,7,14,3,0,False,True,38,3,79,8,5.0,4,adults,False,False,16,2,True,5,True,False,friendship,23,0.1214,2
7.7592,4,69,17,False,63.5363,69.2959,False,7,14,5,1,True,True,11,7,36,12,5.0,1,adults,False,False,16,9,False,6,False,False,war,17,0.896,1
3.9892,4,95,17,False,66.5432,50.803,False,7,9,4,0,False,True,24,8,55,7,5.0,7,teens,True,True,16,2,False,5,True,True,war,86,0.6902,2
6.6369,7,34,18,False,64.4017,90.9336,True,8,13,7,1,True,True,20,7,77,10,5.0,12,adults,True,,15,10,False,6,False,False,adventure,15,0.1386,1
3.9865,4,17,17,True,70.0,45.4569,True,8,14,7,0,True,True,18,1,49,11,5.0,9,children,True,False,16,2,True,5,False,False,adventure,31,0.7063,1
4.9533,9,71,18,True,62.9389,9.3139,True,7,10,1,1,False,True,20,7,52,10,5.0,13,teens,,True,19,1,False,6,False,False,adventure,54,0.6077,1
4.2456,9,40,16,True,65.2836,8.4693,False,8,16,5,0,True,False,39,1,9,11,5.0,15,teens,False,True,20,6,False,5,True,True,friendship,41,0.7984,1
5.3976,8,41,18,False,68.2282,81.6436,False,8,8,8,1,False,True,39,6,24,7,5.0,12,adults,True,False,19,5,True,6,False,True,war,73,0.5399,2
5.8664,1,78,17,False,70.0,94.3185,True,7,9,1,1,False,False,13,8,92,8,5.0,20,adults,True,False,15,4,False,6,True,False,friendship,76,0.2045,2
6.9662,1,20,19,True,65.7554,33.5023,True,9,10,5,1,False,True,26,2,1,8,5.0,7,teens,False,False,19,4,True,6,False,False,adventure,29,0.1733,1
2.9295,3,79,18,True,63.2875,3.1202,False,8,12,4,1,False,True,8,3,43,9,5.0,9,teens,False,False,15,2,False,5,False,True,betrayal,47,0.625,1
4.4867,7,9,17,True,62.2687,53.235,False,9,8,5,1,True,True,16,2,55,13,5.0,6,teens,False,True,17,1,False,5,False,True,historical,16,0.1385,2
6.3399,3,85,18,False,63.9077,45.0038,True,9,12,5,0,False,False,18,8,29,12,5.0,1,adults,False,False,15,9,True,6,False,True,war,23,0.4025,1
3.8182,1,19,18,True,66.2046,76.6547,True,8,17,7,1,False,True,27,8,55,10,5.0,5,teens,False,False,17,2,False,5,True,True,love,56,0.5458,1
4.4176,2,52,17,False,64.0071,91.5513,True,8,14,9,0,True,True,27,8,26,17,5.0,5,children,True,True,15,2,True,5,True,True,betrayal,30,0.9699,2
6.2029,1,15,18,False,61.7743,95.844,True,8,4,3,1,True,True,2,9,23,8,5.0,1,teens,False,False,15,5,True,5,False,False,friendship,90,0.6457,2
4.9142,2,58,18,False,66.6842,91.0663,False,8,12,3,1,True,False,35,3,58,9,5.0,18,teens,,True,18,1,False,6,True,True,love,80,0.2757,1
2.4557,3,2,19,True,62.5427,6.1674,False,9,16,4,1,True,False,33,8,48,10,5.0,3,adults,False,False,20,3,True,5,False,True,historical,73,0.2537,2
4.0388,8,49,17,False,60.3049,10.1814,False,9,13,5,0,True,True,17,5,63,8,5.0,3,children,True,False,17,6,True,5,True,False,betrayal,59,0.7138,2
4.8771,8,91,17,True,59.1462,25.274,True,8,6,8,1,True,False,36,1,97,12,5.0,11,teens,True,,15,8,True,5,False,False,mystery,50,0.3835,2
4.309,6,41,18,False,62.5214,50.1571,True,8,16,3,1,True,,28,4,66,10,5.0,18,adults,True,True,19,7,True,5,False,True,war,61,0.3306,2
4.9974,7,22,16,True,66.3326,65.436,True,8,15,5,1,True,False,48,7,48,13,5.0,19,teens,False,,18,3,True,5,False,True,love,8,0.1827,1
5.7832,2,10,18,True,67.4264,89.4411,False,8,8,4,1,True,False,38,5,49,11,5.0,11,adults,False,False,17,9,True,5,True,False,adventure,21,0.7975,1
2.9084,7,23,19,True,61.6917,72.2092,False,8,9,1,1,True,False,21,6,15,14,5.0,6,teens,False,True,20,3,True,5,False,False,war,52,0.5224,1
3.5344,8,87,17,False,64.0731,57.9877,True,9,13,7,1,True,False,37,2,66,10,5.0,14,adults,False,False,17,6,True,5,False,True,friendship,1,0.4147,1
6.6377,3,74,17,False,68.5954,22.5187,True,7,10,8,1,False,,11,1,68,10,5.0,7,adults,False,,17,3,False,5,False,False,adventure,33,0.783,1
5.2161,1,43,19,True,62.6135,25.2664,True,8,12,2,0,False,False,9,4,73,9,5.0,11,teens,,,16,7,True,5,False,False,historical,93,0.2384,1
5.8549,3,22,18,False,60.5726,23.561,False,9,10,4,1,False,,10,4,86,9,5.0,2,children,True,True,16,1,True,6,True,False,mystery,64,0.9058,2
4.388,1,81,17,True,69.2519,30.0891,True,9,14,4,1,False,False,15,7,4,9,5.0,8,teens,False,True,18,5,True,5,False,True,friendship,65,0.7818,1
4.7934,5,36,17,True,62.6764,47.906,True,7,11,6,0,True,True,9,5,42,10,5.0,1,children,False,True,17,4,False,5,False,True,war,26,0.596,2
3.6448,8,94,18,False,64.3275,83.1455,True,7,14,7,0,True,True,6,2,75,8,5.0,16,adults,True,True,16,5,False,6,True,True,historical,12,0.2801,1
5.4092,4,93,18,False,67.7459,27.4448,True,8,11,1,1,False,True,37,5,38,12,5.0,18,children,False,False,20,1,False,5,True,False,historical,27,0.0467,2
6.8231,8,42,17,False,62.6272,62.082,False,8,10,3,0,False,True,30,9,94,11,5.0,3,children,True,,17,9,False,5,True,True,love,31,0.8627,2
6.1542,2,23,19,True,58.9116,34.8759,False,9,11,3,1,True,False,5,4,21,8,5.0,19,children,True,True,16,1,True,6,False,True,mystery,42,0.5132,1
4.3219,3,88,19,False,62.5586,100.0,True,8,16,1,1,False,,29,4,42,13,5.0,15,adults,True,True,15,4,True,6,False,True,fantasy,31,0.9096,1
8.3929,4,8,17,False,64.6005,29.7673,False,8,12,5,1,True,,4,8,66,13,5.0,13,children,False,False,17,2,True,5,False,True,love,72,1.0,2
4.7308,6,21,17,False,70.0,69.1859,True,8,11,3,0,True,True,14,4,30,15,5.0,1,adults,False,True,18,8,False,5,False,False,mystery,24,0.1371,1
2.9997,2,82,17,True,59.9861,42.0439,True,7,13,1,1,True,True,20,3,23,10,5.0,16,children,False,True,17,2,False,6,False,True,betrayal,73,0.9142,2
7.015,3,2,16,True,63.3607,86.6333,True,9,11,9,1,True,False,49,7,93,9,5.0,4,teens,False,True,17,1,False,6,False,True,betrayal,64,0.0178,2
5.7385,7,37,17,False,63.2709,50.3534,False,8,13,8,0,False,False,20,8,92,4,5.0,19,teens,True,True,16,3,False,6,False,False,love,23,0.2435,2
5.5275,7,74,18,False,68.3609,68.5566,True,8,13,4,1,False,True,35,8,72,15,5.0,1,teens,False,True,15,8,True,6,False,False,mystery,53,0.0043,1
4.5602,4,25,17,True,62.3887,19.232,False,7,11,5,1,False,True,12,1,15,7,5.0,15,adults,,False,16,2,True,6,False,False,historical,19,0.8768,2
4.3724,8,90,18,False,59.5278,39.1921,True,8,11,3,1,False,True,25,4,18,10,5.0,17,children,,,18,3,False,5,False,False,fantasy,6,0.793,1
7.3712,8,97,16,True,62.4051,11.401,True,7,14,7,1,False,True,11,6,82,10,5.0,13,children,False,False,15,6,True,5,True,True,love,17,0.955,2
6.7169,8,7,18,False,61.1957,18.5685,False,7,11,1,1,True,False,6,1,47,11,5.0,10,adults,,False,16,8,True,5,False,True,fantasy,73,0.3598,1
6.6827,6,87,15,True,63.2508,32.6957,False,8,13,1,1,True,False,16,1,79,16,5.0,3,teens,True,False,15,4,True,6,False,False,friendship,77,0.4841,2
4.9162,3,78,16,True,65.6538,54.84,True,8,14,7,0,False,True,1,4,43,9,5.0,7,adults,True,False,20,1,False,5,False,True,fantasy,89,0.8459,2
5.3419,4,32,19,True,60.0923,37.3186,True,9,13,5,1,True,False,41,2,4,11,5.0,7,teens,True,False,19,4,False,7,True,False,historical,15,0.7825,1
5.1015,3,84,19,False,66.1861,34.3452,False,7,16,5,0,False,False,5,2,82,11,5.0,15,adults,True,False,19,7,False,5,True,True,war,80,0.2523,2
6.3307,9,14,17,True,65.1575,24.4459,False,7,13,6,1,False,True,47,4,29,7,5.0,15,children,True,,19,7,False,6,False,False,love,5,0.4541,2
6.7706,1,28,18,False,60.958,18.3852,True,8,11,4,1,True,,37,4,7,8,5.0,13,teens,,True,18,8,True,5,False,False,fantasy,25,0.2132,2
3.7603,7,66,18,False,64.5547,38.8692,True,7,12,9,1,False,,8,2,79,13,5.0,9,children,False,True,18,6,False,6,True,True,historical,80,0.7269,1
7.2515,2,69,17,True,62.2041,99.4249,False,7,9,5,1,False,False,42,8,51,12,5.0,13,teens,,True,19,10,True,5,True,True,fantasy,19,0.3252,1
6.6028,10,98,18,False,69.2157,63.3852,True,9,16,7,1,False,False,20,5,33,9,5.0,15,adults,False,True,15,4,False,6,False,False,historical,3,0.6691,1
7.94,1,55,17,True,67.8421,71.3713,True,7,16,9,1,True,False,41,1,87,11,5.0,1,adults,True,False,16,5,True,6,False,True,love,82,0.6637,2
6.2198,8,34,17,False,62.8501,73.6227,False,8,13,3,1,False,False,35,6,26,7,5.0,13,adults,False,False,17,7,False,7,True,False,war,26,0.2119,1
3.7727,2,34,17,True,68.4604,65.2592,False,7,11,9,1,True,True,45,6,98,11,5.0,7,children,False,,21,9,True,5,False,False,mystery,53,0.1483,1
5.8182,3,40,16,False,60.0152,21.6393,True,8,10,4,1,True,False,10,8,16,5,5.0,4,children,True,False,20,7,False,5,True,True,betrayal,45,0.1483,1
6.0944,3,68,17,True,62.7437,83.5317,True,7,16,6,0,False,False,29,4,77,10,5.0,1,children,,True,20,3,True,6,False,True,war,26,0.2719,2
7.8074,8,71,17,True,58.6018,38.1159,True,7,10,8,0,False,False,2,3,80,11,5.0,5,adults,False,True,15,2,True,6,False,False,fantasy,67,0.229,1
4.59,2,9,17,True,62.2578,76.3684,True,8,14,4,0,False,False,30,3,72,6,5.0,17,teens,True,True,18,9,True,6,False,False,friendship,65,0.2062,2
5.7545,2,47,17,True,68.893,79.1846,True,8,16,6,1,True,True,29,8,76,13,5.0,6,adults,True,False,18,8,False,5,False,True,war,85,0.8703,1
4.5895,9,9,16,True,68.9015,94.3387,False,8,12,4,1,True,True,27,6,34,9,5.0,10,children,True,True,18,7,True,6,True,True,love,71,0.4041,2
6.0717,4,93,17,True,70.0,83.4158,False,8,5,9,1,False,True,14,4,16,9,5.0,18,children,False,False,18,3,False,5,True,False,betrayal,72,0.3193,1
5.4754,5,47,17,True,61.3733,19.689,True,8,10,1,1,True,True,36,1,74,14,5.0,3,children,False,False,18,9,False,6,False,True,friendship,19,0.4563,2
5.8466,5,24,17,True,61.5351,45.6603,True,7,12,2,1,False,True,44,5,49,9,5.0,14,teens,True,False,15,6,True,6,True,False,love,93,0.7086,1
6.957,3,36,17,True,68.7669,5.3703,True,9,9,8,0,True,True,29,6,67,10,5.0,2,adults,False,True,20,1,True,5,False,True,friendship,91,0.7647,2
5.5346,9,49,17,True,59.3625,38.2396,True,9,10,1,1,False,True,19,1,23,8,5.0,15,adults,False,,17,9,False,5,True,False,adventure,94,0.3135,1
6.8958,3,5,18,True,59.1284,67.9751,True,8,10,9,1,False,,47,6,63,8,5.0,2,children,True,False,19,9,True,5,False,True,adventure,96,0.4289,2
4.0864,7,23,17,False,60.9713,35.96,False,8,12,4,0,True,True,31,7,59,11,5.0,12,children,True,False,18,5,True,5,False,False,fantasy,64,0.4679,2
6.1596,6,19,16,False,66.8534,6.8832,True,7,14,2,1,True,False,17,7,35,10,5.0,7,adults,True,True,20,4,False,5,True,False,betrayal,100,0.0261,2
5.5325,2,89,17,False,65.784,36.1147,True,8,10,8,1,True,True,20,5,69,9,5.0,7,children,True,True,16,6,True,6,True,True,betrayal,14,0.7628,1
6.5927,9,62,16,False,70.0,61.6269,True,8,12,5,0,False,False,21,2,15,14,5.0,1,teens,False,True,19,2,False,5,False,True,historical,11,0.9489,2
5.0685,4,57,19,True,64.2314,54.7325,False,7,13,3,0,False,False,8,8,80,9,5.0,13,children,False,False,16,6,True,6,False,False,war,52,0.5916,1
4.7778,10,92,17,False,66.1699,97.2924,False,8,8,2,0,True,False,11,7,35,10,5.0,12,adults,,False,15,3,True,6,True,True,historical,53,0.1426,2
6.79,3,40,18,True,61.6642,22.0797,True,7,15,9,1,False,,23,9,88,9,5.0,18,teens,False,False,18,7,True,5,False,False,love,52,0.8979,1
3.3587,2,23,18,False,67.6831,11.2167,True,9,12,7,0,False,False,31,6,18,11,5.0,6,teens,False,False,15,6,False,6,False,False,fantasy,51,0.3585,2
4.6417,5,20,16,False,60.483,63.2665,False,7,16,2,1,False,True,19,1,98,6,5.0,4,adults,False,True,16,3,True,5,False,True,war,92,0.5697,1
4.0782,8,98,16,True,65.6826,65.4771,True,7,14,9,0,False,True,45,2,57,6,5.0,6,adults,False,False,15,8,True,5,False,False,love,60,0.6072,1
6.9912,7,96,17,False,63.6273,60.5873,False,9,10,2,0,True,True,23,5,15,13,5.0,15,children,True,False,20,9,False,5,True,True,love,8,0.9221,1
6.699,7,63,19,True,60.419,44.4251,False,9,10,2,1,True,True,37,2,21,9,5.0,14,adults,True,True,21,10,False,6,False,False,friendship,14,0.607,1
5.2152,1,46,17,False,61.8511,39.7308,False,8,12,7,1,True,False,16,1,88,10,5.0,18,adults,True,True,16,7,False,5,True,False,betrayal,37,0.4578,1
6.0158,3,54,16,True,61.2393,36.7974,True,9,15,8,1,False,True,16,3,16,10,5.0,8,children,False,False,15,9,True,5,True,False,friendship,84,0.8443,2
2.3366,4,4,16,True,65.3949,71.2584,False,7,9,9,0,False,True,12,9,25,9,5.0,1,children,False,False,18,1,False,6,False,True,adventure,26,0.2794,2
3.3392,5,78,19,True,67.7945,41.8982,True,9,14,2,1,True,False,27,7,56,8,5.0,11,children,True,True,16,4,False,5,True,False,fantasy,86,0.9145,2
3.7043,8,66,17,False,62.2108,89.862,True,7,12,7,1,True,True,34,1,17,12,5.0,13,children,False,True,16,1,True,5,True,True,friendship,87,0.9726,1
4.2361,7,9,17,True,60.4473,82.293,False,8,9,8,1,False,False,44,5,29,7,5.0,2,teens,True,True,18,8,False,5,True,True,fantasy,55,0.6414,2
4.9539,1,27,18,False,64.2971,81.0173,False,10,12,7,1,False,False,29,3,33,9,5.0,12,teens,False,True,17,1,True,5,True,True,love,35,0.7081,1
4.1776,3,93,17,False,63.7363,3.8537,True,8,13,2,1,True,True,28,7,66,14,5.0,9,adults,,False,20,4,False,6,False,False,betrayal,17,0.272,1
5.3884,7,85,18,False,66.0061,42.3211,True,8,16,3,1,True,False,47,4,53,13,5.0,14,adults,False,True,16,6,True,5,True,False,betrayal,31,0.8914,2
4.3318,3,29,16,False,66.6011,87.2351,True,9,13,9,0,False,True,30,8,49,9,5.0,11,teens,False,True,18,7,True,6,False,False,betrayal,97,0.0,1
5.6938,9,42,17,True,66.4096,79.9105,False,9,9,2,0,False,False,33,4,12,10,5.0,8,children,True,,18,8,False,5,True,True,fantasy,33,0.0,2
6.4216,7,73,16,True,65.304,13.6038,True,7,14,5,0,True,True,40,8,94,7,5.0,9,children,False,True,15,7,False,6,False,True,betrayal,84,0.5411,1
4.4544,3,55,17,False,69.6628,31.6459,True,8,15,6,1,False,False,12,3,11,10,5.0,7,teens,True,False,18,4,False,5,False,True,adventure,27,0.4459,2
6.1578,9,49,17,True,66.2784,80.4695,True,9,14,9,0,False,False,15,6,68,13,5.0,17,children,False,True,19,3,False,5,False,True,love,38,0.8854,1
6.451,7,10,18,True,65.8796,94.3982,False,7,14,8,1,False,True,36,6,73,9,5.0,2,children,False,,15,4,True,6,False,False,adventure,2,0.893,1
6.6481,5,92,19,False,58.9671,67.0561,True,8,11,8,0,True,False,48,5,85,9,5.0,9,children,True,True,20,7,True,6,False,True,friendship,50,0.6851,2
4.9196,7,43,17,False,64.1125,74.0593,False,9,10,8,0,True,,39,6,44,12,5.0,4,children,False,False,18,4,False,6,False,True,love,61,0.1611,1
4.6892,2,7,18,False,62.6873,93.0408,True,8,13,2,1,True,False,48,1,31,6,5.0,14,adults,False,False,18,2,False,5,False,True,war,79,0.6764,1
8.1209,3,12,18,True,64.7971,27.3017,True,8,12,5,1,False,False,39,3,5,11,5.0,9,teens,False,False,17,2,True,6,True,False,fantasy,32,0.8442,2
4.7206,5,4,16,False,66.9878,1.312,False,7,8,8,0,True,False,28,1,26,11,5.0,16,teens,False,False,15,9,True,6,True,True,mystery,16,0.2811,2
5.2899,9,97,18,False,60.3225,91.2871,True,7,13,2,1,False,True,14,1,61,10,5.0,15,teens,False,True,21,4,True,6,False,True,war,6,0.4951,2
3.883,1,12,18,False,62.6205,49.7041,True,7,15,5,0,False,False,39,5,44,11,5.0,15,children,True,True,20,4,True,5,True,False,adventure,4,0.47,2
5.8842,1,71,18,False,64.6894,38.388,False,8,13,7,1,False,True,2,1,54,8,5.0,8,teens,,True,15,1,True,5,True,True,love,47,0.5873,1
5.8806,1,54,19,True,70.0,55.9914,True,8,14,2,1,True,False,6,4,50,13,5.0,8,children,True,False,17,7,False,5,False,False,love,68,0.1008,2
5.6446,4,65,17,False,66.2136,54.0943,True,8,12,6,1,True,False,48,6,32,11,5.0,1,children,True,True,19,8,True,5,True,True,historical,57,0.2042,1
7.7207,1,59,17,False,61.1872,55.081,False,9,11,4,1,True,False,30,1,22,11,5.0,5,adults,False,True,15,9,False,6,False,False,fantasy,79,0.7021,1
5.5179,7,88,17,True,62.7735,56.162,False,7,15,3,1,False,True,49,9,7,10,5.0,15,teens,False,True,19,2,True,5,True,False,fantasy,88,0.0844,1
4.0296,3,54,15,False,68.065,48.4475,True,8,8,2,1,False,,45,9,57,11,5.0,9,children,False,False,19,9,False,5,True,False,mystery,84,0.292,2
3.7946,3,70,18,True,62.3088,80.014,True,8,12,8,1,False,True,26,4,88,13,5.0,15,teens,True,False,15,8,False,6,True,True,friendship,5,0.7896,1
4.9255,3,42,17,False,65.3133,96.8731,True,9,10,6,1,False,True,39,5,22,11,5.0,8,teens,False,False,17,6,False,5,True,False,love,11,0.6701,1
5.2203,2,94,18,False,61.2576,6.9393,False,9,9,8,1,False,True,11,2,13,10,5.0,5,children,False,False,20,7,False,6,True,False,friendship,9,0.421,2
3.8119,9,17,17,False,65.7835,69.4805,False,8,10,3,1,True,False,3,5,25,11,5.0,15,adults,True,True,17,4,True,6,True,False,love,40,0.7893,2
5.1782,8,45,17,True,65.3057,70.8558,True,8,16,8,0,True,True,45,7,50,9,5.0,16,adults,False,True,19,6,True,5,False,False,love,36,0.4588,2
5.9974,5,14,16,False,63.8235,94.2127,True,9,11,8,1,True,,1,1,67,9,5.0,6,children,True,False,19,3,True,6,True,False,mystery,70,0.2263,1
7.3735,10,90,18,False,62.3312,30.593,True,8,12,6,0,True,True,48,4,85,10,5.0,4,children,True,True,19,1,True,5,False,True,friendship,93,0.456,2
5.2013,2,8,18,True,60.2126,12.5057,True,8,12,5,1,True,False,42,6,38,8,5.0,14,children,,True,21,3,False,5,False,False,fantasy,88,0.3763,1
5.5211,7,33,19,True,65.4815,48.6608,False,9,11,9,0,True,False,43,4,56,7,5.0,2,children,False,True,18,6,True,6,False,False,betrayal,8,0.3243,2
4.8487,6,3,18,True,65.5892,95.8593,False,8,13,5,1,True,True,25,5,97,10,5.0,2,children,True,False,20,2,False,5,True,True,mystery,37,0.0256,1
4.862,6,42,14,True,63.3731,91.1626,False,7,12,9,1,False,,35,6,21,14,5.0,18,teens,True,True,18,1,False,7,True,False,mystery,79,0.2396,2
5.4304,1,35,18,False,63.2632,60.8215,False,7,17,8,1,False,,49,7,20,10,5.0,1,adults,False,False,19,3,True,6,True,False,betrayal,68,0.7145,2
4.7484,9,38,19,False,57.3453,32.7627,False,8,7,3,1,True,,49,8,7,11,5.0,18,children,True,True,16,6,True,6,True,True,adventure,30,0.9128,1
5.0842,8,19,18,False,65.775,97.2502,True,7,14,8,1,False,False,25,5,46,15,5.0,9,adults,False,True,19,5,False,5,True,True,betrayal,4,0.9501,1
6.6574,8,16,19,True,70.0,21.7017,True,8,13,1,1,True,False,6,2,18,14,5.0,16,children,False,True,15,5,False,6,True,False,mystery,6,0.8088,2
3.4283,2,45,17,False,65.7499,31.8367,True,8,7,3,0,True,False,40,3,85,8,5.0,12,adults,False,False,18,8,False,5,False,True,mystery,79,0.4113,2
6.2086,9,39,18,True,58.9303,23.4729,False,8,12,7,1,True,True,4,1,58,10,5.0,7,children,True,True,17,3,True,5,False,False,love,70,0.7303,2
4.0349,1,71,18,True,59.7353,14.3657,True,8,13,6,1,True,True,34,6,15,15,5.0,18,teens,True,True,16,7,False,6,False,False,fantasy,88,0.9541,1
3.6383,1,70,19,False,63.0783,46.085,False,8,10,1,1,True,True,28,1,19,11,5.0,4,adults,,False,16,3,False,5,False,False,love,92,0.9167,2
5.0887,5,71,17,True,63.8721,36.551,False,8,16,4,0,False,True,9,1,91,11,5.0,11,children,False,True,16,7,True,5,True,False,mystery,84,0.1648,2
5.234,9,76,18,True,68.6474,74.4529,False,8,12,8,1,True,True,24,2,23,7,5.0,3,adults,True,True,20,4,False,6,True,True,friendship,88,0.4593,1
4.84,5,29,19,False,62.9478,71.5613,True,7,6,8,1,True,False,36,8,52,9,5.0,18,adults,False,False,17,3,True,5,False,True,fantasy,92,0.0883,2
4.2691,9,39,17,True,63.5754,8.45,False,8,13,3,1,True,True,48,10,21,12,5.0,14,children,False,False,19,4,True,5,True,True,betrayal,85,0.2609,1
3.7523,3,83,18,True,62.5202,49.8217,True,9,15,3,0,False,,26,3,5,7,5.0,12,teens,True,True,15,9,False,6,True,False,mystery,80,0.9748,1
3.6497,3,63,18,True,67.4941,15.152,True,8,15,1,0,False,False,41,2,23,9,5.0,11,teens,True,True,20,1,True,5,True,False,mystery,68,0.7914,2
4.3976,9,58,15,False,60.5565,62.6378,True,7,11,7,1,False,False,11,6,43,13,5.0,11,children,False,True,16,8,True,6,True,False,adventure,51,0.0618,2
6.9635,8,15,17,False,59.6578,82.9522,True,8,14,1,1,True,False,10,7,56,9,5.0,1,teens,False,False,21,1,False,5,False,False,mystery,52,0.5004,1
4.6193,3,14,17,True,65.6725,17.8569,True,7,6,7,0,True,False,34,4,12,8,5.0,2,adults,True,True,17,7,False,5,False,True,mystery,85,0.7604,1
7.0205,2,41,18,True,67.674,49.3309,True,7,12,9,1,False,True,30,1,68,11,5.0,7,children,True,False,21,4,True,6,True,False,betrayal,3,0.4996,1
6.213,5,33,19,False,61.7701,21.6882,False,10,17,1,0,False,True,9,10,57,7,5.0,17,adults,False,True,20,2,True,6,False,False,war,50,0.3125,1
6.9183,7,45,18,True,64.5495,76.5607,False,9,8,3,1,False,False,16,7,14,11,5.0,13,teens,,False,17,5,True,7,True,True,friendship,89,0.1572,1
4.5705,4,6,16,True,64.2898,42.9934,False,9,14,8,1,False,True,43,1,38,12,5.0,8,adults,False,True,16,2,True,6,False,False,love,32,0.4249,1
6.5045,5,0,16,False,65.552,12.0921,True,8,12,6,0,False,False,10,1,44,11,5.0,12,teens,False,False,19,6,True,6,True,True,historical,37,0.9213,1
6.0407,8,98,18,False,66.5175,60.6912,False,8,15,2,0,True,True,25,1,10,11,5.0,7,teens,False,False,15,4,True,5,True,False,historical,52,0.2372,1
5.8902,2,96,19,False,62.3779,25.5392,False,8,11,7,1,False,,19,3,5,9,5.0,7,children,False,False,19,8,True,6,True,False,betrayal,78,0.7133,1
3.6894,6,77,19,False,62.6613,85.386,True,7,13,4,0,False,,40,9,100,16,5.0,1,children,False,False,18,8,True,6,True,True,mystery,41,0.5657,2
6.0102,7,51,17,True,70.0,77.1562,False,8,14,6,1,True,True,12,6,6,12,5.0,10,teens,,True,19,8,True,6,False,False,adventure,46,0.4117,1
5.6672,6,86,17,True,58.9357,22.3205,False,8,9,6,1,False,False,22,8,1,10,5.0,15,adults,False,True,16,9,True,5,False,False,friendship,62,0.4742,2
4.3554,8,66,17,False,65.314,95.564,True,7,11,6,1,False,True,40,10,8,11,5.0,15,teens,False,True,16,7,False,5,True,False,mystery,85,0.1542,2
5.6782,3,97,17,False,67.9789,37.8975,False,8,11,10,1,True,False,21,8,38,8,5.0,17,children,True,False,18,1,False,5,True,False,love,73,0.5854,1
6.2778,4,94,17,False,60.274,22.0378,False,8,17,5,0,True,False,30,9,59,14,5.0,11,adults,False,True,15,3,False,5,False,True,friendship,92,0.2695,2
4.9382,2,8,17,False,64.2366,91.9625,False,9,15,5,0,False,,15,3,9,8,5.0,14,children,True,True,17,9,True,5,False,False,betrayal,43,0.4529,1
6.4874,2,33,19,False,59.0835,61.3915,False,9,11,1,0,True,,26,7,53,9,5.0,12,adults,True,,20,8,True,6,True,True,historical,83,0.1846,1
3.1941,1,53,18,False,68.509,3.1732,False,8,14,9,1,True,True,29,6,49,13,5.0,3,teens,True,True,19,8,True,5,True,False,war,57,0.3523,2
3.9661,8,49,18,False,66.3478,63.1973,True,8,18,4,1,False,False,10,6,50,13,5.0,6,teens,True,False,21,2,False,5,True,True,adventure,99,0.1177,1
6.4029,9,33,18,False,70.0,23.7042,True,7,13,7,0,True,False,41,7,62,8,5.0,11,children,True,False,19,3,False,6,True,False,historical,66,0.6246,1
5.1004,4,36,16,False,59.3632,18.778,True,8,10,4,1,True,True,42,4,83,7,5.0,8,adults,,False,16,7,True,5,False,True,historical,67,0.9447,2
7.1381,6,52,19,False,68.1518,16.3871,True,7,14,7,1,False,True,39,9,44,7,5.0,10,adults,False,,15,7,False,6,False,True,historical,89,0.4767,1
5.3665,3,32,17,False,65.5842,6.1265,False,8,7,3,1,False,False,24,2,38,6,5.0,11,adults,False,,17,4,False,5,False,False,betrayal,81,0.4645,1
3.9298,4,71,18,True,65.6975,97.1373,False,8,11,2,1,False,,14,1,68,9,5.0,17,adults,False,,16,7,True,5,True,True,adventure,58,0.0802,1
4.1112,2,18,18,True,67.1758,64.9525,True,7,11,7,0,True,True,14,1,78,9,5.0,12,children,False,True,16,5,True,5,True,True,betrayal,88,0.6917,2
2.5468,8,97,18,True,70.0,79.0625,True,7,12,9,0,False,False,21,8,41,11,5.0,16,children,True,False,21,3,False,6,True,False,mystery,71,0.3247,1
5.6961,3,79,16,True,70.0,56.4153,False,8,14,4,0,True,True,3,8,19,10,5.0,16,adults,True,False,19,5,True,6,False,False,war,60,0.2525,1
6.5553,1,87,17,False,61.174,21.545,True,8,11,3,1,False,False,31,5,38,9,5.0,15,teens,False,True,16,1,False,5,False,True,fantasy,59,0.4605,2
2.5769,8,17,18,True,62.6802,15.4202,True,9,12,9,1,True,False,18,2,46,10,5.0,11,teens,False,False,18,4,True,6,True,True,adventure,29,0.1823,1
4.7895,5,31,15,False,61.7962,5.0997,False,7,13,3,0,True,False,22,9,17,8,5.0,12,children,True,True,20,8,False,5,True,False,love,77,0.66,1
6.5537,1,19,17,True,61.5924,23.7166,True,7,11,5,1,False,True,26,8,26,10,5.0,16,children,True,True,15,2,True,6,True,True,historical,51,0.9114,1
5.8076,8,39,17,False,64.3981,75.3897,False,7,15,6,1,True,True,5,4,61,11,5.0,4,teens,False,False,19,3,True,5,True,False,mystery,18,0.7024,1
3.9937,5,79,17,False,62.0807,31.7754,True,8,11,4,1,False,,49,7,38,10,5.0,10,adults,False,True,15,7,False,5,True,False,fantasy,72,0.0533,2
7.2573,1,63,18,True,61.9341,82.1639,True,7,10,8,1,True,True,42,1,99,14,5.0,2,teens,True,True,18,3,False,6,True,False,love,51,0.9033,2
4.9943,3,9,18,True,64.0359,26.0521,True,9,14,6,1,False,False,43,9,74,14,5.0,2,children,True,True,19,4,False,6,False,False,mystery,50,0.6104,1
6.3651,6,87,17,True,66.3842,89.1429,False,7,19,4,1,True,False,7,1,12,12,5.0,9,teens,True,False,18,9,True,6,True,False,friendship,89,0.2454,1
3.6293,6,78,18,True,66.6453,96.2509,False,7,13,6,0,False,False,33,6,53,15,5.0,1,teens,True,False,19,6,True,5,True,True,adventure,64,0.2915,1
6.3469,6,16,16,False,58.7469,65.6282,True,7,8,1,1,False,True,19,2,37,11,5.0,14,teens,False,False,19,3,True,6,False,True,love,15,0.6458,1
7.0457,6,64,17,False,66.2843,36.1586,False,9,18,6,0,False,True,33,3,39,9,5.0,17,teens,False,True,20,5,True,4,False,False,love,10,0.4581,2
4.0869,9,0,18,False,63.6303,32.2404,True,10,13,3,0,True,True,48,1,42,13,5.0,1,teens,True,False,16,1,False,6,False,True,betrayal,71,0.2069,1
5.8104,4,11,18,False,65.6995,87.2859,False,8,13,9,1,True,True,12,9,55,10,5.0,4,children,True,False,19,6,False,5,False,True,adventure,93,0.1372,1
5.2685,5,7,18,True,61.7656,38.7484,True,9,10,1,1,True,True,30,3,17,11,5.0,19,children,False,True,17,3,True,5,True,True,war,56,0.7459,2
3.9195,2,89,18,False,69.0315,4.1056,True,7,11,7,1,True,False,38,1,59,10,5.0,4,adults,True,False,19,2,False,6,True,False,love,70,0.0525,1
5.5259,2,95,18,True,67.7808,29.2205,False,8,16,2,1,True,True,36,8,33,8,5.0,10,teens,True,True,19,2,False,6,False,False,adventure,89,0.1726,1
5.303,8,0,18,True,67.6803,9.8547,False,7,11,8,0,True,False,8,10,93,11,5.0,13,adults,True,True,16,3,False,6,False,False,friendship,81,0.0454,2
7.0996,1,71,17,False,58.8061,27.8652,True,8,9,7,1,True,True,46,7,91,10,5.0,1,children,True,True,16,7,True,6,False,False,historical,16,0.164,1
5.79,3,100,18,True,63.9571,16.8006,True,7,11,3,1,False,True,12,6,6,10,5.0,11,children,True,False,16,2,False,5,True,True,historical,92,0.574,2
7.039,7,65,18,False,67.2784,37.9392,True,8,10,6,1,True,True,46,1,4,10,5.0,13,adults,False,False,18,1,False,5,True,False,betrayal,1,0.2833,1
4.2724,7,22,19,False,61.9456,72.3687,False,7,13,9,1,False,,9,6,8,11,5.0,2,children,True,True,21,1,True,5,False,True,fantasy,35,0.5067,2
5.7497,4,89,18,False,62.3567,35.1093,True,8,12,4,1,False,False,11,6,70,10,5.0,14,adults,True,True,18,8,False,6,True,False,mystery,73,0.7885,1
4.048,6,90,16,True,63.1264,100.0,True,7,9,7,1,True,False,5,1,11,11,5.0,14,adults,False,False,16,8,False,6,True,True,war,46,0.2173,1
4.5551,5,79,18,False,62.5814,18.5751,False,9,13,3,0,True,False,48,4,13,7,5.0,1,teens,True,True,17,3,True,5,True,True,love,76,0.9364,2
6.0779,8,15,18,True,66.9633,77.5176,False,7,12,1,1,True,False,2,4,80,10,5.0,2,children,True,True,21,7,True,7,False,False,friendship,34,0.3969,1
7.9569,8,52,17,True,70.0,50.9506,False,9,8,4,1,False,False,33,7,38,8,5.0,9,children,False,False,19,7,False,6,False,True,adventure,26,0.1374,2
4.6168,5,6,16,False,63.5752,51.7139,False,8,10,6,0,True,False,42,1,86,9,5.0,13,children,True,False,15,1,True,6,False,True,love,90,0.6384,1
5.7383,8,14,17,True,62.1121,58.6458,True,7,15,1,1,True,True,24,8,80,10,5.0,16,adults,True,False,19,7,False,6,False,False,mystery,10,0.3911,1
5.1742,1,28,17,False,70.0,23.8831,False,8,9,7,1,True,False,12,4,8,12,5.0,9,teens,,,19,2,True,5,False,False,fantasy,54,0.2895,2
4.9556,3,29,19,True,67.2162,24.4219,False,8,13,3,1,False,False,33,8,77,11,5.0,13,teens,False,False,21,2,False,6,True,True,fantasy,33,0.1615,1
6.6775,9,33,17,True,60.9539,8.7944,True,10,9,8,1,True,False,3,1,17,7,5.0,1,adults,False,False,19,6,False,5,False,False,betrayal,61,0.4496,1
5.1661,9,95,16,False,63.179,54.0259,True,9,13,2,1,False,False,20,5,1,12,5.0,14,adults,True,True,18,2,True,6,False,True,war,97,0.7856,2
4.9782,1,45,17,True,67.2815,94.8913,True,9,12,4,0,True,False,45,6,98,9,5.0,6,adults,False,,18,8,False,6,True,True,historical,76,0.062,1
5.1297,6,67,17,False,63.4088,68.5674,False,9,13,5,1,True,True,50,1,9,12,5.0,15,children,,False,19,7,True,5,False,True,historical,73,0.2687,1
4.7794,1,16,17,True,60.8901,67.396,False,8,13,9,1,True,True,20,4,10,9,5.0,11,children,True,False,17,6,False,6,True,False,love,35,0.889,1
5.3105,4,51,17,True,67.6016,43.5095,True,7,11,2,1,True,True,7,2,70,8,5.0,1,adults,False,True,20,4,True,5,False,True,fantasy,29,0.9808,1
6.4162,8,35,17,False,63.5376,71.7393,True,9,12,7,0,False,True,44,9,35,9,5.0,20,teens,False,True,16,8,True,5,True,False,love,27,0.0342,1
5.8136,4,62,18,True,62.0981,25.2308,False,8,10,8,0,False,True,16,6,11,14,5.0,1,teens,False,False,15,4,False,5,True,False,adventure,11,0.0594,1
4.5164,5,63,17,False,64.2963,10.1808,False,7,10,7,1,False,False,13,7,8,10,5.0,14,adults,True,False,20,2,True,6,False,True,fantasy,40,0.084,1
8.4135,2,34,17,False,65.2088,33.7878,False,8,13,3,1,True,True,47,5,67,7,5.0,1,children,True,True,19,8,True,6,True,True,love,95,0.6726,1
3.4486,2,83,18,False,63.4482,60.2476,False,8,10,10,1,True,False,32,5,50,11,5.0,6,adults,False,True,16,1,False,5,True,False,betrayal,1,1.0,2
2.4644,7,37,18,True,63.5054,78.5766,False,8,7,1,1,False,False,29,1,69,11,5.0,15,adults,False,False,19,7,True,5,False,True,mystery,72,0.7768,2
5.1078,5,100,17,True,62.3256,16.8348,True,8,12,7,1,False,True,30,9,83,8,5.0,10,teens,False,True,18,7,False,5,False,False,friendship,82,0.4109,2
4.8457,7,26,17,True,62.3462,79.7893,True,9,11,4,1,True,True,6,9,53,7,5.0,8,children,False,False,21,1,False,6,True,False,war,37,0.2822,2
8.9549,3,29,16,True,66.8365,83.0449,False,9,15,9,0,True,True,22,1,89,7,5.0,10,teens,False,False,18,7,True,5,True,False,friendship,49,0.3499,1
3.5867,4,44,17,True,65.3318,61.8588,True,8,10,5,1,True,False,22,1,45,11,5.0,10,children,False,True,19,1,False,6,True,False,adventure,47,0.9512,1
4.5474,2,37,18,True,62.1814,35.6696,True,8,12,7,1,False,False,28,2,31,9,5.0,13,teens,True,True,16,6,False,5,False,True,love,53,0.5151,2
3.5901,1,13,17,False,64.6629,93.4437,True,7,12,3,1,False,,19,6,46,10,5.0,8,teens,False,False,18,2,True,5,True,True,love,82,0.2546,2
3.0582,7,81,18,False,64.4951,5.5837,False,8,9,9,1,False,True,29,1,65,8,5.0,10,adults,True,False,20,3,False,5,False,True,historical,48,0.1069,1
2.9469,7,71,17,True,63.3172,99.5893,False,7,13,1,0,True,False,23,1,22,13,5.0,13,teens,False,True,17,3,True,6,False,True,fantasy,3,0.8975,2
6.0413,4,21,18,False,61.3955,9.4267,False,7,12,9,1,False,False,40,9,28,8,5.0,3,children,False,False,18,8,False,6,True,False,mystery,90,0.8052,2
6.264,3,47,16,True,65.3598,76.5217,True,9,9,6,1,False,False,19,1,81,6,5.0,4,adults,True,,19,7,False,5,False,True,fantasy,8,1.0,1
4.5253,9,5,17,False,63.292,8.2836,True,9,15,4,1,True,True,29,5,66,11,5.0,12,adults,True,True,18,6,True,5,False,True,love,98,0.9031,2
6.0848,8,38,17,True,66.6247,32.0641,False,7,8,1,1,True,True,42,1,91,13,5.0,14,adults,True,,19,3,True,6,False,False,historical,86,0.4291,1
6.7625,3,10,18,True,64.1786,49.4883,True,7,11,1,1,False,True,48,9,75,12,5.0,7,children,False,False,16,7,True,6,False,True,betrayal,97,0.911,1
4.3754,7,34,17,True,64.2028,1.5981,False,7,11,6,1,True,False,47,4,27,10,5.0,1,teens,True,False,15,7,True,5,True,True,love,9,0.8449,1
5.1206,3,36,17,False,60.0316,18.8371,True,7,11,9,1,True,,40,2,38,11,5.0,13,adults,True,False,19,3,True,7,False,True,mystery,39,0.492,1
4.7421,6,70,15,True,59.3002,52.1886,True,7,15,10,0,False,True,50,7,95,10,5.0,8,children,False,False,16,4,False,5,False,True,mystery,13,0.18,1
5.1818,5,19,17,False,65.014,66.3982,False,7,13,3,0,True,False,13,6,50,14,5.0,19,adults,True,,20,6,True,6,False,True,historical,36,0.5129,1
4.6957,7,16,17,False,62.345,22.5315,False,9,13,1,1,False,True,32,1,48,10,5.0,19,children,True,True,19,6,True,6,False,False,adventure,6,0.6997,2
2.1048,8,80,18,True,62.8143,66.0756,False,8,10,1,1,False,,18,8,68,8,5.0,4,children,False,True,19,6,True,5,True,True,love,53,0.7732,1
5.2277,8,87,17,True,65.4817,13.0571,True,9,9,1,0,False,True,32,6,29,6,5.0,2,children,False,False,17,4,False,6,True,False,fantasy,86,0.1422,1
5.7372,4,56,17,True,62.6482,41.096,False,7,14,4,1,True,False,30,5,33,11,5.0,17,teens,False,,17,6,False,6,False,True,fantasy,21,0.9457,1
5.4745,5,75,17,False,69.9089,72.3979,True,8,11,9,1,True,,10,1,43,11,5.0,5,adults,False,False,16,6,False,5,True,False,adventure,88,0.6814,1
5.8347,9,22,17,False,67.9423,28.6423,True,8,14,2,1,False,False,39,6,33,11,5.0,20,teens,True,True,16,1,True,6,False,False,war,71,0.4423,2
5.1949,1,5,18,True,68.8269,67.9514,False,8,11,3,1,False,False,39,1,24,12,5.0,6,teens,,,15,9,False,5,False,False,adventure,21,0.0,1
4.2158,3,6,17,False,58.3962,61.2397,False,7,10,6,1,True,True,26,5,91,9,5.0,12,teens,False,False,16,6,True,6,True,True,mystery,54,0.1205,2
4.0947,1,34,18,False,69.3084,4.1748,False,8,6,4,1,True,True,13,1,46,10,5.0,2,children,True,True,17,7,False,6,True,True,friendship,79,0.3846,1
6.1686,9,48,17,True,65.7051,34.0723,False,7,12,1,0,True,True,8,4,36,13,5.0,9,children,False,False,18,1,False,6,True,False,war,30,0.0,1
4.3414,9,24,17,True,62.8806,35.938,True,8,9,4,0,True,False,29,5,71,8,5.0,16,children,True,True,16,5,False,5,False,False,betrayal,52,0.6996,1
5.8456,4,92,19,True,61.1551,57.3965,False,8,10,7,0,False,False,19,1,69,11,5.0,1,adults,True,False,20,6,False,5,True,False,adventure,26,0.3798,2
2.5919,6,71,19,True,60.2101,81.015,False,8,14,5,0,False,,38,5,4,7,5.0,2,teens,True,True,18,6,False,6,True,False,love,60,0.1862,1
7.2169,3,11,18,False,69.8336,41.3144,True,8,13,5,1,True,True,44,6,68,11,5.0,15,teens,False,True,19,6,True,5,True,True,historical,17,0.0145,2
4.2594,6,11,17,True,70.0,56.3417,True,8,15,2,1,True,False,45,4,52,10,5.0,6,children,False,True,21,1,False,7,False,False,adventure,36,0.204,1
5.0235,2,3,17,False,69.3052,11.6647,False,8,14,1,1,True,False,28,4,86,10,5.0,4,teens,True,False,18,3,False,6,True,True,love,10,0.157,2
5.334,7,82,17,True,67.5532,49.686,True,9,13,2,1,False,True,42,1,42,11,5.0,12,adults,False,False,18,5,True,5,True,True,historical,80,0.132,2
6.4429,8,42,17,False,58.4986,10.9849,True,7,11,7,1,True,True,16,5,16,10,5.0,15,children,False,False,17,9,True,5,False,False,adventure,70,0.8277,1
8.2187,3,100,17,True,62.9162,34.0209,False,8,12,7,1,True,True,25,1,23,8,5.0,1,children,False,False,20,7,False,6,True,False,war,45,0.0352,2
5.0743,9,97,18,False,66.4065,99.9464,False,9,16,3,1,False,True,43,5,93,10,5.0,9,children,False,False,16,5,True,5,False,False,betrayal,47,0.8577,1
4.5138,5,54,17,False,66.9381,35.5034,False,8,9,6,0,False,True,34,8,9,12,5.0,3,children,True,True,21,1,False,5,False,False,war,8,0.7241,2
6.6446,3,51,16,False,64.8654,88.2248,False,9,10,1,1,False,False,4,8,80,12,5.0,18,adults,True,False,18,3,True,5,False,True,adventure,29,0.1749,1
6.4474,3,67,16,False,60.5758,44.5548,False,8,11,5,1,False,False,40,8,50,12,5.0,1,children,True,True,20,9,True,6,False,False,war,50,0.6423,1
5.1772,4,16,17,False,66.6512,66.4022,False,8,12,3,1,True,True,46,9,91,12,5.0,7,adults,True,False,18,5,False,5,False,False,historical,67,0.5474,1
3.6338,3,48,17,False,63.9252,28.0306,False,8,7,2,0,True,True,29,1,85,10,5.0,13,adults,False,True,21,7,True,5,False,False,friendship,33,0.2658,1
6.2208,10,89,18,True,64.0088,87.4485,True,9,8,2,0,True,True,12,8,39,6,5.0,10,teens,False,,21,7,False,5,False,False,friendship,10,0.0898,1
5.5694,1,16,18,False,56.4667,81.507,False,7,13,1,1,True,True,18,5,40,10,5.0,1,teens,True,True,18,7,False,5,True,False,mystery,87,0.0523,1
4.8449,9,25,16,True,68.1665,67.3665,True,8,10,3,1,True,False,25,7,83,10,5.0,4,adults,,True,18,1,False,6,False,True,love,54,0.1889,2
6.3095,8,6,18,False,70.0,89.7699,True,7,14,3,0,False,,31,3,21,10,5.0,12,adults,True,,18,1,False,5,False,True,historical,86,0.6163,2
4.1714,1,81,17,False,65.4023,70.6743,True,7,10,9,0,True,False,13,7,36,11,5.0,5,adults,False,False,15,7,False,5,True,False,mystery,94,0.1629,1
4.4796,4,4,17,False,64.5917,45.8918,True,9,12,8,0,False,False,19,9,55,7,5.0,5,teens,True,True,15,3,True,6,False,True,fantasy,62,0.0811,1
5.5604,9,32,18,True,62.6893,71.4108,True,8,9,9,0,True,False,40,2,38,10,5.0,11,adults,False,False,15,2,True,5,False,True,war,80,0.0,1
4.1181,3,22,19,False,66.3178,59.4401,True,7,13,8,1,True,True,23,7,63,11,5.0,3,adults,False,True,18,2,True,5,False,True,historical,55,0.6373,1
6.4067,2,50,17,False,69.1696,22.7113,False,7,16,6,0,False,False,1,3,63,9,5.0,4,children,True,False,16,3,True,5,True,True,friendship,100,0.1213,1
6.1212,6,66,17,True,59.0246,24.0448,True,8,13,8,1,True,False,5,6,20,14,5.0,10,teens,False,False,16,2,True,6,True,False,betrayal,10,0.3364,2
3.0271,9,92,18,False,66.5588,32.7367,False,8,9,2,0,False,True,1,1,20,10,5.0,10,adults,False,False,20,3,False,5,False,False,adventure,12,0.2139,2
7.5127,2,96,16,False,64.7543,88.0114,False,8,11,2,0,False,False,15,7,11,8,5.0,13,teens,True,False,18,1,True,6,True,True,mystery,89,0.8868,1
4.9964,2,48,18,False,63.1484,24.4206,False,7,15,7,1,True,True,26,6,62,10,5.0,4,adults,True,True,18,7,True,5,False,False,adventure,16,0.7275,2
5.8175,9,96,17,True,64.4895,44.564,True,8,9,1,1,False,False,39,2,57,13,5.0,14,adults,False,False,18,9,False,5,False,False,historical,76,0.8083,1
4.7987,7,95,18,False,62.4519,47.6264,True,8,11,5,0,True,True,8,6,36,5,5.0,8,teens,False,False,16,6,True,5,True,True,mystery,83,0.3166,1
6.4558,8,11,18,True,62.2586,19.5703,True,7,12,7,1,True,True,32,8,39,9,5.0,15,children,False,False,17,3,True,6,False,True,war,37,0.5415,1
5.4349,3,29,19,False,61.9674,23.707,False,9,12,2,1,True,False,14,6,23,9,5.0,7,teens,False,False,16,1,False,5,True,True,mystery,40,1.0,2
5.9413,6,26,17,True,60.2936,13.8382,True,8,9,9,1,False,True,3,7,93,12,5.0,9,teens,False,True,16,6,False,5,False,False,adventure,46,0.6103,1
3.6094,1,82,18,True,65.4987,36.2781,False,8,13,7,1,True,True,41,2,84,11,5.0,1,children,False,False,15,4,True,5,True,False,betrayal,93,1.0,2
5.9971,6,87,17,False,63.5488,39.7613,False,8,11,6,1,True,True,20,6,60,8,5.0,17,teens,True,True,19,4,True,5,True,False,adventure,7,0.0823,1
6.7509,1,12,18,True,67.2368,79.415,True,8,13,8,1,False,False,20,3,65,9,5.0,4,children,True,True,15,5,True,6,True,False,love,38,0.2733,1
5.3226,3,86,17,False,66.5066,73.1705,False,7,10,7,1,False,True,33,8,35,10,5.0,7,children,False,False,15,3,False,5,False,False,betrayal,39,0.5727,1
6.1033,4,20,18,True,67.5834,76.949,True,8,17,4,1,False,False,8,4,11,10,5.0,10,adults,True,True,17,6,False,5,False,True,friendship,35,0.1597,2
5.4253,8,94,19,True,69.0344,72.0134,False,7,14,2,0,True,True,7,3,8,10,5.0,1,teens,,True,18,7,True,6,False,False,betrayal,29,0.361,2
5.8458,7,4,17,False,62.2165,58.0699,True,8,9,8,0,False,False,48,8,98,11,5.0,8,adults,False,False,17,1,False,6,True,False,war,20,0.3835,2
6.7394,4,39,17,True,67.9112,80.1868,True,9,13,7,1,False,False,13,4,85,11,5.0,12,children,True,,16,5,True,5,False,False,friendship,26,0.2094,2
6.1151,5,58,18,False,60.1691,93.9453,False,7,15,2,0,False,False,20,7,45,11,5.0,1,adults,True,,15,8,False,5,True,True,friendship,20,0.0613,2
6.9372,7,52,18,False,64.8045,24.717,True,9,5,1,1,True,,49,3,50,10,5.0,6,adults,False,True,17,2,False,6,False,True,betrayal,91,0.1955,2
6.9362,3,88,17,False,58.2115,31.2311,False,7,16,9,1,True,False,18,2,67,10,5.0,6,children,True,True,18,1,False,5,False,False,fantasy,66,0.25,1
5.4213,9,36,17,True,67.2507,68.5247,False,8,10,4,0,False,True,25,1,75,11,5.0,10,children,True,False,20,7,True,5,True,True,betrayal,70,0.8753,1
4.7698,3,9,18,False,68.2312,24.7825,False,8,10,1,1,False,,23,9,65,11,5.0,17,teens,False,False,18,3,True,6,False,False,betrayal,95,0.8068,2
4.2754,8,57,18,False,62.4901,19.263,False,8,13,10,0,True,True,39,9,94,9,5.0,12,adults,True,True,15,1,False,5,False,True,historical,24,0.0561,1
4.1014,4,59,17,False,62.8224,87.3503,True,7,13,5,1,True,True,5,1,26,12,5.0,6,children,True,True,17,4,True,5,True,True,love,40,0.4022,1
4.115,4,43,17,True,63.7831,63.4852,True,7,11,5,1,True,False,2,6,53,10,5.0,1,teens,True,True,15,3,True,6,False,True,fantasy,9,0.9311,1
6.6926,6,43,18,True,65.9439,68.963,True,8,12,9,1,False,False,33,7,5,13,5.0,12,adults,False,True,15,7,True,5,False,False,love,22,0.4092,1
6.9111,7,61,17,True,62.3412,37.6551,True,7,10,3,1,False,True,44,1,79,10,5.0,18,adults,False,,15,3,True,6,False,False,war,1,0.8153,2
6.2902,3,39,18,True,61.6956,54.1521,True,7,15,4,1,False,True,39,6,80,12,5.0,19,children,,False,18,7,False,5,False,False,friendship,32,0.9448,1
6.3157,3,65,18,True,65.1382,79.4066,False,8,14,1,0,True,,38,4,49,7,5.0,7,children,False,False,15,7,False,5,True,False,mystery,56,0.6717,2
7.1272,6,60,18,False,67.3345,90.8386,False,8,12,8,1,False,True,16,3,34,6,5.0,14,adults,False,True,16,7,True,6,True,False,fantasy,13,0.7388,2
6.4078,8,74,18,False,62.0262,14.781,True,9,13,2,1,True,True,23,6,46,14,5.0,14,adults,True,False,17,6,True,5,True,False,friendship,50,0.1642,2
3.7274,4,79,16,True,69.0233,94.4715,True,8,12,9,0,True,True,40,6,96,10,5.0,11,adults,True,True,16,1,True,5,True,True,love,51,0.9003,1
7.0648,5,91,18,True,64.3486,64.7404,False,8,11,7,1,False,False,1,8,21,6,5.0,17,adults,True,False,17,9,True,5,False,True,historical,47,0.9066,1
3.2476,2,78,18,False,67.1343,23.4567,True,7,15,2,0,False,,30,5,2,10,5.0,13,teens,,False,18,5,False,5,True,True,war,89,0.6266,1
