durability_material_percentage,neighbor_inscription_percentage,building_material_reflectivity,daily_visitor_count,ratio_of_clear_to_cloudy_days,base_width_meters,restoration_presence,material_origin,structural_complexity,modern_infrastructure,structure_age,architectural_style,local_construction_materials,structure_id,average_wall_thickness,construction_year,average_tourist_visits_per_year,facade_complexity_index,has_stone_foundation,reliance_on_natural_lighting,ceremonial_use,preventive_measures,site_location_region,in_historical_conservation_area,urban_shadowing,climate_harshness_score,height_meters
0.0,46.4564,0.2844,923,360.6217,81.3438,True,imported,2,False,1981,Classical,wood,S001,171.0386,1999,367119,9.2857,True,False,True,False,Tropical,True,False,4,38.0919
20.4998,39.6345,0.2345,2627,354.1339,75.5614,True,local,6,True,1910,Classical,stone,S003,31.0689,1609,344857,9.8876,True,False,True,True,Temperate,False,False,3,37.7459
34.8124,49.6491,0.2242,2215,363.1135,76.7618,True,local,6,True,289,Classical,brick,S001,69.3522,1309,345409,9.0085,False,True,True,True,Tropical,True,True,4,30.6235
72.4263,14.5838,0.2699,4028,355.8643,73.1276,False,local,4,True,692,Classical,adobe,S003,63.8111,1824,356038,8.9098,,False,False,False,Temperate,False,True,4,32.9454
36.3963,4.0239,0.3256,702,364.3461,55.2114,False,local,9,False,1667,Classical,concrete,S001,194.858,1261,263107,2.3667,True,False,False,False,Tropical,,False,3,17.0538
94.28,34.4731,0.3034,997,339.0578,73.3918,True,imported,5,False,1024,Classical,adobe,S002,191.8863,1165,357359,6.847,True,False,False,True,Tropical,False,True,4,38.8822
57.5203,50.3677,0.179,2302,350.3034,86.399,False,local,5,True,879,Classical,adobe,S003,87.4716,1491,399045,3.0909,True,False,True,False,Temperate,False,False,3,43.8066
14.9375,42.6444,0.1418,2844,319.3585,74.4518,True,local,1,True,237,Classical,wood,S004,120.6317,1000,338859,6.7131,True,True,True,True,Arid,False,True,4,34.5235
63.3069,80.1307,0.2184,537,332.3564,75.3938,True,local,1,True,870,Classical,wood,S003,20.0,1804,364019,9.4709,True,False,False,False,Tropical,True,False,3,58.234
27.0078,39.0166,0.2536,583,354.5344,77.342,True,imported,1,True,715,Classical,wood,S003,154.6544,1192,353760,2.5128,False,True,True,True,Temperate,False,True,3,26.556
72.5264,10.9731,0.2593,2696,343.9402,68.4622,True,local,6,True,1899,Classical,adobe,S001,61.6222,2000,307711,8.3043,True,False,True,True,Tropical,False,False,4,37.1487
18.6819,75.2581,0.283,2460,341.9451,52.9626,False,local,4,True,220,Classical,brick,S003,176.3741,1716,256413,4.2287,,False,False,True,Temperate,False,True,4,44.7655
31.1842,37.8292,0.302,3492,345.8163,73.9972,False,imported,7,False,1081,Classical,brick,S003,108.251,1084,330386,1.4129,True,True,True,True,Tropical,True,True,4,41.8714
68.8169,37.4535,0.2851,1911,319.3503,61.071,True,local,2,True,1935,Classical,wood,S002,72.0485,1249,290755,1.0,True,False,False,False,Tropical,True,True,4,38.2337
51.8567,91.8291,0.2493,2664,364.363,65.3558,True,imported,1,True,394,Classical,brick,S002,157.6572,1937,293379,7.4796,,False,True,True,Tropical,False,False,4,21.8649
69.0184,1.4921,0.2255,4356,362.1288,74.461,False,imported,7,False,932,Classical,brick,S004,25.2054,1744,359355,2.6758,False,True,,False,Temperate,True,False,3,30.3628
11.7981,3.9779,0.179,1056,338.5303,63.665,True,local,8,True,1581,Classical,concrete,S004,108.2862,2000,308725,4.3069,True,True,,True,Temperate,False,True,4,29.3834
66.8199,72.9523,0.2929,4698,364.7726,67.8928,True,local,4,True,1725,Classical,stone,S004,90.8837,1244,299864,8.757,False,True,True,True,Arid,True,False,4,29.2082
52.438,82.6713,0.1735,5000,365.0,75.6062,True,local,5,,587,Classical,wood,S003,128.4973,1318,340081,3.9459,True,True,,False,Temperate,True,False,3,29.8697
28.0053,70.2844,0.2224,526,354.7448,79.3046,True,local,9,True,961,Classical,wood,S004,188.2377,1384,388573,7.1265,True,True,False,False,Tropical,,True,3,38.412
26.4943,33.9107,0.2704,3508,359.5314,73.9314,True,imported,5,False,1547,Classical,concrete,S001,131.4933,1624,355057,2.7391,True,True,,True,Arid,True,False,4,40.9879
37.2707,13.4808,0.2105,4296,343.154,92.8944,False,local,2,,535,Classical,concrete,S004,146.1459,1142,429872,7.4525,False,False,True,True,Tropical,False,False,4,22.8176
92.4782,59.6993,0.2421,4823,332.0071,77.7146,False,imported,2,False,1504,Classical,adobe,S001,47.2674,1837,373973,4.426,False,True,False,True,Tropical,True,False,4,32.7905
73.1287,11.5635,0.1986,3693,352.9324,80.6974,False,imported,4,,1472,Classical,adobe,S002,127.3404,1756,365537,7.9509,False,True,True,False,Temperate,True,True,3,36.1771
30.2081,8.0373,0.2686,959,352.1873,83.2606,False,local,7,,1635,Classical,brick,S001,35.6447,1889,378353,1.921,False,True,True,False,Temperate,True,False,3,37.6675
7.4487,99.657,0.3136,3326,342.5863,66.049,False,local,2,False,1274,Classical,wood,S003,175.9407,1919,315645,6.8163,False,True,,True,Tropical,True,True,4,33.0266
85.6882,42.3402,0.1666,1265,349.2976,59.6642,True,imported,3,True,1928,Classical,adobe,S004,82.8403,1464,263721,8.4874,True,False,True,True,Temperate,False,False,4,36.0306
72.2406,54.0461,0.2703,2837,333.5913,71.9226,True,imported,7,False,1376,Classical,stone,S002,132.4015,1226,325013,8.2571,True,True,True,True,Temperate,False,True,4,25.6445
56.3774,72.134,0.1741,2895,344.7418,63.6418,True,imported,5,True,1541,Classical,stone,S004,107.0538,1651,283609,9.2477,True,True,True,True,Arid,,False,4,24.7292
5.9516,47.9665,0.263,3605,353.7195,82.8252,True,local,9,False,1358,Classical,stone,S002,73.8425,1731,379526,2.793,True,True,True,False,Arid,False,True,4,56.2962
67.5256,91.1085,0.1802,3114,358.6402,72.2892,False,imported,1,False,393,Classical,brick,S001,124.6326,1044,329396,3.7851,False,True,True,True,Arid,False,True,3,30.7046
11.7888,50.4469,0.1746,1513,359.2175,66.375,True,local,7,False,450,Classical,adobe,S002,137.5034,1593,318475,4.755,True,True,False,True,Temperate,True,True,4,36.3912
70.2687,95.7374,0.3952,1876,365.0,56.7634,True,local,6,True,1101,Classical,adobe,S001,84.7747,1773,249217,6.2252,True,False,True,True,Arid,False,True,4,26.3395
60.6551,21.0217,0.4395,2844,356.1414,83.0032,False,imported,7,,1407,Classical,adobe,S002,135.2078,1400,400416,10.0,True,False,False,False,Temperate,True,False,4,30.8933
19.9973,49.5844,0.3661,2336,354.7186,80.6144,False,local,1,True,400,Classical,wood,S004,65.9955,1819,391022,9.5488,False,False,False,False,Temperate,True,True,3,48.8154
83.0768,40.5456,0.2774,4302,355.353,69.738,False,imported,7,False,972,Classical,brick,S001,114.1169,1095,309090,3.8807,True,False,True,False,Temperate,True,False,4,32.6089
43.1838,84.4138,0.2884,1401,334.0113,79.51,False,imported,9,False,324,Classical,concrete,S002,146.6532,1130,385500,9.0666,False,True,False,False,Tropical,True,False,3,36.7502
72.685,94.0867,0.1661,2297,341.4462,71.2794,False,local,3,False,274,Classical,brick,S001,172.4807,1513,347997,6.2517,False,True,False,True,Temperate,False,True,4,29.0337
34.0761,54.6466,0.158,15,302.4225,61.262,True,local,4,False,151,Classical,wood,S001,61.0158,1868,272910,7.4589,,False,True,False,Arid,False,False,4,23.7838
24.2303,29.4993,0.194,3150,346.339,91.46,False,imported,3,False,776,Classical,adobe,S002,168.5331,2000,417700,1.0495,False,True,True,True,Temperate,True,True,4,33.7394
89.8095,98.279,0.2173,4010,338.1472,85.1564,False,imported,8,True,1226,Classical,adobe,S004,94.5207,1347,391182,2.6939,False,False,True,True,Tropical,False,True,4,40.1473
26.2528,34.8306,0.1832,4736,357.1855,76.1656,True,imported,4,False,2000,Classical,concrete,S001,132.6096,1493,347878,7.3892,,True,True,False,Temperate,,False,3,42.2231
36.2646,63.3218,0.2445,3284,328.4331,59.8234,True,imported,6,False,1311,Classical,concrete,S002,178.691,1404,289517,5.2869,,True,False,False,Temperate,False,True,4,44.2056
28.2034,46.6213,0.1523,4761,322.9885,78.2078,False,imported,6,True,100,Classical,stone,S001,79.0159,1668,382639,4.0068,True,False,False,True,Tropical,False,True,4,32.8964
7.1992,80.8845,0.2639,3475,349.7355,70.716,True,imported,2,False,1389,Classical,wood,S004,176.5152,1756,320630,8.6518,False,True,True,False,Temperate,False,True,3,25.7569
72.2493,26.4805,0.2617,2641,342.3495,71.6684,False,imported,10,False,209,Classical,adobe,S002,124.2761,1379,344942,3.6349,True,True,False,False,Tropical,True,False,4,35.7221
68.1843,74.5396,0.2836,311,353.5383,76.53,True,local,3,False,241,Classical,wood,S001,56.6052,1734,349250,10.0,,False,True,False,Temperate,False,True,4,28.7115
38.6691,12.2521,0.2118,3012,329.0638,84.6482,False,imported,7,True,688,Classical,stone,S004,38.1265,1937,413641,1.2164,False,False,False,True,Arid,False,False,4,47.2797
26.3261,31.1817,0.3304,4863,330.3536,70.796,False,imported,2,True,1746,Classical,brick,S003,58.3519,1869,341030,5.2637,True,False,False,False,Arid,True,False,3,29.4824
15.34,16.9123,0.3814,2569,361.4732,38.8996,False,imported,9,,160,Classical,wood,S002,88.8451,1158,181098,5.822,False,False,,False,Tropical,True,True,4,30.3746
95.4497,22.9777,0.2812,1432,350.8715,69.1946,True,local,6,False,276,Classical,brick,S004,64.2794,2000,337573,2.8437,True,True,False,False,Temperate,False,False,4,29.1877
17.1427,31.7498,0.1934,2356,350.0488,57.038,False,imported,4,True,418,Classical,adobe,S003,62.5836,1289,271790,2.0752,False,False,False,True,Temperate,True,False,4,34.1651
62.9247,17.1154,0.3127,2693,345.1662,75.4166,False,imported,2,True,357,Classical,concrete,S004,35.0721,1754,368683,3.6689,False,False,False,False,Tropical,,False,4,35.5823
15.9722,32.3791,0.2579,4467,345.5065,72.1246,False,local,6,True,319,Classical,adobe,S001,83.1442,1413,348573,6.5133,True,True,False,True,Arid,True,False,3,48.917
95.3086,71.4041,0.1982,3963,354.2173,74.7954,True,imported,7,False,1811,Classical,wood,S003,121.5538,1564,359377,7.7576,,True,False,True,Arid,True,False,4,26.1841
80.4067,38.0993,0.2176,2503,328.5339,81.025,False,local,10,True,1751,Classical,adobe,S001,184.6202,2000,397175,7.0662,False,False,False,True,Temperate,False,True,3,25.1026
85.8373,76.9378,0.2013,577,355.2216,85.1862,True,imported,9,,1743,Classical,brick,S001,138.8231,1963,386331,6.4584,False,False,True,True,Arid,True,False,4,33.2902
85.11,81.0966,0.1425,4822,350.0947,80.89,True,local,1,True,1929,Classical,brick,S004,155.0113,1113,368200,2.1662,False,False,True,False,Temperate,False,False,5,29.1809
78.6751,86.8991,0.2755,651,329.6322,63.3136,True,imported,3,True,960,Classical,adobe,S002,62.6554,1808,306968,3.6055,False,True,False,True,Tropical,False,True,4,37.7196
34.2265,53.4774,0.2115,422,352.593,68.8296,False,local,2,True,1758,Classical,concrete,S002,77.0925,1362,329548,7.8713,False,True,False,True,Arid,True,True,4,40.8934
48.9868,19.3854,0.2342,1274,307.0024,75.5286,True,imported,7,True,330,Classical,brick,S004,113.4868,1588,344243,4.507,True,True,True,True,Temperate,False,True,4,15.2247
96.573,94.2161,0.2413,2176,358.3273,63.039,True,imported,3,False,280,Classical,stone,S003,79.7928,1817,281795,9.8348,True,True,True,False,Tropical,False,True,4,50.4511
18.0886,18.5571,0.2133,4008,348.6289,64.4046,True,local,1,False,1306,Classical,concrete,S003,45.9441,1320,312423,6.4544,True,False,False,True,Tropical,False,True,4,15.2119
40.5743,31.5209,0.2096,3114,342.6636,66.7148,False,imported,5,True,115,Classical,adobe,S003,125.9897,1210,325174,1.4186,False,True,False,True,Arid,False,True,4,36.2189
75.8511,45.1276,0.2677,1555,345.2379,71.661,True,imported,5,False,1880,Classical,concrete,S002,96.2703,1868,343705,9.378,False,True,False,True,Tropical,True,False,4,41.9736
81.66,12.1444,0.0663,680,346.2867,76.5518,False,local,3,False,314,Classical,wood,S003,76.3903,1688,344359,5.2864,False,True,True,False,Arid,True,True,4,35.5357
44.5933,74.7633,0.1315,2842,361.1173,74.2178,True,imported,4,False,916,Classical,adobe,S004,156.2687,2000,336489,9.2512,True,False,True,False,Temperate,False,False,4,37.4977
100.0,13.2311,0.3242,1306,328.3336,76.4902,False,imported,4,True,558,Classical,brick,S002,126.546,1830,367851,3.2934,False,False,False,True,Temperate,True,True,4,27.8251
31.6156,52.9646,0.2495,3547,322.2381,70.2334,False,imported,4,True,1902,Classical,brick,S004,81.2387,1087,311567,3.4547,True,True,True,True,Tropical,True,True,4,26.0906
14.4718,77.8083,0.055,896,363.2051,59.5018,False,local,10,False,1391,Classical,wood,S001,25.3584,1141,284559,2.8594,False,True,False,False,Tropical,True,False,3,24.3961
61.0233,13.5141,0.2078,4602,344.3509,75.9184,True,local,3,True,155,Classical,stone,S003,173.7372,1891,372542,9.0986,True,True,False,True,Tropical,False,False,3,33.7174
66.6341,99.6278,0.2436,4387,344.1174,76.9588,False,imported,2,False,1720,Classical,wood,S001,86.9452,1328,376844,7.3706,False,False,False,False,Tropical,False,False,3,27.0924
36.1278,51.6029,0.1784,2654,336.965,61.9036,True,local,4,False,1609,Classical,stone,S004,92.6837,1599,294918,10.0,False,True,False,False,Temperate,True,True,4,33.2164
40.499,25.0037,0.2674,3543,321.1764,100.0,True,imported,8,False,749,Classical,brick,S004,162.6256,1781,483254,6.7398,True,False,True,True,Arid,,False,3,28.5647
92.3604,36.9278,0.1427,4504,316.228,54.649,False,imported,9,False,1367,Classical,stone,S001,148.3398,1040,263645,10.0,False,False,False,False,Arid,False,True,4,25.4081
4.5014,76.439,0.1625,1959,354.4129,47.8806,True,local,5,,568,Classical,brick,S001,71.3813,1763,231453,7.9129,True,False,False,False,Tropical,False,False,3,31.3464
42.3397,37.1171,0.2578,3717,365.0,68.7978,False,imported,2,True,167,Classical,wood,S002,199.7137,1665,330589,2.3835,False,False,,False,Temperate,True,True,4,29.9402
21.5141,37.2412,0.2638,3721,352.8523,58.3064,False,local,5,,416,Classical,wood,S003,178.8885,1512,253132,8.5815,False,False,True,False,Arid,,True,4,37.4986
44.0882,87.784,0.1916,1574,351.9428,57.7968,True,local,6,,276,Classical,wood,S004,50.2043,1156,255584,4.2604,False,False,True,False,Tropical,False,True,4,37.2424
64.9977,85.5832,0.2658,2046,321.802,82.227,True,local,2,True,712,Classical,concrete,S003,53.2782,1572,371535,7.5781,False,False,True,True,Arid,True,False,4,37.2952
45.5014,7.4523,0.1821,228,352.9089,64.5546,False,local,4,False,652,Classical,concrete,S004,106.6913,1875,313173,2.7946,,False,False,True,Tropical,False,False,4,42.5068
88.7792,9.8063,0.1424,4889,308.3181,84.5946,False,local,6,True,1091,Classical,concrete,S004,59.0237,1298,388373,8.0006,False,False,True,True,Tropical,False,True,4,41.409
30.6194,36.7951,0.2864,2309,335.2824,80.2654,False,local,1,True,1770,Classical,stone,S004,140.6882,1362,366727,2.0663,,False,True,True,Temperate,False,False,4,17.7682
58.6417,92.6211,0.2456,81,364.718,75.7792,False,imported,5,True,232,Classical,stone,S003,77.3323,1831,370496,7.4215,False,True,False,True,Tropical,False,False,4,39.4175
98.5708,99.3772,0.3148,24,316.6559,68.9078,True,imported,4,,947,Classical,concrete,S002,181.2597,1093,304939,8.8441,True,False,,True,Tropical,True,True,4,22.9195
93.1064,18.8786,0.2199,78,363.6561,71.9376,True,imported,4,False,1630,Classical,wood,S003,67.6458,1694,325088,4.2411,False,False,True,True,Temperate,False,True,4,41.136
77.0226,51.9517,0.1787,822,364.2082,68.855,False,local,6,True,999,Classical,wood,S004,168.5614,1823,304675,3.4466,False,False,True,False,Arid,True,True,4,39.016
89.3557,3.0937,0.1929,1860,361.924,71.567,True,imported,3,True,127,Classical,adobe,S003,161.9996,1548,324435,1.4262,True,False,True,False,Temperate,False,False,4,33.2132
87.4683,85.5094,0.2287,1611,364.7163,75.3152,False,imported,1,True,1908,Classical,concrete,S003,67.3879,1471,366976,10.0,True,False,False,True,Temperate,False,False,4,45.1961
68.4853,5.452,0.2876,398,355.3931,65.5544,False,imported,1,True,604,Classical,adobe,S004,171.7903,1120,314822,3.0341,False,False,False,True,Temperate,True,False,3,26.6473
16.2809,49.5461,0.1377,1051,350.9497,80.821,False,local,5,False,636,Classical,concrete,S004,123.1486,1505,366155,7.4179,True,False,True,True,Arid,True,True,3,43.5731
88.8447,24.0057,0.251,1133,354.3709,72.455,False,imported,2,False,1095,Classical,concrete,S004,163.7431,1902,329325,1.452,False,False,True,True,Tropical,False,False,3,23.9812
82.3024,93.2414,0.3286,1387,328.2688,56.1896,True,imported,7,True,980,Classical,stone,S004,185.7108,1555,266348,7.5171,True,False,False,False,Arid,True,False,4,34.3122
16.7612,45.3695,0.272,2477,340.0819,72.1304,False,local,6,False,1057,Classical,wood,S003,102.0369,1158,351052,7.2244,True,False,False,False,Arid,False,True,4,46.452
10.671,55.3953,0.1263,673,325.8599,85.5022,True,imported,8,False,1427,Classical,adobe,S004,200.0,1691,389561,8.7008,True,True,True,True,Arid,True,False,3,24.9182
11.029,1.1645,0.2789,1828,353.1242,71.9422,False,local,3,True,1212,Classical,wood,S002,35.1355,1603,351761,4.1999,False,False,False,True,Arid,False,False,3,26.9276
87.5413,34.6099,0.2619,1054,333.1304,67.8578,False,local,3,True,1450,Classical,concrete,S001,20.0,1176,304689,6.9167,True,False,True,False,Tropical,False,False,4,22.4272
23.9768,46.5271,0.3002,2777,344.3598,65.3892,False,imported,5,True,1520,Classical,brick,S002,123.4147,1750,288996,9.3855,False,True,True,True,Temperate,True,False,3,31.3287
69.2807,1.8525,0.1818,105,339.7413,82.9948,True,local,4,False,1947,Classical,wood,S001,166.812,1650,380374,9.1657,,True,True,True,Arid,False,False,4,42.2186
73.4979,5.9466,0.2545,690,329.6151,73.699,True,local,4,True,1246,Classical,adobe,S002,140.0329,1673,328895,3.5041,True,False,True,False,Tropical,True,False,4,43.9723
53.1004,100.0,0.278,3475,350.6749,66.9862,False,imported,1,True,1240,Classical,concrete,S002,107.9097,1550,320331,9.7015,True,True,False,True,Arid,True,False,4,35.626
4.5024,62.9295,0.1667,2492,356.0693,78.9438,True,local,4,True,653,Classical,brick,S002,123.8181,1987,380119,1.2928,False,False,False,False,Temperate,True,False,4,29.7777
45.1763,63.01,0.4202,1837,349.7476,67.4012,True,imported,2,False,1292,Classical,brick,S001,159.1313,1837,302406,5.4747,True,False,True,True,Temperate,False,True,4,30.9361
16.9459,45.8338,0.2642,414,314.1966,49.3708,True,local,3,True,425,Classical,wood,S003,154.0882,1834,238454,9.4086,False,True,False,True,Tropical,False,False,4,23.9926
98.1564,68.2905,0.1221,3117,342.9974,68.781,False,imported,2,False,608,Classical,brick,S003,36.7402,1457,330955,4.2891,True,True,,False,Temperate,True,True,3,37.2552
79.7057,62.2477,0.2233,2474,339.9486,60.6832,True,imported,1,False,1445,Classical,brick,S001,88.7978,1697,263816,3.9458,False,True,True,False,Temperate,True,True,4,28.6639
12.0954,82.6223,0.0917,507,339.4206,77.1542,False,imported,3,True,1489,Classical,brick,S004,124.8224,1090,351171,3.2471,False,True,True,False,Arid,False,False,4,22.65
75.9079,42.1612,0.2535,1609,337.9929,64.01,True,local,3,False,1518,Classical,brick,S001,140.6469,1807,280450,4.3931,True,True,True,True,Arid,True,False,4,15.9939
89.8795,49.5463,0.2327,2182,359.3215,64.3922,False,imported,7,False,1250,Classical,wood,S004,142.8352,1800,287361,7.8282,,False,True,True,Arid,False,True,4,30.7922
57.7093,3.1296,0.1589,3548,355.5157,77.3226,True,local,9,,1225,Classical,wood,S004,174.5908,1913,347013,8.7964,True,True,,False,Temperate,,True,4,41.8477
35.631,51.6087,0.178,1639,335.7008,53.2198,False,imported,9,True,808,Classical,stone,S001,156.3912,1627,256499,9.3458,False,False,False,True,Tropical,False,False,4,23.0072
59.65,14.6162,0.3,1730,350.5028,76.2584,True,local,3,True,1156,Classical,stone,S003,51.5559,1654,341692,8.275,False,False,True,False,Tropical,True,True,4,47.707
79.3104,58.5589,0.1384,1809,337.4737,76.6986,False,imported,5,False,194,Classical,wood,S002,54.9358,1315,376443,7.5829,True,False,False,False,Arid,False,True,3,37.5924
10.9582,35.3139,0.1727,3828,362.0777,70.7636,True,imported,4,False,679,Classical,brick,S003,22.0095,1776,314218,8.1297,True,False,True,True,Temperate,True,False,4,43.5709
35.6868,49.9902,0.0672,4480,356.6946,84.38,True,imported,8,True,251,Classical,brick,S002,73.5945,1812,382150,6.2744,False,False,True,True,Temperate,True,False,5,35.8807
93.5433,18.4245,0.2659,2984,364.5956,56.2106,False,imported,6,True,1163,Classical,wood,S001,200.0,1647,268103,6.6933,False,False,False,False,Arid,True,False,3,49.2501
46.7596,4.8127,0.2215,2090,355.677,76.2438,True,imported,8,False,592,Classical,wood,S003,82.737,1708,366619,6.8631,True,True,False,False,Tropical,True,False,4,37.9194
80.3051,16.9832,0.2829,161,365.0,72.8856,True,imported,9,True,577,Classical,brick,S002,49.6626,1442,331478,5.4053,True,True,True,False,Arid,False,True,3,41.8706
8.1408,23.5427,0.3421,5000,364.6195,79.283,False,imported,7,False,100,Classical,concrete,S001,166.0624,1057,358015,8.7074,True,False,True,False,Temperate,True,True,4,38.5143
49.1745,53.8967,0.175,3785,337.8211,74.878,True,local,3,True,1178,Classical,concrete,S001,112.0583,1137,334790,9.7211,True,True,True,True,Arid,True,True,4,44.3171
16.7417,82.1375,0.2901,317,310.776,79.4366,False,local,7,True,1810,Classical,adobe,S001,113.9076,1402,362583,5.9584,True,True,True,False,Tropical,False,True,4,61.6187
62.2293,80.8386,0.1451,2591,346.2684,86.9176,True,imported,4,False,1432,Classical,adobe,S001,47.461,1420,423338,4.0835,False,False,False,True,Arid,,False,5,47.211
97.9932,90.2279,0.312,4364,338.0977,70.199,False,local,9,True,694,Classical,brick,S003,161.5337,1240,341395,4.621,False,False,False,True,Tropical,,False,4,39.1143
44.8445,71.0474,0.2745,3155,365.0,66.7854,False,local,7,True,914,Classical,concrete,S004,200.0,1251,319327,2.3148,False,False,False,True,Temperate,True,True,4,24.7376
16.5582,47.7112,0.1859,2480,329.8619,60.8496,True,imported,4,False,1792,Classical,wood,S002,103.268,1494,289648,1.4108,False,False,False,False,Arid,True,True,4,37.3599
52.858,43.737,0.367,3551,355.4435,52.1892,True,imported,1,False,552,Classical,concrete,S004,58.0767,1140,246346,8.7544,False,True,False,True,Temperate,True,False,4,28.3683
75.777,81.2798,0.2956,172,358.9445,75.177,True,local,3,False,1309,Classical,concrete,S003,39.5582,1560,361285,3.2844,False,False,False,False,Arid,True,True,4,37.0525
44.1857,4.8673,0.2928,827,350.6956,77.627,False,local,7,False,815,Classical,stone,S003,60.9749,1670,348535,9.5759,True,False,True,True,Arid,True,True,4,38.9742
5.2559,25.4834,0.2292,454,356.4567,62.7242,False,imported,4,True,1549,Classical,brick,S004,199.1987,1649,304021,9.3559,False,True,False,True,Arid,False,True,4,27.9194
93.3222,46.9154,0.2251,3268,363.8804,64.2028,True,local,3,True,495,Classical,brick,S001,194.5616,1920,307614,7.8753,True,True,False,True,Tropical,True,True,4,20.785
28.9762,31.8916,0.1903,4321,355.1241,73.7486,False,imported,1,True,146,Classical,concrete,S003,74.3637,1167,330343,5.2782,True,True,True,False,Temperate,,False,4,44.9665
92.5142,12.8499,0.3137,4933,359.0556,75.5694,False,local,6,True,1772,Classical,wood,S003,64.3378,1718,343247,4.8958,True,False,True,False,Temperate,False,True,4,33.9966
69.4518,61.0101,0.2081,4215,365.0,78.5518,False,local,4,True,1460,Classical,wood,S004,109.7523,1707,354809,3.0367,True,False,True,True,Tropical,,True,3,24.9957
92.0408,30.3202,0.269,3210,351.9954,75.3122,True,imported,4,False,738,Classical,adobe,S004,63.658,1621,368611,9.5893,False,True,False,True,Arid,False,True,3,26.5482
73.6468,80.8643,0.1818,952,361.971,62.8598,True,imported,2,False,378,Classical,stone,S003,131.3256,1580,280899,2.8414,True,False,True,True,Temperate,False,False,4,33.2048
62.2273,97.5515,0.1912,162,360.7967,60.4394,False,local,8,True,758,Classical,adobe,S003,76.9686,1028,292597,4.8513,False,False,False,False,Tropical,False,True,4,27.8021
96.9227,40.9776,0.2383,5000,345.6349,75.273,True,imported,1,False,425,Classical,concrete,S004,67.3796,1495,367965,2.1784,,True,False,False,Tropical,False,True,4,22.9148
40.528,61.6039,0.2173,197,353.9747,77.8506,False,local,8,False,931,Classical,stone,S003,31.8942,1787,379653,8.3986,False,False,False,True,Tropical,False,True,4,36.3805
55.5088,76.1277,0.2565,2318,352.2407,64.1714,True,imported,5,True,1168,Classical,stone,S002,153.1585,1419,307907,8.2152,True,False,False,False,Temperate,True,True,3,23.9703
61.7083,35.3259,0.2713,3194,337.9947,66.9286,False,imported,1,,224,Classical,concrete,S002,160.5401,1237,297593,6.7109,True,False,True,False,Arid,True,True,3,34.8072
36.5111,29.3309,0.297,816,333.4226,77.7524,True,imported,5,True,556,Classical,wood,S001,51.9037,1532,374162,2.319,False,True,,False,Arid,True,True,4,33.8113
9.6672,22.647,0.1586,2862,355.62,64.9466,True,imported,1,True,343,Classical,adobe,S003,23.0373,1060,316333,3.9231,True,True,False,False,Arid,False,False,4,35.8042
29.0641,69.1609,0.246,3247,334.7586,82.9416,True,imported,8,True,1724,Classical,concrete,S002,124.3924,1912,380108,2.8322,False,False,,False,Arid,False,False,4,45.0699
11.1023,20.602,0.329,4435,351.17,82.5946,False,local,7,True,741,Classical,concrete,S003,168.97,1402,403373,3.717,True,True,False,True,Tropical,False,False,4,47.4458
28.8719,43.8694,0.3376,1853,318.9871,75.4694,False,imported,7,True,1132,Classical,concrete,S003,181.0228,1586,339397,4.2912,False,True,True,True,Temperate,True,True,3,32.6381
25.8915,31.6212,0.1806,916,333.7989,71.9826,False,local,1,False,1773,Classical,wood,S001,42.7084,1161,350313,2.296,False,False,False,False,Tropical,False,False,4,33.4433
82.9044,63.7336,0.2216,3541,361.0364,82.1118,False,local,4,True,1514,Classical,brick,S004,118.7318,1080,400959,7.5058,False,True,False,True,Arid,False,True,4,37.7603
100.0,9.0836,0.2758,852,348.2818,81.5186,True,local,6,False,472,Classical,brick,S004,44.9448,1485,369193,6.3547,False,True,True,True,Temperate,True,False,4,33.2404
37.6762,14.0091,0.3094,2090,344.692,75.2458,False,imported,8,False,1279,Classical,wood,S002,122.4519,1379,341629,1.4088,False,False,True,False,Temperate,False,False,4,45.1681
89.907,79.2429,0.1983,4960,363.1365,64.704,True,local,9,False,473,Classical,wood,S003,77.2559,1317,285120,9.5817,True,True,True,True,Temperate,True,True,4,41.647
68.4359,49.5961,0.1965,0,325.6017,77.7482,False,local,5,False,1207,Classical,adobe,S001,67.1596,1804,374141,9.4794,,False,False,False,Tropical,True,False,4,25.824
62.2039,93.5112,0.2237,4249,363.1622,82.12,False,imported,9,False,668,Classical,adobe,S001,170.3132,1379,376000,8.4443,False,False,,False,Arid,False,False,4,16.8344
95.5967,19.8784,0.2621,2339,344.2802,63.637,True,local,3,True,1835,Classical,wood,S002,159.446,1777,308585,5.6214,True,False,False,True,Temperate,False,True,4,38.1648
62.2901,59.5108,0.2215,3541,328.7972,70.9884,True,local,4,True,1343,Classical,concrete,S002,48.0211,1492,340342,1.6391,True,False,False,False,Tropical,True,True,4,29.9954
0.0,56.504,0.2713,4605,360.3891,64.1234,False,imported,3,False,818,Classical,adobe,S001,25.5738,1576,311017,5.1305,False,False,False,True,Tropical,False,True,4,28.2467
8.435,65.7263,0.2198,2460,340.5153,64.8032,False,imported,3,True,818,Classical,concrete,S002,73.7485,1150,284416,10.0,False,False,True,False,Tropical,True,False,4,35.9043
62.6777,79.5409,0.0961,4758,344.4017,73.6614,True,imported,6,True,1600,Classical,stone,S001,145.0852,1007,353707,1.8451,False,False,False,True,Temperate,,True,4,32.8044
41.7795,90.0886,0.2301,1030,351.0875,59.9116,True,imported,10,False,967,Classical,adobe,S002,63.7741,1805,291608,9.5157,,False,False,True,Temperate,False,True,3,35.3932
22.7843,62.4927,0.3135,4367,335.4774,61.9588,True,imported,7,False,803,Classical,adobe,S001,79.1073,1190,295194,9.2547,False,True,,True,Temperate,True,False,4,37.3308
89.1616,22.7648,0.2025,3892,337.8383,56.0948,True,imported,3,False,1885,Classical,adobe,S002,189.1499,1691,242524,7.851,True,True,True,True,Arid,True,True,3,26.4218
83.1376,73.4904,0.2928,98,348.1868,77.9786,False,local,2,,1610,Classical,adobe,S002,74.4388,1275,375293,3.1824,False,True,False,False,Temperate,True,True,4,26.9236
61.6954,42.2255,0.1597,1807,337.5149,70.2724,False,imported,2,True,1557,Classical,adobe,S003,121.9168,1577,336762,2.6249,False,True,,True,Temperate,True,True,4,51.6673
93.2357,44.9482,0.2593,3081,337.9293,64.0662,True,imported,4,True,219,Classical,wood,S004,92.5839,1085,311931,6.8693,False,False,False,True,Temperate,False,False,4,40.4574
47.0213,29.9433,0.1276,601,353.9028,65.8938,True,imported,9,True,1838,Classical,wood,S004,134.2791,1761,289869,7.5816,,False,,True,Temperate,True,False,4,43.0811
34.4092,54.0044,0.2415,352,343.7131,70.8582,True,imported,6,False,789,Classical,wood,S003,149.9221,2000,346341,1.1089,True,True,False,False,Arid,False,False,3,53.9329
11.4244,91.7411,0.2929,3429,353.3874,67.9088,True,imported,7,True,477,Classical,brick,S003,193.1823,1388,306144,4.0291,True,False,True,False,Arid,False,True,4,24.9768
0.4427,34.1246,0.3011,1185,363.4805,74.8856,False,local,4,True,1395,Classical,brick,S002,78.2379,1671,334828,8.6448,True,True,True,True,Arid,True,True,4,38.7322
97.3942,9.6161,0.3486,4545,355.4584,59.8778,True,local,7,True,1170,Classical,brick,S004,104.645,1153,284789,2.4384,False,False,False,True,Tropical,True,True,4,31.6017
8.516,57.2387,0.1783,2690,343.3254,73.7794,False,local,9,True,1662,Classical,adobe,S002,125.5796,1475,334297,2.3097,True,False,True,False,Arid,False,True,4,26.3405
39.3422,59.7683,0.1101,578,348.3818,87.4808,True,imported,8,True,742,Classical,adobe,S001,116.5864,1480,402804,7.4839,False,False,True,True,Temperate,False,True,4,44.4665
13.2284,92.8613,0.2274,4356,350.5151,65.6086,False,imported,1,,1425,Classical,adobe,S002,118.4575,1398,318443,5.1572,,True,False,True,Tropical,False,False,4,48.1316
31.2263,7.2354,0.2152,84,364.0955,65.3104,False,local,3,False,644,Classical,concrete,S003,125.3542,1674,311952,3.8912,,True,False,False,Temperate,True,False,4,27.4392
84.7659,66.3699,0.1457,2127,341.9914,78.9108,False,local,8,True,910,Classical,stone,S003,175.72,1897,356604,2.5823,False,True,True,False,Temperate,,False,3,16.9239
56.0729,52.6776,0.2503,4708,347.5557,53.213,False,imported,9,True,1675,Classical,concrete,S001,108.169,1994,251465,5.4504,False,True,False,True,Arid,True,True,4,48.6394
29.0448,70.3497,0.2274,804,334.1195,62.1828,False,local,3,False,406,Classical,adobe,S004,98.324,2000,277514,2.5048,True,True,True,True,Arid,,True,4,32.0482
41.4755,6.873,0.1302,2736,363.2965,68.8858,True,imported,6,True,1044,Classical,brick,S002,88.3543,1967,309829,5.0704,True,True,True,False,Temperate,,False,4,38.2165
91.45,46.8397,0.2801,4968,344.2435,55.2172,True,local,1,False,1312,Classical,adobe,S002,55.4843,1925,238136,5.0803,True,False,True,True,Arid,True,True,3,31.2628
38.1615,58.5104,0.2496,3494,354.0055,75.3642,True,imported,3,False,414,Classical,wood,S004,92.9913,1158,343421,3.9787,True,True,,False,Arid,False,True,4,18.1451
66.4103,39.4757,0.0354,4864,352.3419,69.2832,True,imported,3,True,1468,Classical,stone,S003,124.8021,1122,333466,8.0944,,True,False,False,Tropical,True,True,3,31.5145
2.0403,71.4434,0.1327,4115,339.5711,82.3722,True,local,6,False,1641,Classical,wood,S002,149.6449,1477,377261,6.7481,True,False,True,False,Tropical,False,True,4,28.4605
81.3883,5.9649,0.1612,5000,348.0261,82.2022,False,local,4,False,1621,Classical,concrete,S003,160.0451,1922,376411,3.665,True,True,True,False,Arid,False,True,4,32.4815
71.8593,74.0939,0.2406,2981,361.9672,62.0726,True,local,3,False,1710,Classical,wood,S003,72.5343,1376,302413,1.8492,True,True,False,True,Arid,False,False,3,34.443
17.7101,45.7292,0.2093,2203,338.2043,75.2632,True,local,1,True,600,Classical,adobe,S002,159.7488,1933,343366,7.6175,False,True,True,False,Temperate,False,True,3,40.9194
94.267,91.6503,0.281,867,364.7033,63.1728,True,local,7,False,705,Classical,wood,S004,27.3534,1117,301264,1.6924,True,True,False,True,Temperate,True,False,4,37.4822
56.482,98.5286,0.3151,4695,309.5863,71.1156,False,local,7,True,1776,Classical,adobe,S004,29.7362,1251,320978,7.878,True,False,True,False,Tropical,False,True,4,41.2662
84.4537,0.0,0.2076,1190,342.096,71.6274,False,local,8,False,424,Classical,wood,S004,194.2031,1186,349737,7.1228,,True,False,True,Tropical,False,True,4,32.6523
39.2299,56.372,0.2226,3359,364.2552,75.0758,False,imported,9,,341,Classical,concrete,S003,37.3478,1285,341979,8.2957,False,False,True,False,Temperate,False,True,4,26.9034
55.0652,40.5167,0.3578,170,344.4516,100.0,False,imported,7,True,354,Classical,stone,S001,107.2938,1731,468485,6.9517,,False,True,False,Tropical,True,True,3,32.1495
23.1651,35.6174,0.214,1740,343.5979,71.1042,True,imported,9,False,1354,Classical,concrete,S002,186.3826,1704,340921,6.3985,False,True,False,False,Tropical,True,True,4,22.8032
8.8831,97.2204,0.2618,800,321.8076,68.8486,False,local,3,True,773,Classical,wood,S003,73.2167,1235,306293,5.1008,,False,,False,Tropical,True,False,3,27.7764
7.2524,77.8641,0.1516,2041,363.3366,55.7144,False,imported,6,True,1269,Classical,brick,S001,143.3232,1281,268972,5.6442,False,True,False,True,Tropical,False,True,4,42.3915
53.5416,39.7042,0.3273,484,346.5036,68.4576,False,imported,7,True,1700,Classical,wood,S001,200.0,1916,307688,7.4093,True,False,True,True,Arid,False,True,4,51.0406
33.8099,1.5106,0.272,2961,307.5597,94.1802,True,local,1,False,1710,Classical,adobe,S004,84.6949,1777,432951,9.8893,False,False,True,True,Tropical,True,True,3,44.735
83.2806,30.4434,0.2315,4892,336.8046,77.2246,False,imported,4,True,1363,Classical,adobe,S004,33.8077,1263,353173,8.211,True,True,True,False,Tropical,False,True,3,43.4464
79.0795,87.281,0.2161,2801,339.6239,62.7918,False,local,4,False,1490,Classical,concrete,S002,76.7277,1067,279359,7.4587,False,True,True,True,Tropical,False,False,4,39.1627
33.9003,0.0,0.3546,1325,329.4616,80.7848,True,imported,4,False,2000,Classical,wood,S003,121.8209,1458,370974,1.3012,True,True,True,False,Temperate,False,False,3,40.0315
36.7331,46.3794,0.1922,4696,345.204,73.6614,False,local,7,False,1709,Classical,adobe,S001,149.3911,1853,328707,3.3638,True,True,True,True,Tropical,True,False,4,33.6004
65.5612,44.3129,0.3299,1039,336.0546,64.911,False,local,1,True,1450,Classical,wood,S004,122.382,1874,314955,7.1121,True,True,False,False,Temperate,False,True,4,46.438
12.7125,97.0594,0.193,3353,345.4175,74.6118,False,local,9,True,662,Classical,brick,S003,163.6049,1706,338459,7.0347,False,False,True,False,Arid,False,True,4,33.0208
54.3358,50.2976,0.4179,1520,345.1223,73.2224,True,local,4,False,1540,Classical,concrete,S003,108.445,1070,356512,8.0835,,True,False,False,Arid,False,False,4,23.9811
58.4159,17.733,0.2737,4879,349.7403,79.6658,True,local,7,True,766,Classical,wood,S003,20.0,1172,363729,9.1944,True,True,True,True,Arid,False,True,4,9.842
100.0,7.2568,0.1989,4168,364.7792,68.0712,False,local,6,False,193,Classical,stone,S003,66.4353,1964,331956,9.3193,True,False,,False,Temperate,False,False,4,25.3816
31.038,72.1525,0.3171,2888,365.0,82.3856,False,imported,3,True,1702,Classical,adobe,S004,97.5297,1251,372328,8.3752,True,False,True,True,Arid,True,True,4,29.5231
47.8859,36.9749,0.1441,57,356.4523,56.9318,False,local,9,False,760,Classical,wood,S001,141.0471,1214,250059,2.855,True,True,True,False,Tropical,False,True,4,35.2768
35.8779,99.8143,0.1887,3818,354.8976,80.6084,False,imported,7,False,1959,Classical,brick,S004,182.2608,1829,368442,1.4608,False,True,True,True,Arid,False,True,4,30.6318
86.3972,66.4691,0.311,186,327.664,61.2374,True,imported,9,True,556,Classical,adobe,S003,83.067,1712,273237,5.236,True,False,True,False,Temperate,False,True,3,50.3838
27.4215,95.6066,0.1301,1702,332.2944,75.7988,False,imported,6,,1707,Classical,adobe,S002,123.169,1392,344394,6.742,True,True,True,False,Temperate,False,False,4,37.5931
8.1455,61.626,0.2934,1194,360.3946,84.7298,True,imported,9,False,1490,Classical,adobe,S004,172.4422,1735,410699,2.5384,True,False,False,False,Temperate,True,False,3,16.9663
91.7453,52.43,0.1428,725,346.373,89.1368,True,local,5,False,165,Classical,brick,S004,73.5783,1106,432284,5.4938,True,True,False,False,Tropical,True,True,4,36.4945
45.3211,90.7935,0.3062,4722,345.1061,69.234,True,imported,1,False,1313,Classical,stone,S004,40.0005,1653,336570,1.5889,False,True,False,True,Temperate,False,True,4,36.1537
54.2497,22.4956,0.1222,3557,336.8062,70.7064,True,imported,2,False,786,Classical,brick,S003,112.5491,1005,313932,5.4424,True,False,,False,Temperate,True,False,4,33.4877
14.7527,58.125,0.4119,441,364.1341,75.9044,False,local,6,False,1541,Classical,stone,S003,167.0778,1157,364922,9.2566,True,False,False,False,Arid,True,False,4,18.1742
68.7126,78.6547,0.2324,379,363.8165,69.6266,True,imported,3,True,803,Classical,stone,S003,25.2098,1304,335183,1.3594,False,False,False,False,Arid,True,True,3,22.8464
2.3526,39.7559,0.2925,1663,356.142,79.5872,True,imported,5,False,479,Classical,stone,S002,197.1412,1859,364536,5.0506,True,True,True,True,Tropical,False,False,4,45.6385
38.3474,47.061,0.278,3244,346.9766,76.6574,True,local,3,True,121,Classical,concrete,S004,174.4685,1332,374887,2.6066,False,True,False,True,Arid,False,False,4,25.1936
12.5472,96.2914,0.1465,3041,352.4045,67.5374,True,local,1,,1184,Classical,adobe,S003,97.7771,1834,324737,8.4495,True,True,False,False,Arid,True,True,3,39.0635
11.4074,73.0938,0.3149,2966,364.2456,60.0942,True,imported,9,False,629,Classical,stone,S003,149.2947,1862,292521,7.6606,True,True,,False,Arid,False,False,3,14.9205
62.8884,22.4559,0.3511,1401,365.0,62.211,True,local,3,True,1912,Classical,wood,S001,196.4668,1559,296455,4.0454,True,False,False,True,Arid,True,True,4,19.3843
85.1489,19.0633,0.2601,4013,365.0,60.022,True,imported,9,True,1729,Classical,stone,S002,138.8434,1260,285510,7.1043,False,True,False,False,Temperate,True,True,4,27.0699
55.0378,97.825,0.2115,597,342.5371,76.163,False,imported,5,True,1425,Classical,wood,S004,163.5175,1913,341215,6.3317,True,True,True,False,Arid,True,False,4,31.8435
19.6646,0.0,0.1905,2660,325.3726,66.3486,False,local,2,True,2000,Classical,brick,S001,173.1731,1150,298793,5.3445,False,False,True,True,Tropical,False,True,3,39.4188
17.9534,38.4938,0.1937,3314,365.0,80.4784,True,local,6,False,1024,Classical,stone,S002,110.4453,1089,394442,1.9153,False,False,False,False,Tropical,False,False,3,33.9777
32.3083,0.5476,0.1841,5000,364.1578,80.2226,False,local,9,True,1947,Classical,wood,S001,114.2608,1043,391513,6.2686,False,True,False,True,Temperate,,False,4,26.2722
15.7414,85.9803,0.2658,3056,334.0291,73.6026,False,imported,7,True,1864,Classical,adobe,S003,198.3318,1212,353413,3.9037,False,True,False,True,Arid,True,True,4,17.0712
12.5679,67.5339,0.2235,633,331.6683,55.2842,False,imported,4,True,344,Classical,wood,S001,96.6458,1406,243021,5.5593,False,True,True,True,Tropical,False,True,4,31.0677
55.3848,8.4992,0.2708,3832,338.2811,86.6414,True,imported,5,True,1859,Classical,stone,S004,133.9318,1280,393607,7.66,False,False,True,False,Arid,True,True,4,34.9301
90.1168,88.137,0.2612,1799,331.3987,76.4394,False,imported,4,True,227,Classical,stone,S001,94.5707,1231,342447,8.1707,True,True,True,True,Temperate,,False,5,35.0238
23.3872,36.1753,0.2617,963,314.2858,75.4544,False,imported,9,True,1395,Classical,adobe,S001,69.2403,1779,367672,8.2856,False,False,False,False,Tropical,False,True,4,29.1119
78.247,34.1043,0.3093,4647,344.032,66.5368,True,imported,2,True,1889,Classical,brick,S002,105.6358,1942,323084,4.5503,True,True,False,False,Arid,False,True,4,46.0896
32.1422,37.0007,0.2766,497,363.478,72.3832,False,local,4,True,645,Classical,stone,S003,146.8027,1147,347316,2.7414,True,False,False,True,Temperate,True,True,4,47.3509
76.1168,0.1856,0.2113,400,317.8132,55.7288,False,imported,3,False,1261,Classical,brick,S004,59.6166,1871,239044,1.8997,,True,True,True,Arid,True,False,4,39.6432
28.6528,71.6979,0.1965,2032,352.3918,70.675,False,imported,4,False,991,Classical,brick,S004,130.9764,1678,342125,3.7142,,False,False,True,Temperate,False,False,5,38.1038
51.7173,89.4847,0.2695,1604,365.0,67.5034,False,imported,4,False,1616,Classical,brick,S004,100.7277,1597,302917,1.7522,True,True,,True,Arid,False,True,4,27.6165
37.3755,48.6619,0.2438,2758,344.9415,54.0512,False,imported,3,,439,Classical,wood,S004,156.5996,1877,261856,3.8781,True,True,False,False,Tropical,False,True,4,28.0056
98.5723,12.7405,0.2413,3638,323.7192,61.1146,True,imported,1,True,1736,Classical,stone,S003,176.8192,1273,270973,8.9388,True,False,True,True,Temperate,,True,4,40.8022
0.0,89.927,0.2542,1882,330.5537,65.644,False,local,1,False,151,Classical,wood,S002,77.6296,1941,294820,8.6205,False,True,True,True,Tropical,False,False,4,32.1805
76.6201,59.6867,0.3127,4325,364.4208,89.7784,False,imported,9,False,682,Classical,adobe,S004,23.1612,1206,409292,8.9793,True,False,True,True,Tropical,True,False,4,32.8498
65.8832,28.3008,0.1465,1679,354.5648,68.1942,True,imported,9,True,1394,Classical,wood,S002,140.8112,1046,331371,3.2067,True,False,False,True,Tropical,False,True,4,38.2066
57.6126,87.9866,0.162,1513,365.0,77.6652,True,imported,5,True,887,Classical,adobe,S001,56.1084,1727,378726,5.1536,False,False,False,False,Temperate,,True,4,39.0291
27.9188,32.5621,0.245,1105,337.3071,73.2716,False,local,3,True,767,Classical,wood,S002,175.4967,1483,333408,6.4832,True,False,True,True,Tropical,False,True,3,44.9108
16.4531,69.3406,0.1761,399,350.3617,49.5258,False,imported,8,False,103,Classical,stone,S003,27.6971,1433,234229,4.9021,True,False,False,True,Tropical,True,True,4,44.0949
3.9196,91.1529,0.2341,4570,320.0985,100.0,False,local,7,False,1595,Classical,adobe,S001,184.0745,1739,493765,8.6195,False,True,True,False,Arid,True,False,3,48.8021
85.4921,57.6301,0.3567,1906,316.8301,66.1994,True,imported,2,True,567,Classical,adobe,S004,98.6583,1174,291397,9.2605,True,True,True,False,Arid,True,False,4,32.0189
35.6475,67.5868,0.2154,36,345.017,64.3244,True,imported,2,,1834,Classical,brick,S001,148.2683,1677,312022,6.4586,False,False,False,False,Arid,False,True,4,40.1057
55.839,79.4399,0.2706,3820,331.6254,68.9862,False,local,9,True,457,Classical,adobe,S002,194.5429,1949,331531,4.1241,True,False,,False,Temperate,True,False,4,24.5972
16.4515,79.7776,0.1197,2862,364.2603,48.443,True,imported,4,True,356,Classical,stone,S001,127.0844,1041,233815,7.4806,False,False,,True,Arid,False,False,4,53.0674
69.5912,100.0,0.262,502,298.3736,55.0656,True,local,7,False,1746,Classical,concrete,S004,35.7302,1054,260728,7.1017,,False,False,False,Tropical,True,True,4,34.5246
1.1577,63.7293,0.3486,782,341.6823,61.739,False,imported,6,True,1975,Classical,stone,S004,133.2985,1604,274095,4.0069,False,False,True,False,Temperate,False,False,4,27.5584
35.8848,78.0162,0.2332,2829,343.8014,64.8008,True,local,8,False,1990,Classical,brick,S001,40.1545,1022,309404,7.2641,True,False,False,True,Temperate,True,True,4,39.7511
99.0173,16.1793,0.2047,1006,323.8618,84.5828,True,imported,3,False,972,Classical,adobe,S003,80.3374,1068,388314,4.5191,False,True,,True,Arid,False,False,4,32.8983
77.9038,25.2811,0.2962,3127,346.1978,61.9458,False,local,3,False,469,Classical,stone,S003,141.2241,1613,297679,1.8814,True,True,False,True,Arid,True,False,3,35.0389
7.0252,34.7152,0.0392,4264,364.1899,72.6166,True,local,8,False,378,Classical,wood,S002,119.0412,1840,354683,6.8117,False,True,False,False,Tropical,False,True,4,30.7842
34.1061,60.6043,0.3035,2998,364.9216,69.5678,False,local,7,,704,Classical,stone,S003,83.3139,1933,308239,4.387,False,True,True,True,Temperate,,False,4,24.5522
5.5213,34.0443,0.3991,1408,361.5544,88.774,False,local,7,True,1484,Classical,adobe,S001,66.5442,1377,429270,5.308,False,True,False,False,Tropical,True,False,4,43.2905
40.591,71.5269,0.2132,3729,348.2456,68.1576,True,local,5,True,1624,Classical,concrete,S001,187.4641,1360,332838,6.8659,False,False,False,False,Arid,False,True,3,35.8641
11.8538,26.8896,0.2386,3495,364.0561,65.5444,False,imported,5,False,589,Classical,brick,S001,24.0972,1060,319772,4.6598,False,True,False,True,Temperate,False,False,3,40.3678
0.6951,0.4613,0.2709,1028,363.4843,74.4352,True,local,8,True,886,Classical,brick,S001,71.0771,1309,362576,4.3824,True,False,False,False,Temperate,,True,4,40.3786
29.3811,25.351,0.2614,2255,361.2114,84.791,False,local,7,True,1062,Classical,brick,S001,105.5288,1660,389355,7.701,False,True,True,False,Temperate,False,False,4,34.0084
96.7218,29.3657,0.3382,0,365.0,68.4558,False,local,3,True,1682,Classical,concrete,S003,24.2995,1086,302679,3.4205,True,False,,True,Temperate,True,True,4,13.7408
81.5413,41.4264,0.2669,3585,364.5622,67.0194,False,imported,5,False,454,Classical,stone,S003,75.3264,1508,326697,1.6335,False,False,False,True,Arid,,False,4,30.4636
96.2078,14.1381,0.187,760,364.6398,86.1998,False,local,4,False,267,Classical,wood,S003,46.5371,1681,392599,8.8727,True,False,True,True,Arid,True,True,4,28.0414
58.6262,38.4937,0.2802,3956,364.1489,69.1304,True,imported,9,,618,Classical,adobe,S001,84.4957,1887,331052,7.8068,False,False,False,True,Tropical,,False,4,39.7646
4.5476,63.0084,0.346,4880,360.9769,71.7636,True,local,7,,752,Classical,adobe,S001,69.5779,1292,344218,4.0572,True,False,False,True,Arid,True,False,4,21.1468
96.9423,14.171,0.274,662,321.7399,73.7926,False,local,1,False,1267,Classical,brick,S002,200.0,1571,334363,6.0541,True,True,True,True,Tropical,False,False,4,25.3198
60.2563,29.5466,0.1919,58,349.338,65.0326,True,local,2,True,1191,Classical,adobe,S004,164.7977,1976,292213,7.6454,False,True,True,True,Temperate,False,False,3,17.138
71.0502,1.6606,0.2297,717,363.1854,55.9214,True,imported,8,False,462,Classical,brick,S004,31.6692,1564,272557,3.7739,False,False,False,True,Tropical,False,False,3,34.9876
55.8878,30.86,0.2775,4872,331.3526,70.5716,False,local,6,False,1776,Classical,stone,S001,123.5667,1866,338258,6.4503,False,True,False,True,Arid,True,True,4,23.0475
74.9227,53.7845,0.1744,3926,349.4846,50.3906,False,imported,8,False,1534,Classical,concrete,S003,163.8834,1064,242353,3.6502,False,True,False,False,Tropical,False,False,4,11.3642
80.8598,54.7221,0.1946,1327,364.6392,68.7234,True,imported,6,False,1416,Classical,concrete,S001,119.8357,1347,334017,9.8743,False,False,False,True,Arid,False,False,4,36.0788
39.8728,37.4247,0.2604,810,342.9467,88.9014,True,imported,4,False,1366,Classical,brick,S003,84.2505,1106,406557,9.437,False,False,True,True,Temperate,True,False,3,29.9611
64.7769,41.9898,0.1305,1444,355.0848,67.6738,False,imported,2,,693,Classical,wood,S001,58.7726,1118,298769,3.4965,True,False,True,False,Temperate,True,False,4,42.0345
89.5479,90.9736,0.2487,2534,344.361,63.0188,False,local,6,,576,Classical,stone,S001,183.1462,1299,275494,1.5439,False,True,True,True,Tropical,True,True,4,35.9043
90.6657,47.4346,0.2139,1321,332.0893,71.773,False,local,4,True,1559,Classical,stone,S001,42.7857,1097,324265,8.4392,False,False,True,False,Tropical,,False,4,39.73
29.6635,90.8667,0.158,1163,325.4204,72.954,False,local,1,True,1279,Classical,concrete,S001,188.9999,1522,331820,4.3795,True,False,True,False,Tropical,False,False,3,43.531
81.2035,81.9452,0.1466,4769,332.3868,80.7724,False,imported,4,False,1651,Classical,brick,S002,57.8802,1819,369262,9.1593,False,False,True,True,Arid,False,False,4,34.4285
0.5215,83.4704,0.268,2188,365.0,73.3748,True,local,3,True,1872,Classical,brick,S003,144.9522,1789,332274,9.2908,False,False,True,True,Temperate,False,True,4,50.2925
16.7254,83.6224,0.3779,4944,350.9203,69.408,False,local,8,False,1179,Classical,stone,S001,58.8738,1519,334090,3.7811,True,False,False,True,Temperate,True,True,3,39.6004
98.9063,44.175,0.3124,2472,365.0,78.0664,False,imported,1,True,915,Classical,concrete,S004,131.5972,1643,350732,6.5327,False,False,True,False,Tropical,,True,4,26.8071
70.0342,92.6657,0.1552,3339,315.3354,76.327,False,local,4,True,594,Classical,adobe,S001,89.0848,1403,373685,6.8943,True,True,False,True,Tropical,False,False,3,16.4638
30.8813,6.563,0.2585,1924,365.0,57.0172,True,imported,9,True,673,Classical,stone,S004,24.881,1566,250486,4.7165,True,True,True,True,Temperate,False,True,4,27.5644
25.4925,0.3819,0.1997,379,343.7528,65.4506,False,imported,6,False,680,Classical,brick,S004,42.6278,1208,319303,1.2489,False,True,False,False,Arid,False,True,3,52.4382
81.9351,79.4186,0.2438,4553,346.0543,75.4736,True,local,5,False,527,Classical,concrete,S003,42.8002,1439,342768,8.0591,True,True,True,False,Tropical,False,True,4,27.5786
66.1273,73.1562,0.2629,635,359.4281,68.7022,False,imported,2,,611,Classical,wood,S002,33.6335,1480,333911,5.3097,True,False,False,True,Temperate,False,False,4,24.565
75.1021,42.3673,0.2409,2055,340.5134,72.7154,True,local,9,False,1106,Classical,adobe,S001,87.9512,1695,328977,6.8493,True,False,True,False,Arid,False,False,4,33.5184
71.7027,28.136,0.2675,2375,337.994,57.0348,True,local,5,False,947,Classical,brick,S003,100.4251,1432,245574,4.8917,True,True,True,True,Temperate,,True,4,32.227
4.5279,65.3554,0.3345,3543,364.806,64.7812,False,imported,1,True,364,Classical,concrete,S001,76.7645,1984,285506,2.958,True,True,True,True,Tropical,True,True,4,41.216
27.1724,41.7174,0.1598,4175,330.2015,72.1814,False,imported,2,False,964,Classical,brick,S004,153.0274,1959,326307,4.5039,False,False,True,False,Tropical,False,False,4,47.3379
85.8323,41.0592,0.3267,1971,349.9186,73.006,True,imported,9,,1719,Classical,concrete,S001,56.9366,1345,352080,5.219,False,False,False,True,Arid,True,True,3,42.8929
60.2278,11.4056,0.1797,1235,340.9837,77.7332,False,local,3,False,1425,Classical,concrete,S003,82.3415,1868,354066,9.3908,True,True,True,True,Tropical,False,True,4,38.3553
45.913,5.6973,0.2148,2401,320.2667,62.7632,True,imported,4,False,1036,Classical,brick,S001,37.8991,1219,274216,3.373,True,True,True,False,Tropical,True,False,4,37.7144
21.0683,45.2486,0.2106,3963,325.2187,72.1516,False,imported,9,False,905,Classical,brick,S004,163.742,1513,327808,3.0579,False,True,True,False,Temperate,False,True,3,27.065
24.0571,20.5187,0.2534,2832,324.1037,70.3684,True,imported,3,False,1116,Classical,brick,S003,130.2928,1149,317242,6.0544,True,False,True,True,Tropical,False,True,4,53.9609
61.4274,64.4786,0.1135,4014,365.0,72.342,False,local,8,False,403,Classical,concrete,S004,133.5395,1721,328310,9.7141,True,True,True,True,Arid,False,False,4,36.6533
93.6077,50.2727,0.1361,899,365.0,74.3794,False,local,3,True,852,Classical,stone,S003,87.0789,1792,362297,8.0176,True,False,False,False,Arid,,False,4,19.1996
72.167,59.274,0.2483,2306,352.6891,77.047,True,local,6,True,772,Classical,brick,S002,86.5748,1689,352285,4.3046,True,True,True,True,Tropical,False,False,3,31.4981
51.206,35.4377,0.2179,4473,346.3573,62.0158,True,local,3,False,1396,Classical,brick,S001,106.4024,1125,295479,6.4608,False,True,False,False,Arid,True,True,4,30.0621
67.7046,62.0867,0.2166,2703,342.7559,47.289,False,imported,6,,1694,Classical,concrete,S001,59.7382,1432,196845,6.3165,False,True,True,True,Arid,True,True,4,40.626
75.308,6.9574,0.1952,3294,365.0,65.4208,True,local,5,True,1820,Classical,concrete,S001,94.8472,1469,292504,7.1766,False,True,True,False,Temperate,False,True,4,45.112
91.6206,54.7818,0.231,516,321.2022,61.1106,False,local,1,True,1715,Classical,stone,S003,152.8029,1000,292603,3.4752,False,False,False,True,Arid,True,True,3,25.9179
53.5807,47.9243,0.1664,3088,351.3931,80.9392,False,local,3,False,186,Classical,stone,S001,48.307,1615,366296,8.5298,False,False,True,False,Arid,True,True,4,32.9564
56.0564,76.2614,0.2782,2569,345.5951,73.626,False,imported,1,,1488,Classical,concrete,S003,32.6433,1595,353530,5.3263,False,False,False,False,Arid,True,True,4,33.1099
4.7887,23.0454,0.212,4434,353.6716,67.0758,False,local,4,True,1412,Classical,concrete,S003,83.7985,1113,325779,3.7386,,True,,True,Tropical,False,False,4,32.2568
1.5762,8.4846,0.3092,4997,348.45,69.3624,True,imported,1,False,360,Classical,concrete,S001,69.0358,1528,338412,2.3869,True,False,False,True,Arid,False,True,4,25.4725
70.7722,35.6496,0.2371,5000,352.2162,67.1436,True,imported,6,False,1154,Classical,concrete,S003,33.7355,1793,326118,3.9424,True,False,False,True,Arid,False,False,4,46.2387
66.7825,48.6304,0.2169,2251,314.1813,57.3734,False,imported,5,False,1190,Classical,brick,S003,92.7525,1623,272267,9.6278,False,False,False,False,Arid,,True,4,43.4775
95.9623,88.1,0.1837,1882,363.7336,68.0696,True,imported,2,True,720,Classical,stone,S002,21.8342,1807,325748,2.2607,False,False,False,False,Tropical,True,True,4,22.591
85.8282,69.0385,0.2889,2111,354.7047,78.154,True,imported,3,False,1911,Classical,wood,S001,53.2662,1900,377820,2.9898,True,True,False,False,Arid,True,False,3,41.3789
92.5604,76.5004,0.2081,4751,346.2941,93.6456,True,imported,7,False,903,Classical,concrete,S004,96.2664,1276,428628,5.2369,True,True,True,True,Arid,True,False,4,29.8851
35.4445,7.5257,0.2928,148,350.0635,63.877,True,local,4,True,173,Classical,brick,S002,160.036,1026,310985,5.6316,False,True,False,False,Arid,False,False,4,37.8332
64.5772,13.0319,0.2568,1278,329.9278,69.6454,True,local,4,False,186,Classical,concrete,S004,33.9089,1560,314827,10.0,True,True,True,False,Tropical,False,False,4,59.5729
77.6066,77.3034,0.2517,4237,364.0221,63.5304,False,local,1,False,1121,Classical,stone,S002,135.397,1033,308052,10.0,False,True,False,True,Arid,False,True,4,44.3498
97.7068,5.4815,0.251,4881,330.6691,84.7102,False,imported,6,True,135,Classical,adobe,S003,195.9733,1105,390151,6.4646,False,False,True,False,Temperate,False,True,4,47.1897
59.6453,33.8061,0.0644,2606,365.0,100.0,True,imported,7,True,621,Classical,brick,S001,44.3886,1910,483730,7.0837,False,True,True,False,Arid,,False,4,17.0251
36.8391,47.0943,0.1643,1694,325.1727,73.527,True,local,6,False,1690,Classical,stone,S002,161.5482,1272,359685,4.1537,True,True,False,True,Arid,False,False,3,40.5985
41.9951,79.9948,0.1852,4006,364.9217,87.7792,False,local,3,,320,Classical,concrete,S003,113.9031,1109,425496,9.1994,False,True,False,False,Tropical,,False,4,49.1741
63.6209,97.7411,0.1873,1906,348.7332,63.144,True,local,6,True,176,Classical,concrete,S003,72.6709,1541,302320,1.4292,False,True,False,False,Temperate,True,False,4,23.1712
83.1351,93.0358,0.2262,1996,365.0,64.8352,False,local,8,,1084,Classical,wood,S001,182.2251,1865,284576,9.8354,False,False,True,False,Arid,True,True,4,36.1217
100.0,15.8408,0.0704,795,348.2612,63.4182,False,local,7,True,1609,Classical,adobe,S004,113.8128,1584,282491,5.4129,False,False,True,True,Temperate,False,False,4,36.9306
40.1844,27.3373,0.2882,4936,353.7811,80.3218,False,local,9,,1374,Classical,wood,S002,165.5222,1057,367009,5.4275,False,False,True,False,Tropical,False,False,4,27.6166
85.3717,17.962,0.2948,1139,339.8712,60.1206,False,imported,6,False,507,Classical,concrete,S004,71.0731,1000,291003,2.9747,False,False,False,True,Tropical,False,True,4,14.2638
54.8425,50.1774,0.3877,4547,328.8963,81.9858,False,local,4,True,525,Classical,brick,S003,111.3398,1372,375329,9.2491,True,False,True,True,Arid,False,False,4,32.9192
91.229,76.8653,0.1722,3014,344.8986,78.0126,False,local,6,False,144,Classical,concrete,S001,189.0918,1588,351663,1.061,False,False,True,False,Tropical,True,True,4,38.5308
60.526,6.0974,0.207,5000,346.2288,66.1588,False,imported,9,True,1843,Classical,adobe,S003,138.5937,1359,292844,7.7149,True,False,,False,Tropical,True,False,3,31.7199
2.6205,59.9719,0.2217,2193,351.7493,65.0748,False,imported,8,,1187,Classical,adobe,S002,160.334,1569,290774,9.6442,,False,,False,Arid,False,True,4,36.6937
86.347,83.6145,0.274,4598,364.7819,71.2762,True,local,6,True,1732,Classical,adobe,S002,200.0,1965,341781,6.6147,False,True,,True,Temperate,,False,4,32.508
5.35,40.3048,0.1714,1747,332.6137,49.1354,False,local,3,False,896,Classical,adobe,S003,192.513,1524,237727,10.0,,True,,True,Tropical,False,True,3,39.0608
96.7527,75.4827,0.2167,2686,348.9194,72.1946,False,imported,5,False,1591,Classical,wood,S001,116.7967,1805,323023,9.5078,False,True,True,False,Arid,True,False,3,46.2225
77.1823,63.9737,0.3465,2118,364.6058,51.3142,False,local,3,False,498,Classical,concrete,S003,53.9224,1468,219521,9.4817,True,True,True,False,Tropical,True,True,3,36.8861
2.293,62.3365,0.225,1530,349.0742,64.9668,True,imported,3,False,905,Classical,concrete,S002,62.488,1607,285234,4.0697,False,False,True,False,Temperate,True,True,4,29.4856
77.564,80.7184,0.3619,4180,353.672,57.08,False,imported,2,True,661,Classical,brick,S004,46.3908,1105,250800,7.8841,True,True,True,False,Arid,False,True,4,39.403
51.7768,22.0489,0.2061,831,353.7123,91.886,True,local,5,False,1349,Classical,adobe,S003,123.2194,1120,424830,2.1632,True,False,True,True,Arid,False,True,4,44.5588
5.8273,84.7699,0.2385,3091,310.1416,80.1212,False,imported,9,False,1062,Classical,adobe,S002,52.0415,1391,366006,4.9201,True,True,True,False,Temperate,False,False,4,41.5939
38.3124,5.2311,0.2406,2539,335.3454,65.5062,True,imported,4,False,687,Classical,brick,S002,41.7075,1467,292931,6.2697,False,False,True,True,Tropical,False,True,4,23.9481
97.3376,83.9861,0.1424,3705,344.7726,69.218,True,imported,2,False,189,Classical,adobe,S002,76.5012,1426,337690,1.615,True,True,False,False,Arid,False,False,4,22.2639
12.4485,9.3165,0.3467,3587,320.5026,62.4114,True,local,3,False,761,Classical,brick,S003,92.1909,1399,297457,5.303,False,False,False,False,Arid,,True,4,46.7443
38.7732,83.8127,0.1887,4352,337.725,79.0444,True,imported,7,True,1717,Classical,stone,S004,192.0905,1238,362272,4.0787,True,False,True,True,Arid,False,True,3,28.8426
92.0735,33.9815,0.2741,2231,354.2316,50.8364,True,imported,1,False,100,Classical,brick,S004,162.736,1656,215782,2.0897,False,False,True,False,Tropical,,False,4,9.8396
9.9841,27.7443,0.0828,2927,333.3681,53.2496,False,local,9,,1849,Classical,concrete,S001,118.7969,1115,256648,8.9088,False,True,False,False,Tropical,False,False,4,24.1226
46.9245,6.2007,0.1647,903,347.0054,65.5738,True,imported,3,True,1264,Classical,concrete,S002,91.2265,1198,314919,6.0876,False,False,False,False,Temperate,True,False,3,39.5587
79.8405,58.5424,0.2188,2573,345.0206,68.0086,False,imported,3,True,1574,Classical,brick,S003,96.3304,1363,305443,3.5071,True,True,True,False,Arid,False,False,4,35.3082
50.0022,20.644,0.2904,1984,352.7602,75.9048,True,imported,3,True,782,Classical,brick,S001,156.9148,1297,339924,6.4925,True,True,True,False,Temperate,True,False,4,44.7327
39.0092,72.113,0.0918,71,350.1799,60.8218,False,local,6,True,980,Classical,concrete,S004,64.3481,1176,266159,1.5821,False,False,True,False,Tropical,True,True,3,16.039
36.5277,0.4985,0.2984,3861,362.6078,78.886,False,imported,1,False,425,Classical,adobe,S002,195.1208,1743,386030,3.3763,False,False,False,False,Arid,False,True,4,25.6861
16.7388,10.5891,0.243,4929,333.6572,77.5412,False,imported,1,True,688,Classical,adobe,S002,119.8349,1855,353106,4.2565,True,True,True,False,Tropical,False,False,4,34.9784
52.9011,67.163,0.1654,894,354.0606,90.9488,True,local,4,True,1195,Classical,concrete,S002,200.0,1639,420144,4.2675,True,False,True,False,Tropical,False,False,4,42.6921
77.0111,29.911,0.2906,3078,365.0,76.9868,True,imported,3,True,463,Classical,wood,S004,200.0,1823,351534,6.3775,True,False,True,True,Tropical,False,False,4,24.413
47.9384,23.477,0.1693,2300,339.1849,62.9032,True,imported,9,False,1547,Classical,concrete,S003,155.0205,1574,301566,2.0407,True,True,False,True,Tropical,,True,3,22.2956
21.7021,41.8152,0.2063,4415,341.5776,59.0314,False,imported,3,False,1352,Classical,brick,S001,116.0649,1657,285557,2.0989,,False,False,False,Temperate,False,True,4,42.4808
72.2415,71.2453,0.3707,1982,356.3635,87.6322,False,imported,9,True,1351,Classical,concrete,S003,68.2661,1167,428561,2.3077,False,False,False,True,Temperate,False,True,4,43.4555
78.6071,57.7423,0.1905,286,364.9057,47.84,True,local,3,True,1213,Classical,wood,S001,128.0735,1747,231250,5.6052,True,True,False,True,Tropical,False,True,3,34.3216
84.3256,13.4414,0.2744,2980,359.4366,61.215,False,imported,2,False,1791,Classical,brick,S003,107.5788,1260,271475,2.1933,True,True,True,False,Temperate,False,False,4,34.1429
35.4447,65.1197,0.2071,3833,360.8087,55.9718,True,local,3,True,1790,Classical,stone,S002,81.7554,1296,240259,3.6648,True,False,True,True,Temperate,True,True,4,20.8406
92.7997,19.3587,0.3328,1617,342.2858,65.3288,True,imported,5,False,931,Classical,wood,S004,196.1855,1511,318694,2.567,True,True,False,True,Tropical,False,False,3,34.2527
96.51,6.6472,0.3147,3138,339.1458,69.277,False,imported,2,True,427,Classical,concrete,S003,148.5998,1204,307985,2.9587,False,True,True,False,Tropical,True,False,4,37.4612
36.9566,77.3653,0.0804,2980,342.685,62.6264,False,imported,1,True,708,Classical,wood,S001,166.2331,1605,305182,4.895,True,False,False,False,Temperate,False,False,3,22.7734
55.9849,68.1066,0.2676,1051,336.455,77.1352,True,local,3,False,1224,Classical,stone,S004,29.6945,1100,376076,5.14,False,True,False,False,Arid,False,True,4,35.4861
98.2199,6.0454,0.2795,192,335.3332,73.4262,True,imported,7,True,1541,Classical,stone,S003,130.9959,1799,327531,8.0535,True,True,True,False,Temperate,True,False,4,33.277
98.928,87.4337,0.1566,3207,355.4087,81.965,False,imported,6,False,1230,Classical,adobe,S002,134.8487,1401,400225,4.2287,True,False,False,True,Temperate,False,True,4,42.2637
74.7282,6.3029,0.1858,2001,328.6157,68.0016,True,local,8,False,215,Classical,concrete,S001,192.52,1546,332958,7.1586,False,False,False,True,Temperate,False,False,3,23.9935
67.0461,43.2901,0.113,5000,364.8274,77.6796,False,local,7,False,1406,Classical,wood,S004,140.8064,1447,353798,8.107,False,True,True,False,Arid,False,False,4,46.954
50.7654,66.1357,0.1733,3938,325.1241,63.6742,True,imported,9,False,1531,Classical,concrete,S004,82.47,1333,308771,3.5981,True,True,False,True,Tropical,False,False,4,17.0932
13.628,90.5343,0.1795,1519,314.0891,67.0792,True,local,9,True,1294,Classical,stone,S002,185.7893,1874,325796,5.9543,False,True,False,True,Tropical,,True,4,55.4174
73.5425,74.6656,0.2283,4230,357.1844,76.5556,True,imported,3,True,723,Classical,adobe,S001,183.6597,1896,343178,6.4349,True,False,,True,Tropical,True,False,4,28.7131
80.6109,80.1261,0.2049,2542,363.8292,65.1208,True,local,1,False,1626,Classical,wood,S001,197.1823,1734,311004,8.749,True,True,False,False,Tropical,True,False,4,21.3267
5.4374,85.2621,0.211,3598,347.3091,78.0732,True,local,7,False,726,Classical,concrete,S003,107.4914,1393,350766,10.0,False,False,True,True,Temperate,True,False,4,9.9467
96.3058,57.5362,0.2869,2298,354.024,73.7104,True,imported,7,True,1709,Classical,stone,S003,82.6654,1731,358952,5.0189,False,False,False,False,Tropical,False,False,4,23.5762
63.1883,4.5652,0.3296,950,365.0,54.9894,False,local,8,False,361,Classical,concrete,S003,106.0799,1529,241547,4.2695,,True,True,False,Tropical,False,True,4,33.3931
4.3019,94.0022,0.3673,1401,364.2005,71.2096,False,imported,9,False,305,Classical,stone,S003,79.2484,1260,342648,2.083,,False,False,True,Arid,True,False,4,29.7349
67.8187,84.947,0.2291,228,337.2503,74.0194,True,imported,5,True,816,Classical,brick,S002,186.7332,1353,330497,5.3469,False,False,True,False,Arid,True,True,4,44.7576
82.3456,37.2754,0.1712,1254,334.4373,83.4506,True,local,9,True,729,Classical,concrete,S002,114.2915,1584,377653,8.2519,False,True,True,True,Tropical,True,False,4,20.3125
8.2163,51.9457,0.1641,1447,361.9286,64.2548,False,local,8,False,1571,Classical,wood,S004,123.0692,1498,306674,5.6378,False,True,,True,Arid,True,True,4,31.6458
83.6221,95.509,0.1441,2288,345.2778,60.2406,True,imported,4,True,1510,Classical,wood,S002,29.4248,1536,291603,9.8585,False,True,False,False,Arid,False,True,4,32.8689
99.3238,18.7795,0.3157,783,325.8597,86.6986,False,imported,7,False,153,Classical,wood,S001,97.6836,1886,396443,1.5851,True,False,,True,Temperate,True,False,3,25.1719
60.2061,45.2859,0.3007,1266,352.7039,65.136,True,local,2,False,549,Classical,adobe,S001,146.9686,1018,316080,6.1263,,False,False,True,Temperate,False,True,4,30.6084
74.1822,100.0,0.2996,4841,338.268,71.7104,True,imported,4,,559,Classical,brick,S004,171.7847,1508,323952,7.5265,True,True,True,False,Tropical,False,True,4,22.7959
94.2226,62.4393,0.3563,319,348.2544,69.5486,False,local,3,True,1955,Classical,adobe,S002,46.6921,1516,308143,1.754,,True,,True,Arid,True,True,4,39.7396
4.5945,30.6467,0.1462,0,363.908,87.3626,True,imported,1,,497,Classical,brick,S003,158.5313,1480,428413,4.0036,False,True,,False,Tropical,False,True,4,39.2176
28.2957,29.637,0.2681,2320,332.3436,62.9046,True,local,7,False,768,Classical,stone,S004,131.5722,1796,274923,5.3104,True,True,True,False,Temperate,True,True,4,42.1829
2.7385,41.1159,0.2743,1857,318.9194,81.1094,False,imported,4,True,236,Classical,concrete,S001,23.5712,1750,372147,4.6565,False,True,True,True,Temperate,False,False,4,30.1144
17.5504,31.6584,0.1515,3557,340.0024,68.5374,False,local,8,,536,Classical,wood,S003,145.7841,1335,308087,2.3789,True,False,True,False,Temperate,,False,4,24.9867
13.2581,49.2631,0.2765,802,356.0567,62.1632,False,imported,7,True,569,Classical,concrete,S002,140.6099,1185,296216,9.9667,False,True,False,True,Temperate,True,False,4,36.7569
60.8737,23.2086,0.1442,955,315.9923,69.5806,True,local,8,False,1900,Classical,wood,S003,82.1281,1210,333303,4.6343,True,False,False,True,Temperate,True,False,4,14.3491
41.8038,71.0426,0.2535,576,340.3975,70.4432,False,local,6,True,1152,Classical,wood,S004,58.7604,1189,317616,4.1837,,True,True,False,Arid,,False,4,29.631
16.4989,78.2644,0.2632,1750,364.0693,69.8066,True,local,4,False,445,Classical,brick,S002,165.0976,1868,340633,3.8838,True,False,,False,Tropical,False,False,4,29.7961
89.8338,15.2246,0.2067,519,358.867,80.2642,True,imported,4,True,230,Classical,stone,S003,112.544,1206,394271,9.0632,True,True,,True,Temperate,False,False,3,6.3626
63.8698,28.6198,0.2436,1294,355.6857,88.5738,False,local,2,False,895,Classical,stone,S004,111.9066,1977,434919,8.1248,True,True,,True,Arid,False,True,3,25.3566
75.8799,38.6819,0.2881,1685,350.4548,51.5742,False,local,4,True,1392,Classical,adobe,S004,96.5729,1274,248271,5.187,False,True,False,False,Tropical,False,False,4,45.04
95.3027,14.5758,0.2311,2117,309.57,77.143,False,local,10,,1694,Classical,wood,S002,154.6657,1000,351115,8.1066,,True,True,True,Tropical,False,True,4,25.6334
19.2828,80.1579,0.2201,1648,358.3455,59.587,False,imported,4,True,1591,Classical,brick,S003,162.5314,1316,288335,4.1288,False,True,False,False,Tropical,False,True,4,38.0842
40.3923,47.0528,0.2896,3411,324.042,75.2326,False,imported,1,True,418,Classical,adobe,S002,114.3761,1773,337763,2.2763,False,False,True,True,Tropical,True,True,4,30.8467
46.5093,7.5692,0.1249,2234,361.1346,65.4422,False,imported,5,True,1006,Classical,concrete,S003,73.6853,1548,292611,5.871,False,True,True,True,Arid,False,True,4,28.8512
46.1051,15.8093,0.3285,0,364.7508,69.1246,False,local,4,False,1186,Classical,adobe,S001,37.5946,1155,336023,5.3936,True,False,False,True,Arid,,False,4,39.1696
10.0717,36.7544,0.2347,2323,363.8474,59.0566,False,local,2,False,1064,Classical,stone,S001,147.6123,1407,287333,7.3515,,False,False,False,Tropical,False,False,3,19.9778
58.2741,76.1169,0.2568,688,365.0,74.506,False,local,5,False,621,Classical,wood,S004,199.8961,1181,334580,2.2613,False,False,True,True,Tropical,True,False,3,12.4446
30.9836,76.7588,0.3482,3171,349.5024,78.5706,False,imported,3,,1433,Classical,wood,S001,200.0,1400,353253,6.6568,,False,True,True,Temperate,True,True,4,20.8057
11.9215,76.4373,0.228,1223,354.9258,67.5864,True,local,3,False,858,Classical,adobe,S003,95.8754,2000,298332,2.2123,True,False,True,True,Temperate,True,True,4,43.4292
68.7991,89.2525,0.2552,2394,338.7609,78.799,True,local,3,True,484,Classical,stone,S001,26.7217,1278,361945,4.6497,,True,True,True,Temperate,False,True,3,31.273
86.6867,11.1231,0.2775,349,365.0,80.4412,True,imported,8,,530,Classical,adobe,S001,194.2187,1639,392606,2.7696,False,True,False,True,Temperate,False,False,4,49.8162
75.0204,90.6089,0.1486,1239,342.921,65.9404,False,imported,6,True,739,Classical,stone,S003,189.4028,1515,313452,6.1945,True,True,False,True,Arid,True,False,5,39.3801
62.9152,63.9496,0.2347,988,351.3393,91.0542,False,local,6,False,1862,Classical,adobe,S004,109.7033,1870,422321,2.6348,False,False,True,False,Arid,False,True,3,34.1306
41.506,1.7002,0.0563,4566,348.2214,62.0174,True,local,8,False,899,Classical,concrete,S002,73.1565,1231,275487,7.7613,False,True,True,True,Arid,False,False,4,41.5614
27.1633,59.8059,0.2791,3869,329.3925,61.491,False,imported,2,True,1689,Classical,wood,S001,153.014,1159,297855,2.4415,False,True,False,False,Temperate,False,True,4,28.2416
17.2784,90.543,0.147,1068,350.1488,82.576,False,imported,7,False,955,Classical,adobe,S002,66.4044,1781,373280,2.7243,True,True,True,True,Arid,True,False,4,21.0392
65.6693,33.8128,0.241,1918,357.0299,63.9068,False,imported,8,True,719,Classical,stone,S004,94.2804,1566,284934,3.8666,True,True,True,False,Tropical,False,True,4,38.2686
89.7318,57.2928,0.2239,3812,365.0,81.4128,True,local,4,True,962,Classical,wood,S001,115.432,1494,397464,10.0,True,True,False,False,Tropical,False,True,4,25.1874
72.7291,17.8262,0.1692,3113,362.8122,78.4126,False,imported,1,False,1878,Classical,stone,S003,158.0901,1745,357463,6.8377,False,True,True,False,Tropical,False,True,4,54.1102
55.9316,48.7639,0.1954,2825,346.0333,84.5166,False,local,3,True,336,Classical,wood,S001,141.5583,1488,414183,1.3784,False,False,False,False,Tropical,False,True,4,51.4887
7.2468,86.5057,0.274,714,365.0,69.742,False,imported,6,True,1140,Classical,brick,S001,110.2162,1599,309110,7.919,True,True,True,False,Temperate,True,False,4,23.7039
43.7145,10.0058,0.1687,2342,365.0,63.3754,True,imported,8,True,722,Classical,wood,S004,148.7012,1242,302277,5.2789,False,True,,False,Arid,True,False,4,35.2348
22.1682,48.8928,0.2247,1471,328.5578,73.4772,True,imported,7,True,719,Classical,stone,S004,180.073,1836,332786,8.4903,False,True,True,False,Tropical,False,False,4,34.6353
41.8693,53.3423,0.2018,4251,350.3816,57.8576,False,local,4,True,1335,Classical,adobe,S003,78.0697,1038,274688,1.0,False,False,False,False,Tropical,True,True,4,49.1129
51.1761,96.6788,0.1863,3730,311.8719,57.7832,False,imported,4,False,1544,Classical,wood,S001,194.9265,1607,274316,4.8097,False,False,False,True,Temperate,True,True,4,29.1895
47.6407,2.197,0.3985,2387,365.0,76.514,True,local,4,False,1158,Classical,concrete,S004,30.2157,1165,349620,5.174,False,True,True,False,Temperate,False,True,3,26.2502
23.0117,92.8542,0.2616,1353,360.8979,47.5278,False,local,3,False,359,Classical,concrete,S001,51.6408,1514,229239,3.5545,True,True,,False,Arid,False,True,4,25.8236
100.0,35.548,0.2502,2971,353.0909,62.1956,True,imported,7,True,1470,Classical,stone,S002,185.9601,1894,298028,8.4258,False,False,False,True,Tropical,True,False,3,41.883
21.7663,3.7928,0.245,2224,358.2516,61.6338,True,imported,4,True,728,Classical,stone,S002,27.7887,1138,296919,7.9167,False,False,False,True,Temperate,False,True,5,15.1895
76.1705,67.8302,0.2244,2494,339.2732,58.035,False,local,3,True,1322,Classical,concrete,S002,62.6275,1740,277225,8.7547,True,False,False,False,Temperate,True,True,3,19.9914
97.9218,91.0601,0.1822,999,301.6048,74.5276,False,imported,8,,766,Classical,stone,S004,122.8552,1020,334688,9.6899,True,True,True,False,Temperate,True,False,3,33.3677
58.3952,30.3763,0.2836,1390,353.6151,87.203,False,local,9,True,597,Classical,stone,S003,63.0823,1430,399765,6.1727,False,False,True,False,Arid,False,False,5,34.7676
11.5086,88.1898,0.2473,518,334.9927,53.9468,True,local,9,True,1955,Classical,wood,S004,109.0853,1935,256784,3.7066,,True,False,False,Temperate,True,False,3,17.9482
72.7852,91.2101,0.176,410,364.3169,73.114,False,local,6,False,812,Classical,brick,S003,117.5193,1837,355970,9.8188,True,True,False,True,Temperate,False,True,4,40.3322
18.7169,66.7033,0.1989,3313,343.0643,79.7534,False,imported,3,False,1949,Classical,adobe,S004,42.21,1251,359167,1.7572,False,True,True,True,Temperate,True,False,4,37.6011
11.4967,39.8334,0.2332,4238,339.5183,94.2614,True,local,1,False,1030,Classical,concrete,S004,136.6709,1842,431707,1.954,False,True,True,False,Arid,True,False,4,56.178
30.7385,46.7769,0.2641,2238,363.9989,72.3754,False,imported,8,True,1881,Classical,adobe,S004,60.86,1725,322277,5.187,True,True,True,False,Tropical,True,False,4,20.6163
17.7318,29.4214,0.2813,1860,335.0211,75.9246,True,local,4,False,715,Classical,stone,S003,180.0016,1863,370023,1.0,True,True,False,True,Tropical,False,True,4,21.1144
44.7433,100.0,0.1712,2732,351.3697,80.8508,False,imported,8,True,1746,Classical,stone,S004,149.8843,1582,364654,2.371,False,False,True,True,Arid,True,False,4,45.8241
100.0,13.9419,0.1946,2074,334.0923,76.2056,False,imported,7,True,950,Classical,concrete,S003,155.4066,1634,371428,6.1976,True,True,,False,Tropical,False,True,4,30.1457
29.5436,36.128,0.3111,1221,354.5996,62.179,False,local,1,False,700,Classical,concrete,S002,22.5445,1029,277945,4.0034,False,True,True,True,Temperate,False,False,3,33.5372
14.5188,35.9379,0.168,2634,329.6065,62.7116,True,imported,10,False,403,Classical,wood,S003,84.3321,1488,305158,3.557,False,True,False,False,Arid,False,False,4,39.1675
45.2877,8.481,0.109,1823,364.7199,82.467,True,local,8,True,1249,Classical,concrete,S002,183.953,1039,372735,7.6052,False,False,True,True,Tropical,True,False,4,16.184
88.2187,71.3185,0.2736,1641,334.4616,78.1172,True,local,1,,1862,Classical,adobe,S001,37.8414,1531,357636,6.8712,True,False,True,True,Arid,False,True,3,29.4677
17.2344,22.5274,0.31,3539,364.5567,78.7774,True,imported,9,True,811,Classical,brick,S004,105.4567,1325,355937,6.6109,True,False,True,True,Tropical,True,True,3,44.026
21.9171,11.4354,0.2752,2679,333.2045,72.5606,False,imported,8,True,1288,Classical,concrete,S003,114.2317,1844,348203,5.3984,,True,False,True,Temperate,True,True,4,35.0955
63.6793,0.0,0.234,865,344.2754,85.0964,False,local,3,False,980,Classical,brick,S004,174.5792,1674,410882,2.9559,False,True,False,False,Temperate,True,False,4,39.6973
46.8284,55.9167,0.2996,4967,319.5459,65.916,False,imported,6,True,1968,Classical,brick,S002,30.4309,1152,321630,5.8654,False,True,False,False,Tropical,False,True,3,35.4726
63.0232,84.0913,0.2532,479,350.7606,63.2254,True,imported,6,,1202,Classical,stone,S003,27.0677,1768,306527,8.9711,True,True,False,False,Arid,False,True,4,34.0647
39.1792,40.6728,0.1392,3721,339.3184,76.9212,True,imported,9,True,1572,Classical,wood,S001,106.2643,1301,345006,7.4027,False,False,True,True,Arid,True,True,4,28.996
67.8452,70.6909,0.2601,0,346.8977,67.013,True,imported,6,False,459,Classical,concrete,S004,193.2707,1714,296665,4.66,False,True,True,True,Arid,True,True,4,20.0
1.4475,29.2562,0.1367,4264,365.0,71.8684,True,local,9,True,1419,Classical,wood,S004,35.7054,1759,324742,7.0132,False,True,True,False,Arid,False,False,4,34.3963
27.686,81.2297,0.1793,550,349.5517,85.565,False,local,5,True,2000,Classical,wood,S001,54.7123,1713,386575,6.9907,False,True,True,True,Tropical,True,True,5,39.4807
38.3337,4.365,0.3578,1887,364.8367,55.1576,True,imported,4,False,1567,Classical,stone,S002,130.6059,1576,264538,9.0741,True,True,False,False,Tropical,,True,5,36.606
85.5161,63.3311,0.2283,4316,327.4814,76.259,False,imported,3,,415,Classical,adobe,S001,144.4401,1843,347895,3.7041,True,True,True,False,Temperate,False,True,4,39.1344
47.8003,73.4053,0.2896,498,342.5232,85.7804,False,local,8,,1770,Classical,stone,S002,180.8715,1765,394302,5.8929,True,True,True,False,Temperate,,True,4,35.2415
34.7614,83.385,0.1905,4496,300.1587,63.466,False,local,8,False,347,Classical,wood,S003,122.3863,1409,283930,6.6859,True,False,True,False,Arid,False,True,4,33.2907
59.2682,92.6791,0.2882,3815,306.8985,63.5552,False,local,3,False,1162,Classical,wood,S002,40.5939,1569,309826,7.9306,False,False,False,True,Arid,False,False,3,33.6467
93.2842,54.1458,0.0941,3516,365.0,79.6088,True,local,6,True,633,Classical,adobe,S004,32.3815,1623,390094,3.0548,False,True,False,False,Temperate,False,False,3,26.5445
52.6025,0.4141,0.1683,132,364.227,75.8682,True,imported,7,False,1624,Classical,stone,S002,140.4492,1621,364741,1.359,True,False,,False,Temperate,True,False,4,50.3204
56.6863,1.2245,0.1826,1324,345.0959,93.8982,False,local,9,False,742,Classical,concrete,S001,80.2883,1169,456541,8.8389,,True,False,True,Tropical,True,False,3,41.1826
66.3658,25.4732,0.3151,616,365.0,67.5602,False,imported,3,False,243,Classical,brick,S003,112.5028,1778,324401,8.2205,True,True,False,True,Arid,True,False,4,29.964
77.7313,68.2119,0.1729,4496,365.0,68.7808,False,imported,3,True,1540,Classical,stone,S002,155.0959,1911,329304,2.7571,False,False,False,False,Tropical,True,False,4,20.8194
41.6709,96.006,0.2256,117,365.0,55.9942,False,imported,10,False,1137,Classical,brick,S004,188.8774,1000,270371,6.9846,True,False,False,False,Temperate,False,True,4,51.3031
70.0827,15.0898,0.3171,1470,340.7229,72.3802,True,imported,2,False,1681,Classical,wood,S001,138.4489,1399,323951,4.6923,False,True,True,False,Tropical,True,True,3,35.4883
73.422,95.8432,0.2125,459,332.9284,76.0742,True,imported,6,False,100,Classical,brick,S003,74.3688,1288,346971,6.9982,True,False,True,True,Arid,False,True,4,41.3381
84.3081,25.3515,0.275,1076,343.3969,62.0884,True,local,1,True,1707,Classical,concrete,S002,65.5341,1757,275842,7.039,True,True,True,True,Arid,False,False,4,36.7356
88.8206,34.5557,0.226,4780,365.0,74.3826,False,local,6,False,1230,Classical,concrete,S001,76.8742,1445,362313,8.1743,False,True,False,False,Temperate,False,False,4,29.0265
62.3835,11.5976,0.1151,959,341.0162,77.772,False,imported,2,True,1135,Classical,adobe,S003,59.5374,1362,379260,3.4133,False,True,False,False,Tropical,False,False,4,35.3529
41.2824,79.4732,0.2313,1551,361.4521,77.5524,False,local,2,False,1824,Classical,stone,S003,174.3258,1984,373162,5.3672,True,True,False,False,Temperate,True,False,4,28.4021
33.3818,98.0251,0.2004,1167,361.341,83.1208,False,local,9,True,394,Classical,brick,S004,115.2846,1725,377204,5.3545,False,False,True,True,Arid,True,False,4,30.2788
58.7344,10.6829,0.3478,947,347.2817,69.2794,False,local,3,False,1845,Classical,stone,S002,143.5483,1878,311797,7.3341,False,False,True,False,Tropical,False,True,4,39.6192
31.81,73.6704,0.2896,4889,332.3991,64.098,True,local,3,False,132,Classical,stone,S004,108.0464,1534,307090,8.1367,True,True,False,True,Tropical,True,True,4,37.1068
73.4311,23.4548,0.2303,1948,365.0,62.0216,True,imported,1,,1700,Classical,brick,S002,81.2499,1234,295508,10.0,False,True,False,True,Temperate,True,False,4,44.6362
94.0189,38.3239,0.2469,1440,327.0056,72.1582,False,imported,8,True,301,Classical,adobe,S003,30.5119,1813,322391,9.153,,False,True,True,Temperate,True,False,4,35.6058
58.27,27.2052,0.201,1604,340.9404,76.0252,False,imported,3,,1724,Classical,wood,S002,133.3218,1809,365526,6.1082,True,True,False,True,Arid,True,False,4,20.4369
72.963,85.9158,0.2609,2069,359.6594,82.2942,False,local,3,True,1130,Classical,stone,S001,128.3507,1774,395221,7.2995,False,False,False,False,Arid,True,False,5,31.2401
86.5612,39.3381,0.1658,3176,342.1689,75.154,True,imported,7,False,100,Classical,stone,S002,162.4756,1883,342370,8.9786,True,False,True,True,Tropical,False,False,4,33.1796
61.2012,47.3868,0.23,1193,364.7512,65.7252,True,local,4,False,1193,Classical,brick,S002,59.7417,1727,294026,4.6838,,True,True,False,Arid,False,True,4,33.256
68.283,69.1018,0.2196,1915,356.0208,69.5148,False,imported,7,True,1175,Classical,wood,S002,44.871,1696,332974,6.0222,True,True,False,True,Arid,True,True,4,10.1771
66.762,83.3603,0.3498,3614,342.1664,80.9046,False,local,4,False,1942,Classical,concrete,S004,112.2811,1634,389923,6.4497,False,True,False,True,Tropical,True,False,4,37.1376
66.3474,81.9298,0.2393,205,364.2607,77.3248,True,local,1,True,288,Classical,stone,S003,130.2781,1009,348224,1.5833,True,True,True,True,Temperate,True,True,4,26.3244
0.0,95.2361,0.2604,542,365.0,82.0538,True,imported,4,True,394,Classical,stone,S004,165.0086,2000,396869,1.5026,True,False,False,False,Tropical,True,False,4,32.1677
67.6311,57.6707,0.2161,0,328.1855,85.5168,True,imported,6,False,833,Classical,wood,S004,22.846,1000,391334,8.2847,,False,True,False,Tropical,False,False,5,23.0833
23.7699,42.0802,0.3727,2038,343.0524,72.1152,False,imported,4,False,1001,Classical,adobe,S001,125.2256,1783,325976,2.3526,False,True,True,True,Arid,False,False,4,37.1202
74.481,92.6489,0.2523,773,341.0746,61.9854,True,imported,3,True,188,Classical,adobe,S001,138.9057,1243,296527,1.2699,False,True,False,True,Tropical,True,True,4,40.4653
27.1981,42.2844,0.0234,2882,319.6985,59.095,True,local,4,False,584,Classical,wood,S002,162.8871,1831,255875,7.0725,True,False,True,True,Temperate,,False,4,29.7284
42.2188,70.7934,0.1383,3896,359.3344,77.784,False,imported,8,True,143,Classical,stone,S001,188.2425,1350,355520,7.1426,True,False,True,False,Arid,False,True,4,28.5093
65.4061,53.9108,0.1302,1246,342.4309,75.7156,False,local,1,False,1373,Classical,brick,S004,180.7823,1120,343978,2.8184,True,False,True,True,Temperate,False,True,4,24.1207
90.4471,57.0306,0.3084,122,365.0,80.6346,False,imported,6,True,386,Classical,stone,S002,99.0945,1468,394773,3.2325,,True,False,True,Tropical,False,True,4,24.2722
64.6124,20.819,0.3077,1875,361.5994,66.3378,False,imported,7,,493,Classical,stone,S002,44.4387,1768,298289,7.3106,True,True,True,True,Arid,False,False,4,47.1198
65.1904,39.6961,0.2375,2691,347.419,76.0754,True,imported,1,False,1919,Classical,brick,S002,125.8229,1436,347427,6.1837,False,True,True,False,Temperate,False,False,3,17.4876
73.9572,63.1553,0.2338,2677,364.9595,67.1104,False,imported,5,False,744,Classical,brick,S004,160.3808,1924,295952,3.4589,False,True,True,False,Temperate,True,True,4,21.0198
2.4055,38.206,0.15,1380,362.2365,76.6214,True,imported,4,True,369,Classical,brick,S002,50.1356,2000,346057,1.4321,True,True,True,False,Arid,,True,3,22.0836
13.4987,7.9026,0.3306,936,361.7466,49.4236,True,imported,5,True,1621,Classical,concrete,S002,120.3011,1785,232518,1.0,False,False,False,False,Arid,True,True,4,22.2617
68.3929,85.1842,0.3449,3637,348.5002,66.887,False,imported,8,True,1984,Classical,wood,S002,23.9506,1783,299835,6.335,False,True,True,False,Arid,False,False,4,21.509
1.3857,97.8484,0.218,4629,354.213,68.4566,True,local,3,False,392,Classical,concrete,S002,146.1995,1575,308883,2.2944,,True,True,True,Arid,False,False,4,17.4585
43.8919,88.6951,0.2188,2062,353.1564,83.279,True,local,2,False,547,Classical,brick,S001,137.2391,1685,381795,7.7909,False,True,True,False,Temperate,False,False,4,20.6271
10.8972,30.8424,0.2691,2493,341.6378,65.9746,False,local,6,False,1166,Classical,stone,S004,20.0,1641,290273,9.145,False,False,True,False,Arid,True,False,4,30.4069
9.4362,22.9901,0.2919,1244,346.0453,60.4254,False,local,1,True,1708,Classical,stone,S001,191.714,1833,289177,1.0,False,True,False,True,Arid,True,False,3,32.9953
40.0314,28.3858,0.1023,1436,331.3447,70.1174,True,local,7,True,1142,Classical,brick,S004,108.3674,1733,342637,6.2262,False,True,False,False,Tropical,False,True,3,34.5926
38.8569,83.039,0.2329,3754,323.8119,80.7282,False,local,2,True,665,Classical,brick,S003,94.6003,1238,365691,2.1127,False,True,True,False,Arid,True,False,3,25.657
54.243,59.2063,0.1797,348,353.0433,56.3084,False,local,1,False,838,Classical,stone,S001,120.1006,1812,273592,3.3271,True,False,False,True,Temperate,,True,3,31.6287
16.2829,31.1001,0.423,4073,349.0496,93.6156,False,imported,2,True,1741,Classical,concrete,S004,158.8903,1011,453478,9.6716,True,True,False,True,Temperate,True,True,4,35.7694
1.334,26.6255,0.2553,2492,365.0,70.4304,False,local,5,True,1671,Classical,stone,S003,45.6195,1184,312552,1.3904,True,False,True,False,Arid,True,False,4,43.2763
51.2159,19.0123,0.2286,3775,342.6259,63.0828,True,imported,9,False,961,Classical,stone,S002,57.9799,1874,300814,6.9307,True,False,False,True,Tropical,True,True,4,24.9334
38.3569,7.1527,0.2584,2530,350.0224,78.8876,True,local,6,True,1247,Classical,wood,S001,186.5042,1816,354838,1.589,False,True,True,True,Arid,,False,4,40.3126
28.3263,40.1165,0.3623,1767,321.5401,58.7232,True,imported,6,True,1938,Classical,wood,S001,183.752,1066,279016,9.9534,False,True,False,True,Arid,True,True,4,27.1236
100.0,80.715,0.3174,3960,359.9483,85.3112,False,local,8,False,1765,Classical,adobe,S001,86.2601,1269,391956,2.719,True,False,True,True,Arid,False,False,4,21.6362
100.0,69.1761,0.2139,3493,344.6816,60.3412,True,imported,3,False,928,Classical,adobe,S001,134.3311,1115,287106,1.8396,,False,False,False,Tropical,True,True,4,32.7665
86.2291,28.187,0.1647,3099,365.0,56.0922,False,imported,1,True,390,Classical,stone,S002,150.2415,1537,272061,2.7438,False,True,False,True,Temperate,False,True,4,52.5554
72.0028,49.1321,0.2899,1058,361.5844,71.4594,True,imported,2,True,908,Classical,wood,S004,163.5652,1221,347697,1.461,True,False,False,False,Arid,,True,4,38.2703
2.9961,49.6207,0.1379,471,339.6392,56.7926,True,imported,1,True,1026,Classical,stone,S004,117.5811,1561,249363,2.9705,True,True,True,False,Temperate,False,True,4,38.2504
