attends_steampunk_convention,preference_for_communication,monthly_budget_spent_on_steampunk,num_of_hobbies,distance_to_nearest_event,technology_fair_attendance,annual_spending_on_regular_clothing,has_steampunk_credit_card,participant_id,steampunk_literature_written,employment_in_creative_field,steampunk_social_media_engagement,newsletter_subscription,steampunk_content_exposure,years_in_subculture,age_range,has_steampunk_hobby,num_of_themed_events_attended,online_forum_participation,residence_type,steampunk_art_created,age_of_participant,owns_steampunk_fashion_items,subculture_involvement,online_steampunk_discussion_frequency
True,in_person,21.9374,15,1500,0,2218.8742,False,8089,1,True,53,False,5,5,36-45,False,6,10.0,rural,10,59,True,cosplay,11
False,in_person,35.0022,15,1500,0,3328.6508,True,8618,1,True,10,True,6,5,18-25,False,10,10.0,rural,15,62,True,cosplay,75
False,in_person,36.4582,15,1500,0,2248.9273,False,9426,1,False,99,True,4,6,18-25,False,5,10.0,rural,11,61,True,steampunk,81
False,in_person,7.4749,15,300,0,1765.2937,False,7431,1,True,49,False,4,6,36-45,False,10,10.0,urban,5,65,False,cosplay,39
,in_person,20.2297,14,700,0,1785.045,True,9588,1,True,50,False,4,5,26-35,False,9,10.0,suburban,8,61,True,steampunk,3
True,in_person,2.2036,13,1470,1,2677.2158,False,7866,1,True,18,False,3,4,26-35,False,10,10.0,rural,5,65,False,steampunk,11
False,in_person,30.5675,12,700,0,2643.9104,True,8076,2,False,35,False,5,7,55+,True,9,10.0,suburban,1,61,True,none,53
True,in_person,6.7822,14,1500,0,2373.8983,True,9017,1,False,45,True,6,6,26-35,False,10,10.0,rural,19,59,False,punk,39
False,in_person,31.2685,12,300,0,2345.0133,True,8335,1,False,9,True,6,4,46-55,False,8,10.0,urban,8,63,True,cosplay,54
False,in_person,3.5672,13,1500,0,1930.8699,False,9163,1,True,4,False,5,4,55+,False,11,6.5,rural,18,62,False,cosplay,17
False,in_person,20.0116,15,1500,0,2364.3683,False,8678,1,True,37,False,5,7,55+,False,9,10.0,rural,12,62,True,steampunk,0
False,in_person,28.8308,15,300,0,2934.2021,False,8180,1,False,85,True,4,6,46-55,False,9,10.0,urban,4,58,True,cosplay,47
False,in_person,10.2612,15,300,0,2267.1256,False,8829,1,False,95,True,7,5,36-45,False,8,10.0,urban,16,59,False,goth,48
True,in_person,17.8267,16,1500,0,2139.3438,True,8465,1,False,28,True,5,5,26-35,True,8,10.0,rural,0,62,False,steampunk,87
False,in_person,19.8254,13,700,0,2729.6198,True,8175,1,True,40,True,6,6,46-55,False,10,10.0,suburban,16,59,True,steampunk,1
False,in_person,6.2811,14,700,0,2330.1061,True,8478,1,True,17,False,6,6,46-55,False,9,10.0,suburban,10,62,False,cosplay,28
,in_person,7.0474,15,300,0,2585.5796,True,7946,1,True,24,False,7,6,46-55,False,9,10.0,urban,2,62,False,cosplay,26
False,in_person,36.7232,12,700,0,2755.4429,False,8276,1,False,88,True,3,4,36-45,False,9,10.0,suburban,4,54,True,steampunk,84
,in_person,34.4726,15,300,0,2267.5962,True,9102,1,True,61,True,5,4,46-55,False,8,10.0,urban,13,55,True,none,75
True,in_person,29.9687,12,700,0,2437.4346,True,8521,1,True,11,False,6,6,26-35,False,9,10.0,suburban,8,70,True,punk,49
True,in_person,18.399,15,700,0,2226.8734,False,8756,1,False,85,True,6,8,18-25,False,12,10.0,suburban,5,62,False,punk,94
False,in_person,32.6165,12,300,0,2157.8954,False,8617,1,True,79,True,4,5,55+,False,10,10.0,urban,16,50,,none,65
,in_person,17.1164,13,1500,0,2814.7664,False,7803,1,True,39,False,5,7,46-55,False,9,10.0,rural,3,65,False,goth,89
True,in_person,28.9149,13,1500,0,2745.0232,False,8806,1,False,97,True,6,5,46-55,False,11,10.0,rural,6,66,True,goth,47
True,in_person,11.6602,13,300,0,3003.7262,False,8323,1,False,14,True,7,7,18-25,False,9,10.0,urban,13,62,False,cosplay,56
False,in_person,7.4933,14,1500,0,3042.0268,True,7838,1,True,90,True,6,8,46-55,False,9,10.0,rural,2,66,False,none,40
,in_person,12.9315,12,300,0,2827.0551,False,8452,1,False,82,True,6,6,18-25,False,6,10.0,urban,4,58,False,cosplay,63
False,in_person,3.996,14,1500,0,2390.4905,False,8524,1,False,87,True,4,8,36-45,False,12,10.0,rural,8,56,False,goth,19
True,in_person,14.5305,13,300,0,2262.8791,True,7678,1,True,97,False,4,5,46-55,False,8,10.0,urban,5,58,False,none,73
False,in_person,23.4889,15,700,0,3043.582,True,8614,1,False,87,True,3,4,18-25,False,11,10.0,suburban,6,58,True,none,19
True,in_person,7.6669,16,700,0,3161.5037,False,7433,1,True,56,True,5,6,55+,False,10,10.0,suburban,14,63,False,goth,39
False,in_person,2.0065,14,270,1,2796.7873,True,8847,1,True,65,False,5,5,26-35,False,10,10.0,urban,20,66,False,steampunk,10
True,in_person,20.692,13,1500,0,2854.1096,True,8605,1,False,26,False,5,6,36-45,False,10,10.0,rural,12,59,True,none,6
True,in_person,10.7603,14,700,0,2290.0001,True,8997,1,False,89,False,4,4,18-25,False,8,10.0,suburban,2,59,False,none,54
True,in_person,17.2964,14,1500,0,2562.9518,True,7921,1,True,27,False,5,6,18-25,False,7,10.0,rural,7,55,False,steampunk,87
False,in_person,16.2591,16,1500,0,2434.0347,True,7765,1,True,54,True,4,6,18-25,False,9,10.0,rural,2,65,False,cosplay,82
True,in_person,3.4144,11,300,0,2285.14,True,8082,1,False,80,False,6,6,18-25,False,9,10.0,urban,7,54,False,steampunk,13
True,in_person,17.1135,12,700,0,2446.8454,False,8372,1,True,78,True,5,4,36-45,False,9,10.0,suburban,13,64,,cosplay,80
False,in_person,27.1545,12,300,0,2226.4128,True,7794,1,False,70,False,6,5,26-35,False,9,10.0,urban,13,61,True,none,41
True,in_person,31.8141,12,300,0,3115.2663,True,8228,1,False,50,False,6,5,26-35,False,7,10.0,urban,17,62,True,goth,53
False,in_person,32.3761,10,1500,0,2692.8551,True,8011,1,True,76,True,6,4,55+,True,10,10.0,rural,0,62,True,steampunk,62
False,in_person,10.2883,15,300,0,2293.3602,False,7670,1,True,60,True,4,6,55+,False,10,10.0,urban,1,53,False,steampunk,48
True,in_person,39.1167,14,1500,0,2201.3032,True,8026,1,False,12,True,5,4,26-35,False,9,10.0,rural,7,62,True,punk,98
True,in_person,0.0,15,700,0,2698.8516,False,8342,1,True,36,True,5,6,18-25,False,9,10.0,suburban,19,65,False,cosplay,0
False,in_person,25.4065,14,1500,0,3086.9376,False,7736,1,True,69,True,4,5,55+,False,10,10.0,rural,15,59,,goth,28
False,in_person,13.6816,16,670,1,2301.024,True,7720,2,True,60,True,4,8,36-45,False,11,10.0,suburban,11,50,False,none,68
False,in_person,34.9076,15,300,0,2432.9575,False,9003,1,False,51,False,5,6,46-55,False,10,10.0,urban,18,59,True,goth,76
True,in_person,12.3317,15,300,0,1890.3902,False,8913,1,True,75,False,5,5,36-45,False,10,10.0,urban,12,61,False,steampunk,61
True,in_person,19.2349,13,1470,1,2154.6524,False,8044,1,True,12,False,4,6,26-35,False,9,10.0,rural,10,64,False,punk,95
True,in_person,19.6774,11,300,0,2743.9777,True,8212,1,False,18,False,5,8,26-35,False,11,10.0,urban,18,59,False,punk,100
True,in_person,31.2682,12,700,0,1299.6582,False,7974,1,True,38,False,6,5,,False,10,10.0,suburban,2,57,True,cosplay,58
True,in_person,24.0887,13,700,0,2136.8742,True,8036,2,False,34,False,5,5,18-25,False,9,10.0,suburban,16,68,True,goth,19
False,in_person,11.0764,14,300,0,2079.4352,False,7756,1,False,79,False,7,6,55+,False,7,10.0,urban,4,63,False,goth,56
False,in_person,26.793,12,1500,0,2103.9015,True,8997,1,False,50,False,6,6,46-55,False,8,10.0,rural,18,57,,goth,35
True,in_person,11.9317,10,270,1,2350.5358,True,8964,1,True,70,False,5,5,36-45,False,5,10.0,urban,1,54,False,punk,60
False,in_person,14.7341,13,700,0,3456.6843,False,8477,1,True,98,True,4,6,46-55,False,6,10.0,suburban,4,66,False,punk,76
False,in_person,20.6496,13,700,0,1893.5277,False,7842,1,False,73,True,4,7,36-45,False,8,10.0,suburban,2,62,True,cosplay,6
True,in_person,6.5291,14,1500,0,3078.1925,False,9123,1,True,27,True,6,7,36-45,False,10,10.0,rural,1,57,False,steampunk,33
True,in_person,10.0096,12,1470,1,2073.6406,True,8076,1,True,98,True,5,5,26-35,True,10,10.0,rural,0,55,False,none,53
True,in_person,29.3192,15,700,0,2363.9038,True,8039,1,False,6,False,4,6,46-55,False,11,10.0,suburban,17,61,True,goth,43
False,in_person,27.7355,13,700,0,2245.9745,True,7987,1,False,20,True,4,5,18-25,False,9,10.0,suburban,2,59,True,cosplay,39
False,in_person,36.9418,12,700,0,1964.3679,False,9235,1,True,56,True,6,4,26-35,False,10,10.0,suburban,15,66,True,steampunk,81
False,in_person,13.433,13,300,0,2146.9741,False,8175,1,True,24,False,5,5,26-35,False,9,10.0,urban,15,53,False,punk,71
False,in_person,35.9033,15,700,0,2074.6575,True,8102,1,True,89,False,5,6,18-25,False,9,10.0,suburban,7,56,True,cosplay,80
False,in_person,2.6743,13,300,0,2857.7149,False,8001,1,True,37,True,6,5,36-45,False,7,10.0,urban,16,67,False,goth,14
,in_person,31.1423,13,670,1,1748.446,False,7997,1,False,79,True,6,8,46-55,False,8,10.0,suburban,3,62,True,cosplay,54
True,in_person,17.5579,12,1500,0,2665.6145,True,7900,1,False,76,True,4,5,,False,10,10.0,rural,6,56,False,goth,86
True,in_person,17.7601,11,1500,0,1835.3164,False,8145,1,True,97,False,5,5,18-25,False,6,10.0,rural,18,60,False,cosplay,91
,in_person,35.8745,13,300,0,2586.4981,False,7829,1,False,44,False,4,5,46-55,False,10,10.0,urban,6,54,True,goth,74
False,in_person,38.4042,14,700,0,2485.9992,False,8357,1,False,97,True,4,5,26-35,False,8,10.0,suburban,6,62,,punk,94
False,in_person,24.7192,13,1500,0,2419.6222,False,8103,1,False,58,True,5,5,,False,7,10.0,rural,11,52,,punk,19
False,in_person,7.5458,14,300,0,2745.4162,True,7352,1,False,87,True,3,5,46-55,False,11,10.0,urban,2,53,False,none,35
True,in_person,8.606,15,1500,0,2260.0319,True,7307,1,True,13,True,4,5,,False,10,10.0,rural,12,58,False,goth,42
False,in_person,40.0,13,300,0,2346.1698,True,8419,1,True,45,False,5,8,,False,12,10.0,urban,6,61,True,none,98
True,in_person,8.6382,14,700,0,2059.0337,False,8338,1,False,44,False,3,7,55+,False,9,10.0,suburban,2,69,,cosplay,43
True,in_person,22.798,14,300,0,2259.1638,False,8093,1,False,79,True,5,5,36-45,False,8,10.0,urban,9,64,True,steampunk,14
True,in_person,8.8344,13,1500,0,2675.0033,False,8201,1,False,80,False,5,6,18-25,False,11,10.0,rural,11,61,False,goth,43
True,in_person,9.992,11,700,0,2699.3026,False,9710,1,True,45,False,4,4,18-25,False,11,10.0,suburban,4,61,False,none,53
True,in_person,23.906,11,700,0,2559.8134,False,7800,1,False,38,False,3,7,55+,False,8,10.0,suburban,10,54,True,punk,18
False,in_person,21.1287,14,1500,0,2785.3835,True,8982,1,True,71,False,5,4,26-35,False,11,10.0,rural,18,60,True,cosplay,7
True,in_person,7.1977,11,1470,1,2264.4894,True,8161,1,False,99,False,6,5,46-55,False,10,10.0,rural,8,61,False,steampunk,40
True,in_person,17.6483,15,1500,0,2765.1475,True,8925,1,False,32,True,5,4,46-55,False,8,10.0,rural,4,67,False,cosplay,86
True,in_person,14.7439,17,1500,0,2533.7849,True,9736,1,True,55,False,6,6,55+,False,9,10.0,rural,16,62,False,steampunk,75
True,in_person,19.2502,13,1500,0,2542.3528,True,7104,1,True,3,True,4,5,,False,9,7.5,rural,10,65,True,none,0
True,in_person,20.9202,13,300,0,2883.7998,False,7478,1,False,61,False,4,6,55+,True,9,10.0,urban,0,52,True,steampunk,6
False,in_person,21.9056,10,700,0,2090.8463,True,7841,1,True,90,False,6,6,46-55,False,9,10.0,suburban,3,58,True,none,7
True,in_person,10.7707,16,700,0,1948.3856,True,8648,1,False,13,True,5,5,46-55,False,8,10.0,suburban,12,60,False,punk,57
True,in_person,9.9613,15,670,1,2750.8302,False,8280,1,False,43,True,6,6,36-45,False,9,10.0,suburban,16,69,False,none,50
False,in_person,21.838,12,1500,0,2706.8518,False,9019,1,True,67,True,4,7,46-55,True,10,10.0,rural,0,59,True,goth,11
False,in_person,28.307,13,300,0,2233.8313,False,8606,1,False,51,False,5,6,55+,False,9,10.0,urban,16,55,True,cosplay,40
True,in_person,0.1862,15,300,0,2230.1279,True,8468,2,False,88,True,5,6,55+,False,9,10.0,urban,7,65,False,punk,4
True,in_person,16.0797,14,300,0,2764.7973,True,8259,1,False,87,True,5,8,36-45,False,10,10.0,urban,19,60,False,goth,82
,in_person,21.6102,17,270,1,2330.9511,False,7853,1,True,47,False,3,5,55+,False,9,10.0,urban,8,61,True,punk,11
False,in_person,24.8502,19,300,0,2906.9583,True,8989,1,False,77,False,5,5,46-55,False,9,10.0,urban,9,60,True,punk,27
False,in_person,3.8145,15,1500,0,2438.2467,False,8285,1,False,10,False,5,6,36-45,False,11,10.0,rural,19,58,False,goth,19
False,in_person,9.3866,14,700,0,2228.5829,True,8958,1,False,99,True,3,5,18-25,False,9,10.0,suburban,13,57,,cosplay,45
False,in_person,36.3231,13,700,0,2862.6185,False,8440,1,False,80,False,4,6,55+,False,7,10.0,suburban,3,58,,cosplay,86
False,in_person,37.7125,13,1470,1,2897.2987,True,8631,1,False,33,False,3,6,26-35,False,11,10.0,rural,2,64,True,goth,91
,in_person,4.2624,13,300,0,2594.6576,True,8026,1,False,25,False,5,6,46-55,False,9,10.0,urban,19,59,False,cosplay,19
False,in_person,10.6697,16,1500,0,2614.5862,False,8760,1,False,15,True,4,5,46-55,False,10,10.0,rural,19,60,False,punk,51
,in_person,11.9797,15,670,1,3133.4514,True,9552,1,True,59,True,5,5,46-55,False,12,10.0,suburban,8,69,False,goth,60
True,in_person,2.841,15,700,0,2176.0364,True,8166,1,True,41,True,3,7,18-25,False,7,10.0,suburban,10,62,False,steampunk,15
True,in_person,11.227,16,700,0,2549.8789,True,8243,1,False,40,False,6,7,46-55,False,8,10.0,suburban,2,63,False,punk,56
False,in_person,22.9756,12,300,0,2479.4877,False,7088,1,True,22,True,6,6,18-25,False,9,10.0,urban,16,57,True,cosplay,14
True,in_person,31.8463,13,700,0,2161.6711,False,7932,1,True,70,True,5,7,26-35,False,11,10.0,suburban,4,62,True,cosplay,61
True,in_person,35.207,15,300,0,2161.328,True,8765,1,True,39,True,4,4,36-45,False,7,10.0,urban,10,61,True,steampunk,76
,in_person,30.116,15,1500,0,1887.5376,False,8025,1,False,47,True,6,4,18-25,False,9,10.0,rural,15,53,,goth,52
True,in_person,34.1644,13,670,1,2445.2929,False,8829,1,True,45,True,5,4,26-35,False,11,10.0,suburban,16,63,True,steampunk,74
False,in_person,37.6299,11,1470,1,2331.2213,True,9012,1,False,17,False,4,5,18-25,False,8,10.0,rural,8,56,True,punk,86
False,in_person,35.7031,13,300,0,2019.2598,False,7745,1,False,30,True,5,7,36-45,False,13,10.0,urban,19,65,True,goth,77
,in_person,19.543,13,300,0,2313.6189,False,9099,1,False,98,False,4,6,36-45,False,5,10.0,urban,10,58,False,none,100
True,in_person,21.5136,14,1500,0,2748.1629,False,8619,1,True,58,False,4,7,46-55,False,8,10.0,rural,17,66,True,none,9
False,in_person,17.8981,14,1470,1,2591.6536,True,8130,1,True,9,False,5,7,46-55,False,7,10.0,rural,4,61,,punk,89
False,in_person,11.7087,12,700,0,2592.1339,True,8392,1,False,47,True,4,5,36-45,True,10,10.0,suburban,0,59,False,none,61
True,in_person,28.4811,13,300,0,2229.1515,False,8434,1,False,62,False,6,8,26-35,False,11,10.0,urban,18,62,True,none,46
False,in_person,7.0772,15,700,0,2810.9592,False,7998,1,True,100,False,7,7,26-35,False,8,10.0,suburban,14,62,False,steampunk,38
True,in_person,24.0173,16,700,0,2456.7168,False,8208,1,False,54,True,5,6,36-45,False,9,10.0,suburban,7,65,True,steampunk,23
True,in_person,17.8043,16,300,0,2274.6544,True,8056,1,False,96,False,5,6,36-45,False,10,10.0,urban,12,58,False,steampunk,90
True,in_person,36.954,13,700,0,2530.89,True,7810,1,False,32,True,4,7,26-35,False,9,10.0,suburban,16,58,True,goth,83
True,in_person,5.9024,13,300,0,2150.5716,True,8429,1,False,44,True,5,5,36-45,False,8,10.0,urban,3,66,False,none,29
True,in_person,9.9001,13,1500,0,2401.0912,False,7963,1,False,99,True,5,6,36-45,False,10,10.0,rural,2,62,False,punk,52
,in_person,17.8269,15,300,0,2756.2005,False,8749,1,True,60,False,4,8,46-55,False,11,10.0,urban,14,67,False,none,95
,in_person,15.1133,13,1500,0,2424.9282,False,8559,1,False,13,False,5,4,36-45,False,10,10.0,rural,7,59,False,none,74
True,in_person,12.423,12,300,0,2592.569,False,7266,1,False,87,True,5,8,18-25,False,9,10.0,urban,12,54,False,cosplay,66
,in_person,9.1637,13,700,0,2238.4713,True,8579,1,True,92,False,6,7,,False,10,10.0,suburban,15,59,False,steampunk,44
False,in_person,36.1974,15,1500,0,2337.1692,False,8797,1,False,32,False,6,7,36-45,False,9,10.0,rural,1,61,True,punk,81
True,in_person,32.6414,15,300,0,913.1902,False,8684,1,True,97,True,5,6,36-45,False,11,10.0,urban,10,63,True,cosplay,66
True,in_person,29.0674,11,300,0,2766.089,True,7946,1,False,36,True,4,5,46-55,False,9,10.0,urban,1,66,True,cosplay,47
True,in_person,3.3755,14,1500,0,1995.9103,False,8793,1,False,20,False,7,6,55+,False,7,10.0,rural,14,64,False,goth,19
True,in_person,38.5815,12,700,0,2876.5455,False,8035,1,False,85,True,3,7,36-45,True,9,10.0,suburban,0,62,True,steampunk,97
False,in_person,25.5208,13,670,1,2371.1514,True,8521,1,True,24,True,5,7,,False,8,10.0,suburban,12,60,True,steampunk,31
False,in_person,8.1687,13,300,0,2637.3133,False,9450,1,True,38,False,5,6,55+,False,11,10.0,urban,15,66,False,punk,39
False,in_person,15.4554,12,670,1,2842.7091,False,7886,1,True,0,False,5,6,18-25,False,10,3.8,suburban,1,55,False,punk,73
False,in_person,30.13,14,270,1,2294.4416,False,8531,1,False,13,False,4,7,36-45,True,10,10.0,urban,0,65,True,steampunk,54
True,in_person,33.203,13,300,0,2317.8544,False,8117,2,True,27,True,5,6,46-55,False,8,10.0,urban,13,64,,steampunk,64
True,in_person,0.5676,16,700,0,2511.5695,True,8188,1,False,54,True,6,8,55+,False,10,10.0,suburban,7,58,False,none,5
,in_person,10.6206,14,1500,0,2493.0501,False,7683,1,False,93,True,4,3,26-35,False,7,10.0,rural,17,66,False,cosplay,55
False,in_person,26.375,13,1500,0,2175.4067,False,8206,1,True,47,True,4,6,46-55,False,10,10.0,rural,15,56,True,none,33
True,in_person,1.256,16,1500,0,3093.5428,True,7891,1,True,61,True,6,6,36-45,False,10,10.0,rural,13,60,False,goth,10
True,in_person,17.8961,13,1500,0,2647.8388,False,8398,1,True,39,True,5,8,55+,False,13,10.0,rural,13,54,False,goth,93
False,in_person,24.1838,14,700,0,1582.4896,False,8357,1,True,87,False,3,5,26-35,False,12,10.0,suburban,7,66,True,punk,23
True,in_person,26.1053,13,1500,0,2207.4755,False,7979,1,True,65,True,5,6,36-45,True,13,10.0,rural,0,57,True,none,30
False,in_person,3.2854,15,270,1,2324.8864,True,8499,1,True,89,False,5,6,36-45,False,12,10.0,urban,8,63,False,steampunk,16
True,in_person,21.1163,13,1500,0,2536.7641,True,8302,1,False,42,True,7,4,36-45,True,9,10.0,rural,0,62,True,cosplay,8
False,in_person,23.6131,10,700,0,2244.5999,False,8369,1,True,61,False,3,6,18-25,False,9,10.0,suburban,7,53,True,punk,17
False,in_person,35.9692,14,300,0,2578.0624,False,8351,1,True,14,False,5,4,55+,False,9,10.0,urban,11,57,True,punk,81
False,in_person,0.0,15,700,0,2390.7554,False,8211,1,True,91,False,5,6,36-45,False,9,10.0,suburban,3,57,,none,0
False,in_person,30.5508,14,270,1,2192.7511,False,8208,1,True,73,False,4,6,36-45,False,8,10.0,urban,11,64,,cosplay,55
True,in_person,11.6049,16,1500,0,1969.9682,False,8476,1,False,48,True,4,5,18-25,False,10,10.0,rural,7,55,False,goth,61
,in_person,8.5082,12,300,0,1977.4619,False,9400,1,True,55,True,7,4,46-55,False,11,10.0,urban,19,60,False,none,45
,in_person,2.7554,11,700,0,2262.72,False,8308,1,False,32,False,5,6,18-25,False,10,10.0,suburban,7,63,,steampunk,18
True,in_person,29.4833,19,300,0,2811.5551,True,8014,1,False,7,False,6,5,46-55,False,8,10.0,urban,8,63,,none,47
,in_person,32.6699,16,300,0,3355.1629,True,8169,1,False,45,False,6,4,55+,False,9,10.0,urban,2,62,True,goth,62
,in_person,33.7039,13,300,0,2309.4384,False,8575,1,False,77,False,5,8,46-55,False,6,10.0,urban,3,63,True,punk,66
False,in_person,15.6961,13,300,0,2502.6038,True,7022,1,True,42,False,3,6,26-35,False,9,10.0,urban,16,63,False,none,75
True,in_person,35.3313,14,1500,0,1572.8863,True,8925,1,False,2,False,6,5,18-25,False,10,6.5,rural,14,68,True,none,81
True,in_person,14.1072,14,700,0,2319.4293,False,7527,1,False,46,False,4,7,36-45,False,11,10.0,suburban,18,68,False,steampunk,72
True,in_person,26.1524,13,300,0,2935.6076,False,7693,1,False,76,False,5,5,46-55,False,9,10.0,urban,13,63,True,steampunk,30
False,in_person,9.2127,12,700,0,2004.28,False,8684,1,False,35,True,5,4,46-55,False,8,10.0,suburban,10,64,False,punk,45
True,in_person,34.3899,12,700,0,2145.3174,True,8492,1,True,73,True,4,5,36-45,False,7,10.0,suburban,12,61,True,goth,73
True,in_person,14.6955,12,1500,0,2083.6326,True,8047,1,True,93,False,4,5,36-45,False,8,10.0,rural,2,61,False,steampunk,76
True,in_person,24.0703,13,700,0,2036.2835,False,9143,1,True,42,False,5,5,18-25,False,12,10.0,suburban,1,60,True,punk,22
True,in_person,37.9569,14,1500,0,2487.1684,False,8961,1,True,83,False,5,6,26-35,True,10,10.0,rural,0,55,True,goth,88
True,in_person,22.1645,15,700,0,2411.9178,False,8948,1,True,1,False,5,4,55+,False,11,5.6,suburban,16,51,True,cosplay,11
True,in_person,27.6101,14,700,0,2655.8575,True,8595,1,True,57,False,4,6,18-25,False,8,10.0,suburban,7,57,True,punk,46
True,in_person,31.1413,13,700,0,2345.5298,True,9005,1,True,52,True,7,6,18-25,False,9,10.0,suburban,8,60,True,cosplay,55
False,in_person,17.7952,17,300,0,2913.718,True,8568,1,False,73,True,5,4,18-25,False,9,10.0,urban,17,62,False,cosplay,86
True,in_person,26.571,14,300,0,2339.4151,False,9167,1,True,80,True,5,7,26-35,False,11,10.0,urban,7,58,True,punk,35
True,in_person,23.8054,13,700,0,2942.6899,True,8903,1,True,38,True,5,5,36-45,False,9,10.0,suburban,13,53,True,cosplay,19
True,in_person,3.6854,16,1470,1,2950.7263,True,8901,1,True,70,False,4,7,36-45,False,11,10.0,rural,16,63,False,cosplay,21
True,in_person,2.1371,12,1500,0,2833.2905,True,8697,1,True,46,True,5,6,55+,False,10,10.0,rural,2,57,,cosplay,17
False,in_person,36.3171,14,700,0,3123.9379,False,7951,1,False,4,True,4,5,36-45,False,10,10.0,suburban,15,55,,goth,81
True,in_person,33.5394,13,700,0,2505.9346,True,8727,1,True,67,True,4,7,,False,8,10.0,suburban,8,60,True,cosplay,68
False,in_person,17.657,14,300,0,2695.908,False,8458,1,False,83,False,5,4,26-35,False,10,10.0,urban,1,58,False,steampunk,90
False,in_person,8.6372,12,1500,0,1777.2186,True,7549,1,False,43,False,5,8,18-25,False,9,10.0,rural,16,60,False,goth,46
,in_person,22.4935,15,300,0,2474.9295,False,8954,1,False,98,False,5,5,,False,6,10.0,urban,3,64,True,goth,12
False,in_person,24.6053,15,270,1,2320.844,False,7706,1,False,16,False,5,5,36-45,False,9,10.0,urban,13,52,True,cosplay,24
True,in_person,28.9447,15,300,0,2557.2138,True,7880,1,False,74,True,4,5,18-25,False,10,10.0,urban,8,61,True,cosplay,41
,in_person,19.9115,17,1500,0,2859.6256,True,8149,1,True,27,False,4,5,26-35,False,8,10.0,rural,6,57,,cosplay,4
True,in_person,7.8449,12,300,0,2422.6066,False,8892,0,True,43,True,5,7,36-45,False,8,10.0,urban,3,54,False,cosplay,41
True,in_person,28.8257,15,1470,1,2528.0093,True,8221,1,False,39,True,4,6,55+,False,9,10.0,rural,6,56,True,punk,42
True,in_person,28.2011,14,700,0,3103.8619,True,9141,1,True,84,False,6,6,46-55,False,8,10.0,suburban,16,57,True,goth,39
False,in_person,32.108,14,300,0,2267.0271,True,8182,1,False,56,False,5,5,,False,9,10.0,urban,13,55,True,none,60
False,in_person,28.6203,15,1500,0,2329.1992,False,7843,1,True,56,True,5,7,18-25,False,10,10.0,rural,1,53,True,none,39
True,in_person,9.5121,12,1500,0,2843.0896,True,7880,1,False,65,False,6,4,55+,False,6,10.0,rural,12,55,,cosplay,48
True,in_person,10.9603,16,270,1,2737.0891,True,8211,1,False,91,False,5,5,46-55,False,8,10.0,urban,5,56,,none,53
False,in_person,34.5387,14,700,0,2673.0077,True,7711,1,False,41,False,5,6,,False,10,10.0,suburban,19,58,True,punk,73
True,in_person,9.5559,14,1500,0,3003.6382,False,8160,1,False,35,True,4,4,36-45,False,10,10.0,rural,5,58,False,steampunk,48
True,in_person,37.6159,15,300,0,2323.4181,False,8700,1,False,4,True,7,4,46-55,False,9,7.4,urban,10,54,True,none,87
False,in_person,21.0489,13,700,0,2773.6249,False,7600,1,False,67,True,5,5,55+,False,8,10.0,suburban,5,64,True,punk,10
False,in_person,22.8859,16,1500,0,2689.9655,True,8916,1,True,47,False,3,6,18-25,False,7,10.0,rural,18,61,True,goth,13
False,in_person,19.3516,17,270,1,2571.6895,False,8537,1,False,16,False,5,7,36-45,False,11,10.0,urban,12,66,False,none,100
False,in_person,19.7627,14,1500,0,2776.6851,True,8212,1,True,54,True,6,5,,False,10,10.0,rural,9,61,False,goth,95
False,in_person,24.4109,15,700,0,2575.434,False,8615,1,True,27,False,4,5,18-25,False,6,10.0,suburban,14,61,True,none,20
False,in_person,16.1408,14,700,0,2422.1202,True,9292,1,True,74,False,5,4,55+,False,10,10.0,suburban,4,61,False,punk,82
False,in_person,29.2066,13,1500,0,3009.1672,True,8685,1,False,93,True,5,6,36-45,False,9,10.0,rural,4,61,True,cosplay,43
True,in_person,26.4417,16,700,0,2078.9425,True,8823,1,False,37,False,5,8,36-45,False,10,10.0,suburban,16,60,,punk,29
False,in_person,38.0444,19,700,0,3192.2506,True,8644,1,True,57,False,3,7,18-25,False,9,10.0,suburban,6,64,True,steampunk,93
False,in_person,0.7706,12,700,0,2500.4952,True,8068,1,True,50,True,6,6,18-25,False,8,10.0,suburban,19,63,,goth,5
False,in_person,18.8847,15,300,0,2716.6273,False,8122,1,False,62,True,7,6,,False,8,10.0,urban,11,65,False,none,93
,in_person,28.7204,12,300,0,3123.2518,True,7648,1,True,73,False,5,7,18-25,False,11,10.0,urban,6,63,True,steampunk,44
False,in_person,1.3648,17,1500,0,2447.5854,True,8429,1,True,72,False,5,6,36-45,False,10,10.0,rural,16,57,False,punk,0
True,in_person,15.5701,14,700,0,1378.8279,True,9090,1,True,91,True,6,6,18-25,False,8,10.0,suburban,12,60,False,none,83
False,in_person,16.148,15,700,0,2587.8674,True,7959,1,False,28,True,4,6,46-55,False,9,10.0,suburban,5,59,False,punk,77
False,in_person,35.8162,14,1500,0,3127.1508,False,8359,1,False,36,True,5,5,46-55,False,9,10.0,rural,1,54,True,cosplay,78
False,in_person,8.7054,14,300,0,2182.4909,False,9490,1,True,63,False,6,6,18-25,False,9,10.0,urban,14,59,False,cosplay,45
True,in_person,3.1476,15,300,0,2655.3789,True,8104,1,False,61,False,4,6,55+,True,11,10.0,urban,0,57,,none,15
False,in_person,38.2946,13,700,0,1974.0755,True,9144,1,True,57,True,4,5,,False,11,10.0,suburban,9,50,True,punk,88
True,in_person,18.1892,14,700,0,3036.1374,False,9212,1,False,48,False,7,5,,False,8,10.0,suburban,20,60,False,punk,91
False,in_person,25.1345,13,700,0,2614.6382,True,8386,1,True,11,False,4,8,26-35,False,11,10.0,suburban,6,59,,cosplay,24
False,in_person,0.0,14,700,0,2203.486,False,8142,1,True,27,False,5,6,,False,8,10.0,suburban,16,61,,goth,1
False,in_person,0.2007,15,1500,0,2482.5253,True,7706,1,True,20,False,4,4,18-25,False,9,10.0,rural,11,56,False,none,3
False,in_person,16.4666,13,300,0,2989.7162,True,8881,1,True,84,False,5,8,26-35,False,10,10.0,urban,7,57,False,cosplay,77
True,in_person,11.8401,12,300,0,2345.1831,True,7418,1,True,74,True,5,6,55+,False,10,10.0,urban,4,62,False,steampunk,63
True,in_person,4.1009,17,300,0,2854.0281,True,9595,1,False,36,False,5,7,55+,True,9,10.0,urban,0,58,False,none,22
False,in_person,19.5657,17,700,0,2489.6373,False,7925,1,True,56,True,4,5,26-35,False,8,10.0,suburban,4,59,False,steampunk,98
False,in_person,34.2812,11,700,0,2893.4743,False,8377,1,True,54,True,4,6,18-25,False,12,10.0,suburban,11,66,True,goth,66
True,in_person,25.931,15,1500,0,3081.3382,True,8915,1,False,52,False,5,7,55+,False,7,10.0,rural,2,59,True,goth,30
True,in_person,31.6571,14,1500,0,1948.2839,True,8960,1,True,59,False,5,4,46-55,False,8,10.0,rural,17,67,True,steampunk,58
False,in_person,35.8954,14,300,0,2183.9817,True,8916,1,False,39,False,4,5,18-25,False,9,10.0,urban,3,55,,punk,76
False,in_person,15.7563,15,270,1,2611.9726,False,8768,1,False,54,False,5,9,46-55,False,10,10.0,urban,3,60,False,cosplay,76
,in_person,34.5256,18,1500,0,2021.3815,False,9051,2,False,20,True,4,6,46-55,True,7,10.0,rural,0,62,True,cosplay,76
True,in_person,3.2616,16,300,0,1853.5827,True,9023,1,True,87,True,4,5,46-55,False,8,10.0,urban,13,63,False,steampunk,19
False,in_person,21.2132,14,300,0,2257.0649,False,9338,1,False,25,True,4,6,36-45,False,7,10.0,urban,9,55,True,steampunk,9
True,in_person,37.5484,16,670,1,2079.2049,False,8348,1,True,9,True,6,6,18-25,False,8,10.0,suburban,3,55,True,punk,85
True,in_person,12.9058,15,300,0,3123.429,True,7538,1,True,39,False,5,5,18-25,False,9,10.0,urban,14,58,,none,65
,in_person,37.43,14,670,1,2573.0368,False,7322,1,True,82,False,4,6,36-45,False,9,10.0,suburban,7,56,True,cosplay,82
False,in_person,29.4893,13,300,0,2953.3615,True,9027,1,True,74,False,5,6,46-55,False,7,10.0,urban,14,59,True,steampunk,49
False,in_person,31.8423,12,700,0,1779.6645,True,8280,1,False,32,True,5,6,55+,False,9,10.0,suburban,19,62,True,goth,66
True,in_person,3.6445,17,300,0,2318.8855,False,7962,1,True,18,False,6,5,55+,True,10,10.0,urban,0,62,False,punk,17
True,in_person,6.9867,15,300,0,3421.4617,False,8046,1,False,90,True,6,5,26-35,False,11,10.0,urban,8,58,False,steampunk,35
,in_person,6.5302,13,300,0,2375.597,True,8044,1,True,99,True,5,6,36-45,False,10,10.0,urban,17,67,,steampunk,28
True,in_person,6.31,16,300,0,3000.9429,False,7807,1,False,59,True,5,5,18-25,False,10,10.0,urban,12,60,False,steampunk,27
True,in_person,36.7442,13,1500,0,2057.1767,True,7988,1,False,3,False,7,6,26-35,False,8,8.4,rural,17,67,True,steampunk,83
False,in_person,14.0863,16,1500,0,2333.7226,True,8529,1,False,36,True,5,6,55+,False,8,10.0,rural,14,56,False,punk,72
False,in_person,16.0943,11,1500,0,2245.6496,True,8489,1,False,4,True,6,4,,False,11,9.7,rural,5,59,False,cosplay,82
False,in_person,22.3251,12,700,0,2935.4533,True,9567,1,False,91,True,5,6,18-25,False,12,10.0,suburban,19,62,True,punk,17
False,in_person,18.0302,15,700,0,2960.2612,False,8433,1,True,40,True,4,5,18-25,False,7,10.0,suburban,8,61,False,goth,89
True,in_person,38.5845,15,1500,0,2222.7705,False,9379,1,True,58,False,5,6,46-55,False,9,10.0,rural,1,58,True,steampunk,95
False,in_person,12.294,16,670,1,2945.8264,True,8375,1,True,8,False,5,4,46-55,False,10,10.0,suburban,6,58,False,goth,62
True,in_person,16.9826,14,700,0,2481.59,False,9633,1,False,81,True,5,3,36-45,False,7,10.0,suburban,7,64,False,none,85
False,in_person,16.8817,15,300,0,2792.9737,True,8425,1,True,84,False,5,8,46-55,False,13,10.0,urban,8,64,,punk,78
,in_person,27.3597,12,700,0,2194.1603,True,8020,1,True,69,True,7,5,26-35,False,7,10.0,suburban,17,64,,steampunk,36
True,in_person,12.9846,14,1500,0,3211.3236,True,8156,1,True,3,False,6,4,36-45,False,12,6.7,rural,11,59,False,steampunk,67
True,in_person,17.6913,14,300,0,2331.4065,False,7833,1,True,50,True,5,7,18-25,False,8,10.0,urban,19,63,False,punk,86
False,in_person,19.7848,14,1500,0,1901.2126,True,8813,1,False,32,False,5,6,55+,False,4,10.0,rural,8,54,True,punk,0
False,in_person,26.6562,12,700,0,2545.8805,False,8375,1,True,46,True,4,5,18-25,False,11,10.0,suburban,14,63,True,cosplay,38
True,in_person,34.1667,16,270,1,1384.8933,False,9253,2,True,48,False,6,6,26-35,False,12,10.0,urban,9,61,True,goth,69
True,in_person,31.3037,14,700,0,2362.1363,True,9124,1,True,95,False,6,8,36-45,False,10,10.0,suburban,9,56,True,cosplay,56
False,in_person,28.4148,14,1500,0,3191.0883,True,8109,1,False,37,True,4,7,26-35,False,7,10.0,rural,1,56,True,goth,42
True,in_person,31.3888,14,1500,0,2688.9332,False,8943,1,False,17,False,6,5,55+,False,7,10.0,rural,9,60,True,steampunk,53
True,in_person,8.92,12,1500,0,1994.7371,False,8434,1,False,9,False,5,4,,False,8,10.0,rural,9,50,False,goth,42
True,in_person,0.0,15,300,0,2272.4307,True,8233,1,True,8,True,5,5,36-45,False,9,10.0,urban,7,69,False,goth,0
True,in_person,23.6582,16,700,0,2925.2945,False,9193,1,True,91,False,5,7,18-25,True,12,10.0,suburban,0,66,True,steampunk,24
True,in_person,23.7582,15,700,0,2600.3039,False,8542,1,False,99,False,4,7,46-55,False,10,10.0,suburban,4,57,True,steampunk,14
True,in_person,5.61,17,300,0,1847.6589,True,7359,1,True,50,True,5,6,55+,False,8,10.0,urban,18,61,False,steampunk,27
,in_person,13.3641,14,1500,0,3129.63,False,8482,1,False,34,False,4,5,36-45,False,11,10.0,rural,17,61,False,steampunk,65
True,in_person,35.0891,14,670,1,2027.6306,True,8027,1,False,35,True,4,6,55+,False,12,10.0,suburban,10,60,True,goth,76
,in_person,8.7677,14,700,0,2653.5887,False,8432,1,True,88,True,4,5,36-45,False,8,10.0,suburban,8,62,False,punk,44
,in_person,6.2573,15,1500,0,1887.0654,False,7786,1,True,7,True,5,6,,False,12,10.0,rural,12,58,False,none,30
True,in_person,17.4648,10,300,0,2182.2457,True,8341,1,False,43,True,5,4,18-25,False,9,10.0,urban,13,55,False,steampunk,89
False,in_person,10.6126,15,700,0,2974.4753,False,8806,1,True,74,False,5,6,46-55,False,10,10.0,suburban,17,66,False,none,53
True,in_person,18.6382,13,1500,0,2325.1665,False,8380,1,True,87,False,5,5,,False,10,10.0,rural,9,69,False,punk,97
,in_person,21.3164,13,300,0,2952.2262,True,8407,1,True,39,True,5,6,55+,False,11,10.0,urban,1,67,True,none,7
False,in_person,38.4151,12,700,0,2137.7301,False,8890,1,False,73,False,4,6,18-25,False,10,10.0,suburban,16,64,True,goth,92
,in_person,37.4797,11,300,0,2325.4887,True,8406,1,True,17,False,6,6,36-45,False,8,10.0,urban,12,54,True,steampunk,91
False,in_person,35.7754,12,1500,0,2487.999,False,7763,1,False,21,False,3,6,18-25,False,10,10.0,rural,10,62,True,steampunk,85
True,in_person,28.7671,14,670,1,2230.3026,False,8515,1,True,61,True,5,4,36-45,False,8,10.0,suburban,7,63,True,steampunk,43
False,in_person,11.1347,17,1470,1,3198.5289,False,8339,1,False,4,False,4,6,18-25,False,9,5.6,rural,10,62,False,goth,54
True,in_person,12.1266,15,1500,0,2646.0082,True,8578,1,False,22,True,5,7,26-35,False,8,10.0,rural,15,60,False,steampunk,56
True,in_person,26.2321,11,1500,0,1803.316,True,8277,1,False,70,False,3,5,55+,False,6,10.0,rural,17,68,True,punk,31
False,in_person,3.0986,11,300,0,2357.0426,True,9062,1,True,56,False,6,9,55+,False,11,10.0,urban,4,57,False,goth,15
,in_person,6.0899,15,300,0,2979.8466,False,7530,1,False,16,False,5,6,18-25,False,11,10.0,urban,14,64,False,cosplay,32
False,in_person,12.2775,14,700,0,2406.9273,True,8670,1,False,87,True,5,6,18-25,False,6,10.0,suburban,15,54,False,goth,63
False,in_person,23.0388,16,700,0,2775.3319,False,8188,1,True,8,True,4,5,18-25,False,8,10.0,suburban,19,54,True,steampunk,15
True,in_person,25.5216,14,700,0,2041.4153,True,8658,1,False,15,False,5,6,26-35,False,8,10.0,suburban,11,58,True,goth,29
True,in_person,20.3459,17,300,0,2440.1904,False,7653,1,False,71,False,4,5,55+,False,10,10.0,urban,3,66,True,steampunk,1
False,in_person,32.8814,14,300,0,2889.3747,True,8286,2,False,46,False,5,5,55+,False,6,10.0,urban,15,63,True,steampunk,64
True,in_person,30.0598,12,300,0,2339.6672,False,8340,1,True,83,False,5,6,26-35,False,10,10.0,urban,10,55,True,none,53
False,in_person,32.0427,15,700,0,2990.4356,False,8828,1,False,16,False,5,5,36-45,False,6,10.0,suburban,7,64,True,cosplay,61
True,in_person,14.8665,13,300,0,2719.5703,True,7556,1,True,7,True,6,6,55+,False,11,10.0,urban,10,54,False,goth,73
False,in_person,1.7133,16,300,0,2466.3052,False,8512,1,False,12,False,3,6,55+,False,11,10.0,urban,4,55,False,steampunk,7
True,in_person,3.1612,13,1500,0,2623.6871,False,7110,1,True,12,True,5,6,18-25,False,8,10.0,rural,14,63,False,goth,16
True,in_person,29.2642,13,700,0,2199.5989,True,8153,1,True,39,False,4,5,,False,11,10.0,suburban,4,59,,punk,49
True,in_person,19.4138,14,700,0,2552.8198,False,8301,1,False,48,True,7,6,26-35,False,9,10.0,suburban,12,61,,punk,1
True,in_person,26.9954,16,300,0,2023.3399,False,7737,1,False,90,True,5,5,55+,False,10,10.0,urban,1,70,True,goth,31
False,in_person,2.6903,14,700,0,2335.6702,True,8074,1,False,98,False,3,3,36-45,False,10,10.0,suburban,14,63,False,goth,14
,in_person,24.9973,14,700,0,2068.7881,False,8442,1,True,9,False,4,6,18-25,False,8,10.0,suburban,9,64,True,punk,19
False,in_person,26.0807,14,1470,1,3032.4783,False,7607,1,True,54,False,4,4,55+,False,8,10.0,rural,10,56,True,none,25
False,in_person,6.5118,15,300,0,2804.7804,True,9359,1,False,67,True,4,4,36-45,False,10,10.0,urban,18,63,False,cosplay,36
False,in_person,11.6292,12,300,0,2129.1749,True,8761,1,False,71,True,5,4,26-35,False,7,10.0,urban,9,64,False,goth,59
True,in_person,25.7863,12,300,0,1163.4135,True,8148,1,True,42,True,4,6,26-35,False,10,10.0,urban,4,60,True,steampunk,27
True,in_person,6.6483,14,670,1,2318.0474,False,7611,1,False,80,False,6,5,26-35,False,10,10.0,suburban,15,62,False,steampunk,29
False,in_person,33.9476,12,1500,0,2769.1005,True,7918,1,True,94,False,4,5,46-55,False,10,10.0,rural,2,67,True,cosplay,71
True,in_person,6.7273,12,1500,0,2422.2,False,8220,1,False,14,True,5,6,,False,10,10.0,rural,4,56,False,none,37
True,in_person,13.2563,14,300,0,2722.6893,True,8140,1,False,58,True,5,4,18-25,False,9,10.0,urban,12,57,False,punk,67
True,in_person,39.7773,14,1500,0,3128.5139,False,8475,1,True,58,True,4,5,26-35,False,6,10.0,rural,3,67,True,none,98
True,in_person,2.711,14,1500,0,2498.8528,True,8182,1,True,37,False,7,8,26-35,False,7,10.0,rural,9,60,False,none,16
True,in_person,21.8928,17,700,0,3119.9733,True,8065,1,True,30,True,5,7,55+,False,10,10.0,suburban,5,62,True,punk,8
True,in_person,10.7694,10,700,0,2859.9952,False,7494,1,True,67,True,5,7,26-35,False,12,10.0,suburban,1,63,False,none,54
True,in_person,25.4181,11,670,1,2341.1004,False,7716,1,True,82,True,5,6,26-35,False,9,10.0,suburban,6,62,True,cosplay,25
True,in_person,9.3316,13,300,0,2215.2415,True,7826,1,False,17,True,4,7,55+,False,12,10.0,urban,14,55,False,goth,42
True,in_person,33.1081,15,1500,0,2465.5905,False,8154,1,True,45,True,5,6,55+,False,10,10.0,rural,2,58,True,goth,65
True,in_person,14.8418,12,300,0,2109.5795,False,8196,1,False,13,False,5,6,,False,9,10.0,urban,4,57,False,steampunk,77
,in_person,23.0689,10,300,0,2554.7206,True,7763,1,False,41,False,4,8,,False,10,10.0,urban,7,68,True,steampunk,18
True,in_person,6.8788,14,700,0,2760.719,True,7692,1,True,88,False,6,5,26-35,False,7,10.0,suburban,11,60,,goth,36
True,in_person,35.4897,13,300,0,1827.0863,False,6923,1,False,84,True,6,7,,False,8,10.0,urban,10,52,,none,81
True,in_person,13.7163,13,1500,0,3003.5193,True,9012,1,False,45,False,5,5,18-25,False,10,10.0,rural,4,59,False,goth,68
,in_person,3.1297,15,1500,0,2050.6672,True,8209,1,False,13,True,4,7,18-25,False,7,10.0,rural,11,62,False,punk,13
False,in_person,37.0949,13,700,0,2675.986,False,7487,1,False,19,False,5,6,18-25,False,10,10.0,suburban,13,62,True,none,86
True,in_person,36.9521,13,1470,1,2636.3381,True,8459,1,False,80,False,4,5,46-55,False,12,10.0,rural,4,62,True,goth,86
True,in_person,19.56,14,700,0,2499.6236,False,7682,1,False,59,True,5,6,18-25,False,9,10.0,suburban,10,56,False,cosplay,98
True,in_person,22.3648,15,700,0,2021.1838,False,8597,1,False,14,False,5,7,55+,False,12,10.0,suburban,6,61,True,cosplay,14
False,in_person,1.0861,12,700,0,1947.3931,True,8603,1,False,20,False,7,5,55+,False,11,10.0,suburban,14,64,False,cosplay,6
False,in_person,23.439,14,300,0,2053.1245,False,8746,1,True,50,True,6,7,36-45,False,9,10.0,urban,11,61,True,steampunk,16
True,in_person,1.6179,12,300,0,2846.0725,True,7702,1,False,51,True,6,3,18-25,False,8,10.0,urban,6,58,False,punk,12
False,in_person,39.1903,10,1470,1,2109.2667,True,8205,1,True,73,True,5,6,55+,False,11,10.0,rural,16,62,True,punk,99
True,in_person,2.9399,15,270,1,1690.5695,False,8157,1,True,31,True,5,5,18-25,False,11,10.0,urban,3,64,False,cosplay,12
False,in_person,35.5471,14,300,0,3035.6029,False,8195,1,False,79,True,6,3,46-55,False,11,10.0,urban,11,62,True,goth,76
True,in_person,30.5624,12,670,1,3363.7342,False,8432,1,False,53,False,7,4,36-45,False,6,10.0,suburban,17,66,True,punk,54
False,in_person,11.9046,13,1470,1,2750.9644,True,8235,1,False,9,False,6,5,55+,False,7,9.2,rural,6,62,False,steampunk,60
True,in_person,21.6004,13,1470,1,2014.8657,True,7892,1,True,49,False,4,8,36-45,True,8,10.0,rural,0,65,True,steampunk,6
False,in_person,12.7747,13,300,0,2071.9111,False,8509,1,False,68,True,7,7,46-55,False,10,10.0,urban,18,66,False,goth,62
True,in_person,37.1158,12,300,0,2158.3886,False,7581,1,True,93,True,6,4,18-25,False,9,10.0,urban,15,64,True,cosplay,86
False,in_person,27.105,17,700,0,2877.25,True,7914,1,False,0,True,5,5,55+,False,8,2.0,suburban,1,68,True,punk,31
False,in_person,13.5133,13,670,1,3002.6936,True,8237,1,False,18,False,6,5,18-25,False,9,10.0,suburban,5,62,False,goth,68
False,in_person,9.1406,16,300,0,2591.624,True,8341,1,True,13,True,5,7,26-35,False,9,10.0,urban,10,55,False,steampunk,44
False,in_person,3.9243,17,300,0,1654.6299,True,8276,1,False,6,True,5,6,18-25,False,6,9.7,urban,13,69,False,punk,21
,in_person,21.7739,11,1500,0,2310.3748,True,7831,1,True,47,True,5,5,26-35,False,9,10.0,rural,2,68,True,punk,9
False,in_person,2.7368,13,300,0,2284.1074,False,8251,1,False,93,True,5,7,46-55,False,9,10.0,urban,11,59,False,steampunk,14
True,in_person,13.7786,12,300,0,2338.3161,False,8467,1,True,73,False,6,7,55+,False,11,10.0,urban,18,64,False,cosplay,69
True,in_person,16.038,15,300,0,2814.8039,True,8896,1,True,4,True,5,4,46-55,False,7,7.4,urban,9,65,False,cosplay,80
False,in_person,17.8896,14,300,0,2588.5742,False,9194,1,False,47,False,4,5,46-55,False,10,10.0,urban,5,60,False,cosplay,87
False,in_person,10.4348,13,700,0,2379.6503,False,8367,1,False,46,True,5,6,36-45,False,12,10.0,suburban,15,50,False,steampunk,52
True,in_person,28.429,11,300,0,2567.6524,False,8976,1,False,53,False,4,6,18-25,False,10,10.0,urban,15,64,True,none,37
False,in_person,38.5829,15,1500,0,2932.9739,False,8476,1,False,59,True,7,5,46-55,False,8,10.0,rural,4,62,True,none,92
True,in_person,3.9973,17,670,1,3122.0997,False,8061,1,False,65,True,5,6,26-35,False,11,10.0,suburban,7,61,False,steampunk,20
,in_person,26.6799,15,300,0,3129.9936,True,7589,1,True,3,False,4,5,36-45,False,9,7.6,urban,1,59,True,steampunk,36
True,in_person,31.1061,11,700,0,2680.2027,True,7928,1,True,35,True,4,7,18-25,False,8,10.0,suburban,14,58,True,steampunk,54
True,in_person,14.9939,16,1500,0,2454.2186,False,8720,2,False,93,True,4,5,36-45,False,7,10.0,rural,8,54,False,goth,78
True,in_person,34.6584,15,700,0,2375.5901,False,8968,2,True,38,False,6,8,36-45,False,13,10.0,suburban,18,57,True,goth,77
True,in_person,35.1714,14,1500,0,2376.2427,False,7622,1,True,68,False,5,6,,False,9,10.0,rural,14,63,True,none,79
True,in_person,22.9825,15,700,0,2542.5146,False,8781,1,False,35,True,4,5,26-35,False,9,10.0,suburban,4,57,True,none,14
,in_person,27.7364,13,700,0,2271.5953,True,8463,1,True,48,True,5,8,55+,False,10,10.0,suburban,13,60,True,goth,39
False,in_person,8.5243,14,270,1,3347.141,True,8913,1,True,50,False,5,7,26-35,False,10,10.0,urban,12,60,False,goth,38
,in_person,10.4088,13,1470,1,2332.3659,False,8450,1,True,88,False,5,7,26-35,False,8,10.0,rural,8,63,False,none,51
False,in_person,10.1435,15,300,0,2774.48,False,7761,1,True,94,False,6,9,26-35,False,8,10.0,urban,8,65,False,none,49
True,in_person,16.816,13,1500,0,2653.0227,False,9042,1,True,45,False,5,5,46-55,False,9,10.0,rural,18,65,False,goth,83
False,in_person,9.3877,14,670,1,2330.2338,True,8095,1,True,45,False,4,6,46-55,True,7,10.0,suburban,0,63,False,cosplay,52
False,in_person,15.6695,13,1500,0,2483.5959,True,9024,1,False,75,True,3,5,36-45,True,8,10.0,rural,0,64,False,goth,72
True,in_person,27.305,16,700,0,2747.9177,False,8051,1,False,42,True,5,6,18-25,False,9,10.0,suburban,16,61,True,punk,37
False,in_person,36.1325,13,1500,0,2003.0078,True,8040,1,True,9,True,5,7,36-45,False,8,10.0,rural,3,56,True,cosplay,78
True,in_person,3.7695,15,300,0,3036.5852,True,7754,1,True,6,False,3,5,36-45,False,10,10.0,urban,14,61,False,punk,16
True,in_person,5.6423,12,1500,0,2061.0302,True,8529,1,True,20,False,5,6,26-35,False,12,10.0,rural,12,66,,goth,24
False,in_person,8.1083,13,300,0,2551.2875,False,8178,1,True,85,True,5,5,18-25,False,9,10.0,urban,14,63,False,none,41
False,in_person,32.5832,12,700,0,2373.7438,False,8961,1,True,38,False,5,7,55+,False,10,10.0,suburban,6,60,True,goth,63
False,in_person,22.0691,14,300,0,2308.9388,False,9229,1,False,72,True,5,6,46-55,False,9,10.0,urban,19,59,True,goth,13
True,in_person,2.2301,15,300,0,1981.2398,True,8593,1,False,88,True,4,6,18-25,False,10,10.0,urban,7,59,False,steampunk,16
False,in_person,21.5022,14,300,0,2655.3443,True,8148,1,False,77,True,5,7,26-35,False,10,10.0,urban,15,54,True,steampunk,7
True,in_person,20.6515,12,700,0,2353.3619,False,8564,1,True,11,True,5,6,,False,8,10.0,suburban,13,64,True,punk,1
False,in_person,18.9393,11,1500,0,2058.0328,True,8978,1,True,60,False,5,5,46-55,False,10,10.0,rural,15,56,False,steampunk,98
True,in_person,30.7186,14,300,0,3044.9251,True,8416,1,False,87,False,5,5,55+,False,9,10.0,urban,18,63,True,steampunk,49
True,in_person,29.2994,13,700,0,1816.4683,True,8275,1,True,50,False,5,6,18-25,False,9,10.0,suburban,13,58,True,none,44
False,in_person,18.0193,12,670,1,2553.3853,True,7963,1,False,5,True,6,7,,False,9,7.4,suburban,5,63,False,goth,92
False,in_person,1.1835,12,700,0,1625.9909,True,8570,1,True,80,False,5,5,18-25,False,11,10.0,suburban,10,60,,goth,7
False,in_person,38.2388,14,1500,0,2662.5886,False,8114,1,False,7,True,4,7,,False,9,9.7,rural,13,68,True,cosplay,90
,in_person,17.632,14,300,0,1990.4019,True,8316,1,True,55,False,6,6,26-35,False,10,10.0,urban,7,58,False,steampunk,90
True,in_person,19.2235,15,1500,0,2179.7124,True,9428,1,False,82,True,4,5,18-25,False,8,10.0,rural,18,56,False,cosplay,91
True,in_person,27.6479,13,670,1,2697.9246,True,8232,1,False,88,True,5,7,55+,False,13,10.0,suburban,7,57,True,cosplay,38
True,in_person,34.7767,16,1500,0,2922.815,True,8063,1,True,44,False,4,5,26-35,False,12,10.0,rural,15,61,True,steampunk,73
True,in_person,24.1483,14,300,0,2515.1144,True,7854,1,False,70,True,5,7,18-25,False,10,10.0,urban,3,66,True,punk,19
,in_person,33.2204,12,700,0,1899.6554,True,7892,1,False,24,False,3,4,55+,False,6,10.0,suburban,18,61,True,cosplay,66
,in_person,18.1426,13,700,0,2842.485,False,9085,1,True,59,False,6,6,26-35,False,11,10.0,suburban,12,53,,punk,90
False,in_person,23.8889,13,1500,0,2664.5288,False,7606,2,False,95,True,5,7,46-55,False,9,10.0,rural,8,61,True,none,19
False,in_person,6.922,16,670,1,2946.6562,False,9165,1,False,0,True,6,6,18-25,False,11,2.0,suburban,11,61,False,none,32
False,in_person,38.6892,13,1500,0,2472.4141,True,8382,1,False,58,True,6,4,26-35,False,11,10.0,rural,16,64,True,punk,87
,in_person,38.9009,14,1500,0,3380.879,False,9166,1,False,33,False,5,6,18-25,False,9,10.0,rural,10,64,True,steampunk,95
True,in_person,33.182,12,700,0,2789.7329,True,8092,1,False,45,True,3,8,,False,12,10.0,suburban,19,63,True,goth,63
False,in_person,5.9592,14,300,0,2705.4203,True,8746,1,True,86,False,4,8,18-25,False,8,10.0,urban,13,57,,punk,28
True,in_person,6.1292,14,700,0,2164.6677,False,7545,1,False,35,True,6,5,55+,False,8,10.0,suburban,19,64,False,goth,29
False,in_person,10.6388,15,700,0,2217.5928,False,8181,1,False,21,False,4,5,55+,False,8,10.0,suburban,3,62,False,steampunk,52
,in_person,10.1059,14,1500,0,2566.4471,True,7874,1,True,54,True,5,7,26-35,False,6,10.0,rural,1,63,False,none,55
,in_person,36.7365,12,670,1,2602.6206,True,8459,1,False,35,False,5,5,55+,False,10,10.0,suburban,18,66,True,punk,82
True,in_person,5.4615,12,1470,1,2843.0555,True,8741,1,True,89,True,5,7,46-55,False,9,10.0,rural,1,62,False,cosplay,30
False,in_person,11.4458,10,300,0,2201.1856,True,8278,1,True,2,False,6,6,36-45,False,10,5.8,urban,9,63,False,goth,57
False,in_person,9.2399,14,300,0,2402.1432,False,8868,1,False,9,True,5,6,18-25,False,9,10.0,urban,7,55,,punk,50
True,in_person,38.3073,13,700,0,2256.6516,True,8549,1,False,72,True,5,6,36-45,False,7,10.0,suburban,5,68,True,none,94
False,in_person,7.7503,14,300,0,1744.2017,False,8377,1,True,42,False,6,6,55+,True,8,10.0,urban,0,63,False,none,40
True,in_person,13.2205,11,300,0,2747.9898,False,8637,1,True,30,True,5,7,36-45,False,11,10.0,urban,18,63,False,goth,66
False,in_person,30.6952,15,700,0,2637.3914,True,9320,1,True,49,True,5,4,,True,10,10.0,suburban,0,62,,steampunk,50
True,in_person,5.9382,15,300,0,2678.0866,False,8120,1,True,90,True,6,5,46-55,False,10,10.0,urban,14,63,False,none,28
False,in_person,2.5289,14,1500,0,2758.7753,True,8678,1,True,76,True,5,5,18-25,False,12,10.0,rural,4,59,False,steampunk,14
False,in_person,39.4585,13,1500,0,1942.7808,False,9249,1,True,84,False,4,5,26-35,False,7,10.0,rural,4,60,True,none,96
True,in_person,27.1046,14,670,1,2793.3843,False,8810,1,False,14,True,4,5,46-55,False,6,10.0,suburban,11,54,True,none,37
False,in_person,27.4785,14,300,0,2555.8395,True,8677,1,True,23,False,5,5,36-45,False,10,10.0,urban,6,62,True,punk,39
False,in_person,24.2897,12,700,0,2722.9025,True,8404,1,False,46,True,5,9,46-55,False,8,10.0,suburban,5,60,True,goth,25
True,in_person,38.2102,13,700,0,2756.183,True,8799,1,False,100,False,4,6,,True,8,10.0,suburban,0,61,,none,94
True,in_person,12.7569,11,300,0,2102.8255,True,8266,1,False,79,False,4,5,,False,9,10.0,urban,14,66,False,goth,69
False,in_person,39.6075,14,700,0,2143.0405,True,9294,1,False,67,False,5,6,46-55,False,10,10.0,suburban,16,65,True,goth,100
False,in_person,23.3462,13,270,1,2709.6612,True,9070,1,True,78,True,6,8,18-25,False,8,10.0,urban,3,61,True,punk,22
True,in_person,21.6952,15,300,0,2897.8474,False,8513,1,False,51,False,6,5,46-55,False,7,10.0,urban,8,61,,none,12
False,in_person,24.9782,14,300,0,2573.324,True,7320,1,False,5,False,5,3,36-45,False,8,9.4,urban,17,57,True,cosplay,23
,in_person,37.8782,19,700,0,2737.025,False,8024,1,True,52,False,5,5,,False,6,10.0,suburban,2,57,True,punk,90
True,in_person,6.897,12,300,0,2647.96,True,8171,1,True,66,False,3,5,46-55,False,12,10.0,urban,7,63,False,cosplay,33
True,in_person,33.1737,15,700,0,2589.3075,False,8820,1,False,14,True,5,7,18-25,False,11,10.0,suburban,16,55,True,steampunk,65
True,in_person,14.2656,12,270,1,2716.7824,True,8112,1,False,27,True,5,4,,False,8,10.0,urban,13,63,False,punk,70
False,in_person,35.8515,11,1470,1,2232.6435,True,7889,1,False,79,True,4,4,55+,False,10,10.0,rural,16,59,True,cosplay,80
True,in_person,12.6675,13,670,1,3099.6211,False,8821,1,False,28,False,4,6,46-55,False,8,10.0,suburban,14,54,False,cosplay,64
True,in_person,14.9909,14,700,0,2518.9787,True,8217,1,False,69,False,3,6,36-45,False,8,10.0,suburban,11,57,False,goth,77
True,in_person,37.0287,13,670,1,2686.6985,False,8662,1,True,69,True,5,7,55+,False,8,10.0,suburban,17,60,True,cosplay,83
True,in_person,2.2184,17,700,0,2846.475,False,8793,1,True,21,False,5,5,18-25,False,6,10.0,suburban,7,57,False,goth,12
True,in_person,38.4232,15,300,0,2467.0376,False,8201,1,False,40,False,4,5,55+,False,6,10.0,urban,5,57,,punk,95
False,in_person,22.3508,14,700,0,2126.5295,False,7463,1,True,2,False,5,4,26-35,False,10,4.8,suburban,1,66,True,none,8
False,in_person,15.2095,14,300,0,2609.1653,True,8401,1,False,16,False,5,7,36-45,False,8,10.0,urban,12,65,False,punk,71
False,in_person,25.1152,15,300,0,2450.2,False,8655,1,False,19,False,3,8,36-45,False,9,10.0,urban,19,63,True,punk,26
True,in_person,11.0366,14,300,0,2889.2106,True,8891,1,True,81,True,5,7,55+,False,11,10.0,urban,14,60,False,steampunk,59
True,in_person,8.5714,14,700,0,2988.8768,True,8856,1,False,69,True,5,6,18-25,False,7,10.0,suburban,9,62,False,goth,40
True,in_person,31.3309,14,1500,0,3366.8436,False,8113,1,False,24,False,5,7,36-45,True,9,10.0,rural,0,60,True,punk,51
False,in_person,27.6627,12,300,0,2363.2707,False,8653,1,False,34,False,4,7,26-35,False,11,10.0,urban,6,62,True,goth,41
True,in_person,38.5516,17,300,0,2730.2312,False,8034,1,True,74,False,5,8,55+,False,6,10.0,urban,16,61,True,punk,96
True,in_person,25.3671,18,700,0,2810.7394,False,8981,1,False,83,True,4,6,55+,False,8,10.0,suburban,4,59,True,punk,22
True,in_person,31.1583,11,1500,0,3339.4448,True,7916,1,False,94,False,6,5,26-35,False,9,10.0,rural,15,57,True,steampunk,54
True,in_person,31.1688,11,1500,0,2148.3863,True,7991,1,False,70,True,5,4,36-45,False,11,10.0,rural,9,56,True,steampunk,56
,in_person,36.9664,14,300,0,2342.1275,False,8790,1,False,59,True,4,4,46-55,False,8,10.0,urban,18,64,True,punk,91
True,in_person,36.2211,15,1470,1,1935.6321,False,9035,1,True,72,False,6,5,46-55,False,7,10.0,rural,12,57,True,steampunk,80
False,in_person,25.3958,13,700,0,2539.7709,True,8780,1,False,69,True,6,6,26-35,False,9,10.0,suburban,13,58,True,punk,28
True,in_person,10.7692,11,1500,0,2886.1552,True,7677,1,False,35,False,5,4,55+,False,8,10.0,rural,5,54,False,goth,50
False,in_person,31.0872,13,300,0,1694.3019,False,7200,1,False,23,False,5,4,55+,False,9,10.0,urban,2,59,True,goth,55
True,in_person,24.7587,15,1500,0,3192.075,True,8348,1,False,0,False,5,8,26-35,False,10,4.8,rural,11,68,True,none,24
False,in_person,29.9863,14,700,0,2711.2519,False,8087,1,False,52,False,5,7,55+,False,9,10.0,suburban,1,55,True,cosplay,49
True,in_person,10.3813,14,1500,0,3662.8397,True,9230,1,False,67,False,6,5,26-35,False,10,10.0,rural,5,59,False,punk,52
True,in_person,30.5138,12,700,0,3576.9062,False,7573,1,True,100,False,5,4,36-45,False,10,10.0,suburban,15,70,True,steampunk,55
False,in_person,35.631,16,300,0,3106.2873,True,8562,1,False,10,True,5,5,55+,False,10,10.0,urban,15,53,True,none,76
True,in_person,12.7436,13,1500,0,2747.7652,True,8554,1,True,59,True,5,8,36-45,False,8,10.0,rural,4,61,False,punk,64
False,in_person,20.9141,15,700,0,2064.6283,True,8033,1,False,29,False,6,6,55+,False,10,10.0,suburban,7,52,,goth,5
False,in_person,22.8521,15,1500,0,2072.7079,True,8141,1,True,38,True,4,6,,False,8,10.0,rural,10,55,True,punk,14
False,in_person,37.3683,13,300,0,2804.1498,True,8610,1,True,6,True,6,3,,False,10,9.7,urban,19,69,True,none,89
False,in_person,20.1405,14,300,0,2180.8417,True,9243,1,True,7,True,5,5,55+,False,8,10.0,urban,13,63,False,punk,100
True,in_person,7.1862,16,700,0,3240.1375,True,9200,1,False,43,False,6,5,,False,9,10.0,suburban,1,58,False,goth,37
True,in_person,26.0165,16,1500,0,2574.4619,True,8062,1,False,24,True,4,5,46-55,False,8,10.0,rural,14,62,True,goth,33
True,in_person,11.2593,14,700,0,2547.628,False,8875,1,False,100,False,5,4,46-55,False,8,10.0,suburban,4,65,False,steampunk,60
False,in_person,0.4357,16,670,1,2696.9333,True,7653,1,False,98,True,5,6,46-55,False,12,10.0,suburban,13,56,False,goth,0
False,in_person,27.1335,13,700,0,2530.7477,False,8158,1,False,9,False,4,6,26-35,False,9,9.3,suburban,10,64,True,goth,38
True,in_person,35.517,15,300,0,1989.6399,False,9055,1,False,61,False,4,6,55+,False,7,10.0,urban,11,62,True,steampunk,72
True,in_person,15.1273,15,1500,0,2359.1682,True,8711,1,False,83,False,3,7,18-25,False,10,10.0,rural,1,65,False,goth,75
True,in_person,22.1277,14,300,0,2203.8265,False,8840,1,True,85,True,4,7,46-55,True,9,10.0,urban,0,57,True,none,9
True,in_person,1.341,18,300,0,2398.4665,False,8565,1,False,75,False,5,3,26-35,False,10,10.0,urban,4,62,False,steampunk,6
True,in_person,25.7543,17,300,0,2428.5307,True,7956,1,False,84,True,4,6,36-45,False,10,10.0,urban,8,65,True,steampunk,31
True,in_person,3.093,15,300,0,3364.0297,False,8628,1,True,0,True,5,4,55+,False,8,2.0,urban,17,64,False,goth,12
False,in_person,27.06,14,300,0,2492.9549,True,8573,1,True,0,True,5,5,18-25,False,12,2.0,urban,17,62,True,cosplay,38
False,in_person,28.732,12,700,0,2338.7516,True,7563,1,False,39,True,3,5,55+,False,11,10.0,suburban,9,60,True,cosplay,45
False,in_person,28.3282,13,700,0,2527.8891,True,8776,1,True,50,True,5,6,26-35,False,9,10.0,suburban,20,58,True,punk,40
False,in_person,23.9613,13,300,0,2576.4578,False,8977,2,True,17,False,7,7,36-45,False,10,10.0,urban,5,54,True,none,19
True,in_person,16.753,15,700,0,2882.778,True,9186,1,True,86,True,5,5,46-55,False,8,10.0,suburban,12,65,False,none,87
False,in_person,7.0889,11,300,0,3011.514,True,8265,1,False,5,False,5,5,36-45,False,9,8.5,urban,4,60,False,none,34
,in_person,14.206,12,300,0,3442.7868,True,8764,1,False,76,False,5,6,18-25,False,8,10.0,urban,15,55,False,punk,69
False,in_person,33.6277,12,1470,1,2917.2204,True,8495,1,True,65,True,4,6,46-55,False,11,10.0,rural,15,65,True,steampunk,66
True,in_person,37.8531,17,300,0,2366.2251,True,8502,1,True,94,False,5,7,26-35,False,8,10.0,urban,17,61,True,punk,90
True,in_person,6.7439,14,1470,1,2142.6156,True,8625,1,False,77,True,6,5,26-35,False,6,10.0,rural,4,66,False,steampunk,37
,in_person,17.399,14,1500,0,2756.825,False,8861,1,True,40,True,5,5,26-35,False,10,10.0,rural,1,52,False,steampunk,86
True,in_person,29.0473,14,700,0,2463.5905,True,7269,1,False,23,True,5,4,36-45,False,8,10.0,suburban,2,58,True,steampunk,52
False,in_person,12.1724,14,300,0,2267.0129,True,7871,1,True,87,False,6,5,,False,7,10.0,urban,4,62,False,steampunk,61
,in_person,19.9175,14,670,1,2259.2745,False,9019,1,False,68,False,5,6,46-55,False,11,10.0,suburban,12,54,,punk,0
False,in_person,31.3854,11,300,0,1996.4558,False,8994,1,True,64,False,5,5,46-55,False,9,10.0,urban,14,58,True,steampunk,59
,in_person,8.1539,13,700,0,2224.4377,True,8858,1,True,36,False,5,6,26-35,False,9,10.0,suburban,4,58,False,steampunk,45
True,in_person,30.0925,13,1500,0,2615.2228,False,8251,1,True,45,True,4,7,18-25,False,8,10.0,rural,7,58,True,goth,49
False,in_person,32.9397,13,270,1,2728.2008,False,7567,1,True,49,True,4,5,46-55,False,9,10.0,urban,11,65,True,cosplay,66
False,in_person,23.2073,14,300,0,2805.2122,False,9114,1,False,80,True,5,7,36-45,False,6,10.0,urban,18,52,True,punk,15
False,in_person,25.4216,18,700,0,2728.2173,False,9082,1,True,64,True,4,5,46-55,False,10,10.0,suburban,16,69,True,cosplay,23
True,in_person,23.7256,13,1500,0,1989.226,False,7336,1,True,31,False,5,7,36-45,False,8,10.0,rural,15,60,True,punk,16
True,in_person,12.9114,14,300,0,1651.7179,True,8522,1,True,55,False,5,8,46-55,False,10,10.0,urban,20,62,False,steampunk,64
True,in_person,28.7676,14,700,0,3238.0794,True,7759,1,True,32,False,6,5,55+,False,10,10.0,suburban,3,56,True,steampunk,43
False,in_person,13.9367,16,270,1,1550.948,False,8895,2,False,97,False,4,7,,True,8,10.0,urban,1,63,False,steampunk,68
False,in_person,1.6539,14,300,0,3257.5748,False,8701,1,False,15,False,5,7,36-45,False,8,10.0,urban,3,62,False,punk,11
True,in_person,25.2833,16,1500,0,2067.9538,True,8558,1,True,61,False,5,5,26-35,False,8,10.0,rural,16,61,True,punk,27
False,in_person,31.5864,12,700,0,2265.0954,False,8276,2,True,60,True,5,5,46-55,False,12,10.0,suburban,16,52,True,steampunk,54
False,in_person,21.2455,16,670,1,1883.1967,False,8187,1,True,11,True,7,5,55+,False,11,10.0,suburban,11,56,,punk,10
,in_person,24.3965,15,1500,0,2798.8899,False,8039,1,False,44,False,5,4,46-55,False,11,10.0,rural,2,64,,none,24
False,in_person,22.2986,11,300,0,2122.0295,False,8116,1,True,88,False,4,5,55+,True,10,10.0,urban,0,59,True,goth,13
,in_person,17.4092,15,300,0,2530.797,False,8361,1,True,23,False,4,4,26-35,False,8,10.0,urban,15,66,False,cosplay,86
True,in_person,38.9722,12,300,0,2900.6545,False,7821,1,False,69,False,5,8,36-45,False,11,10.0,urban,17,56,True,goth,91
True,in_person,16.9226,15,1500,0,2822.9524,False,8325,1,True,24,False,5,6,46-55,False,9,10.0,rural,17,64,False,punk,82
True,in_person,12.5424,13,670,1,3143.4654,True,8206,1,True,53,True,5,7,18-25,False,9,10.0,suburban,2,59,False,steampunk,61
False,in_person,28.9614,12,700,0,2145.0387,True,8664,1,True,11,False,6,6,46-55,False,10,10.0,suburban,6,63,True,none,45
True,in_person,19.5103,14,1500,0,3067.4439,False,9043,1,False,20,False,4,7,18-25,False,10,10.0,rural,18,63,,goth,97
True,in_person,6.4192,16,270,1,2130.8553,False,8954,1,True,73,False,3,5,18-25,False,7,10.0,urban,9,60,False,cosplay,31
False,in_person,19.51,13,270,1,2352.6957,False,8208,1,True,68,False,6,6,36-45,False,7,10.0,urban,14,69,False,punk,98
True,in_person,2.1825,15,700,0,1828.1011,False,8315,1,True,53,False,4,5,,False,8,10.0,suburban,17,64,False,goth,13
False,in_person,33.7752,13,300,0,2714.6415,False,9154,1,True,33,True,4,6,55+,False,10,10.0,urban,1,59,True,none,69
True,in_person,29.7685,11,670,1,2242.7369,False,8454,1,False,82,False,4,7,55+,False,10,10.0,suburban,9,54,True,none,45
False,in_person,34.2698,14,700,0,3009.4138,True,8215,1,True,74,False,5,4,18-25,False,9,10.0,suburban,18,51,True,cosplay,73
False,in_person,4.4592,14,700,0,3139.6014,True,9304,1,True,28,False,5,8,26-35,False,9,10.0,suburban,1,56,False,goth,21
False,in_person,13.2036,16,300,0,2919.3049,True,8178,1,False,48,False,5,5,26-35,False,11,10.0,urban,18,62,False,steampunk,68
False,in_person,26.8489,16,1500,0,2403.8148,False,7862,1,False,29,True,7,4,55+,False,9,10.0,rural,3,53,True,cosplay,35
False,in_person,16.7538,16,1500,0,2928.8788,False,8730,1,False,32,True,4,7,36-45,False,11,10.0,rural,10,59,,none,86
False,in_person,31.2048,16,1500,0,2333.1513,False,8327,1,False,75,True,3,6,18-25,False,10,10.0,rural,14,59,True,punk,58
False,in_person,21.4043,13,670,1,1697.3126,True,8860,1,True,100,False,5,5,18-25,False,10,10.0,suburban,8,61,True,steampunk,5
False,in_person,37.0172,14,300,0,3175.1294,True,9142,1,False,61,False,4,6,36-45,False,10,10.0,urban,16,66,,none,84
False,in_person,19.9599,13,300,0,2270.5788,False,9068,1,True,48,False,4,6,36-45,False,10,10.0,urban,2,59,True,none,4
True,in_person,10.7564,14,1500,0,2972.6508,False,8635,1,False,21,False,4,7,,False,8,10.0,rural,1,63,False,steampunk,58
