country_of_participant,difficulty_levels_encountered,daily_puzzle_time_percentage,cognitive_skill_level,english_fluency_level,education_level,time_dedication,uses_guided_help,days_since_last_puzzle,participation_in_puzzle_competitions,brain_training_frequency,previous_experience,average_solve_time,frequent_mind_games,problem_solving_score,number_of_puzzles_solved,linguistic_interest,prefers_quick_tasks,prefers_puzzle_themes,enjoys_variety,active_in_puzzle_community,puzzle_complexity_preference,puzzle_solving_frequency,participant_age,logical_thinking_activity,logical_preference_score
India,1,3.9862,expert,7,4,8,False,278,False,3,True,37.2354,False,8,224,False,False,logical,False,False,7,1,20,False,4
Canada,1,4.9277,expert,3,4,8,True,293,False,0,False,35.012,False,52,201,True,,abstract,False,False,3,1,19,True,3
USA,6,4.4994,expert,2,4,8,False,300,True,1,True,35.9089,False,10,201,False,True,,True,True,4,2,21,True,3
USA,6,4.9442,expert,1,4,7,True,286,True,0,False,31.1874,False,79,237,False,True,logical,True,True,7,2,25,True,3
USA,7,6.0211,expert,2,4,8,True,312,True,5,False,39.2017,False,41,282,True,False,sequential,True,True,8,2,25,True,3
UK,7,5.9956,,7,4,8,False,319,False,2,True,36.3449,False,23,281,True,True,logical,True,True,1,2,27,False,4
USA,10,4.6984,expert,3,4,7,True,300,False,1,True,28.9119,False,23,264,False,False,logical,True,False,8,2,28,False,3
Australia,5,4.9425,,9,4,7,True,299,False,1,False,33.7389,False,2,295,False,True,abstract,True,False,6,2,29,True,3
Australia,5,4.8208,expert,5,4,7,False,320,False,4,True,36.7852,False,53,191,True,False,logical,True,True,6,1,23,True,3
Australia,5,4.2474,expert,9,4,7,True,336,True,4,True,38.1594,False,12,333,False,True,,True,False,4,3,24,False,4
USA,8,4.5541,expert,8,4,6,True,296,False,2,True,30.6983,False,54,341,True,True,logical,True,True,4,2,23,False,3
Canada,4,5.7302,,9,4,7,False,307,True,0,True,35.9302,False,84,262,False,False,logical,True,True,4,2,25,False,4
Canada,3,6.0276,,4,4,8,False,314,False,1,False,29.9408,False,64,347,False,True,logical,False,True,3,3,23,False,3
UK,8,4.3768,expert,6,4,8,True,310,False,1,False,32.2186,False,99,257,False,True,sequential,True,True,9,2,23,False,3
Canada,3,4.6944,expert,4,4,7,False,286,False,6,True,34.1881,False,47,334,False,False,sequential,False,False,3,2,26,False,4
UK,9,4.6442,expert,4,4,8,False,303,True,4,False,33.7465,False,11,266,False,False,sequential,True,False,2,1,26,False,3
Canada,1,5.3479,expert,2,4,8,False,307,False,3,True,31.1981,False,60,341,True,True,abstract,False,,8,1,28,True,3
UK,8,4.9401,,4,4,8,True,305,True,2,True,35.1384,False,86,262,False,True,logical,True,False,3,3,24,True,4
Canada,6,6.2897,expert,3,4,8,False,321,False,3,False,39.547,False,73,270,False,True,logical,True,True,2,2,25,True,3
Canada,6,4.15,expert,9,4,7,False,303,False,3,False,35.8058,False,29,384,True,True,sequential,True,False,3,1,24,False,4
UK,3,5.3153,expert,3,4,7,True,324,False,2,False,36.6148,False,7,282,True,True,sequential,False,False,9,2,24,False,3
Australia,5,4.4626,expert,9,4,8,True,269,True,3,True,33.3768,False,22,282,False,False,sequential,True,True,1,1,16,True,3
USA,8,3.6383,expert,4,4,7,False,316,False,2,True,35.2584,False,30,173,False,True,abstract,True,False,1,2,26,True,3
India,5,4.0744,expert,8,4,7,False,310,False,5,True,31.4572,False,36,207,True,True,logical,True,False,8,1,23,True,3
Australia,2,4.4549,expert,3,4,7,True,319,True,5,True,35.4466,False,34,296,False,False,logical,False,True,1,1,25,True,3
India,9,5.0573,expert,5,4,7,False,321,True,0,True,36.2877,False,58,300,True,True,logical,True,False,4,2,35,False,3
Australia,7,4.8398,expert,6,5,8,False,327,True,2,True,36.4969,False,6,184,False,False,logical,True,True,2,2,26,False,3
USA,2,5.6528,expert,2,4,8,False,285,True,4,True,35.1122,False,45,289,False,False,sequential,False,,4,2,22,False,3
Australia,8,5.5004,expert,2,4,8,False,319,False,1,False,40.6447,False,2,208,True,False,,True,True,2,1,25,True,3
Canada,6,5.0754,expert,3,4,7,False,313,True,4,True,41.0284,False,71,306,False,False,sequential,True,True,4,2,20,True,3
USA,8,4.2433,expert,3,4,7,True,313,True,0,True,34.1183,False,75,268,False,True,abstract,True,True,5,2,20,False,3
India,4,4.7382,expert,6,4,6,True,302,True,1,False,32.7534,False,26,276,False,True,,True,,7,2,28,False,3
USA,3,3.993,expert,3,4,8,True,277,False,0,False,31.9805,False,53,253,False,True,sequential,False,,4,1,24,False,3
India,1,5.2701,expert,7,4,8,False,313,True,4,False,38.6646,False,87,292,True,False,abstract,False,True,4,1,20,True,4
Australia,7,5.0219,,3,4,7,False,313,False,6,True,29.8914,False,6,406,False,False,abstract,True,False,2,3,22,False,4
India,1,4.2015,expert,5,4,7,True,291,False,6,False,35.5398,False,46,281,False,True,,False,True,6,3,19,True,3
Canada,5,4.7089,expert,1,4,7,True,306,True,0,False,34.6967,False,22,324,True,,logical,True,False,4,1,25,False,3
Canada,8,5.8106,expert,9,4,7,True,301,False,2,False,36.1126,False,0,122,False,True,logical,True,False,2,2,27,False,3
India,3,4.3498,expert,2,4,7,False,311,True,1,False,31.9959,False,23,260,True,True,logical,False,False,4,2,24,False,3
USA,9,4.9996,expert,9,4,7,True,328,True,1,True,37.5299,False,54,268,True,False,logical,True,True,5,3,28,True,3
UK,4,4.3268,,6,4,8,True,294,False,1,True,37.2157,False,41,243,False,True,logical,True,True,9,3,28,False,4
USA,3,4.6933,expert,5,4,8,True,308,True,1,False,31.4368,False,48,233,True,True,sequential,False,True,7,1,24,True,4
India,6,3.9755,expert,8,4,8,True,308,True,0,True,35.9326,False,49,187,False,True,abstract,True,False,8,2,29,False,3
India,8,4.4687,expert,9,4,8,True,302,True,3,True,32.8238,False,78,342,False,True,logical,True,True,8,1,25,True,4
Canada,4,4.1693,expert,1,4,8,True,286,True,2,False,33.7008,False,4,238,False,False,abstract,True,False,8,2,24,True,3
India,7,3.8414,expert,7,4,7,True,320,True,0,True,31.2995,False,36,279,False,True,logical,True,True,2,1,23,True,3
UK,2,5.1378,expert,3,4,8,False,304,False,5,False,30.7617,False,32,275,False,False,logical,False,False,2,2,23,False,3
UK,4,4.8297,expert,9,4,8,True,301,False,6,True,31.5478,False,72,321,True,False,sequential,True,True,3,3,24,True,3
UK,5,4.7119,expert,7,4,7,True,303,False,0,False,32.0442,False,80,204,False,True,sequential,True,True,8,2,24,True,4
India,5,5.9626,,1,4,8,False,281,True,5,False,39.4465,False,70,286,False,False,logical,True,False,4,2,25,False,3
Australia,8,4.6391,expert,2,4,7,True,301,False,3,False,28.5844,False,6,224,False,,sequential,True,True,6,2,33,False,4
UK,5,4.3633,expert,8,4,8,True,320,False,3,False,37.696,False,94,280,True,,logical,True,,3,3,20,True,3
USA,2,5.0328,expert,3,4,7,False,297,True,6,True,35.492,False,8,220,True,False,sequential,False,True,9,1,24,False,3
Australia,5,4.1941,expert,9,3,7,False,299,True,0,False,33.1759,False,33,261,True,True,sequential,True,False,6,3,22,True,4
India,9,4.707,expert,6,4,8,False,306,True,0,True,35.3734,False,26,289,True,True,sequential,True,,6,2,28,True,3
UK,6,4.7637,expert,4,4,7,True,321,True,4,False,35.2506,False,49,276,False,True,abstract,True,True,6,2,19,True,3
Canada,4,4.2249,expert,2,4,8,False,312,True,2,False,31.2263,False,60,316,False,False,sequential,True,False,3,3,28,True,3
USA,4,3.4645,expert,7,4,7,True,321,True,4,True,28.4331,False,48,307,True,False,logical,True,True,9,2,22,True,3
India,7,6.8719,expert,5,4,7,False,322,False,1,False,34.0359,False,86,334,True,,logical,True,False,7,1,27,True,3
USA,4,5.4479,expert,7,4,8,True,287,True,4,True,33.4772,False,43,285,True,,sequential,True,False,1,3,24,True,3
USA,8,5.0911,expert,5,4,7,False,303,False,5,True,33.5556,False,82,282,False,True,logical,True,False,5,3,23,False,3
India,3,3.9226,,1,4,8,True,294,False,3,True,35.5017,False,80,167,True,True,abstract,False,False,5,2,20,True,3
UK,4,5.7618,expert,4,4,7,True,303,False,0,True,26.9326,False,49,280,False,False,abstract,True,False,5,1,22,False,3
India,3,4.5367,expert,7,4,8,True,296,True,1,True,35.0649,False,53,244,True,False,abstract,False,False,9,1,24,True,3
Australia,6,4.606,expert,8,4,7,False,273,False,5,False,35.4401,False,14,270,True,False,sequential,True,True,3,3,25,False,3
Australia,9,4.722,expert,4,4,7,True,287,False,2,True,32.7624,False,72,270,True,False,abstract,True,False,2,1,23,False,3
UK,4,5.0303,expert,7,4,8,True,299,False,3,False,33.1506,False,5,169,False,False,logical,True,False,4,1,25,False,3
UK,9,5.2175,expert,1,4,6,True,287,False,3,False,30.908,False,41,329,True,False,logical,True,True,10,2,21,False,3
Canada,1,5.7644,,4,4,7,False,282,False,0,False,39.4303,False,78,269,False,,sequential,False,True,9,1,24,False,3
USA,4,5.082,expert,6,4,8,True,313,False,5,False,35.7245,False,17,214,True,False,sequential,True,True,8,1,28,True,4
USA,2,4.9472,expert,1,4,7,False,302,False,2,False,31.5708,False,8,344,False,False,logical,False,False,1,2,22,True,4
India,3,4.487,expert,8,4,8,True,315,False,1,False,33.7025,False,42,233,True,,sequential,False,True,2,3,24,True,3
USA,3,4.3064,expert,5,4,8,True,322,False,2,False,35.9252,False,24,284,False,True,logical,False,False,6,2,25,False,3
Canada,2,4.7133,expert,2,4,7,False,323,False,6,False,34.6276,False,0,264,True,False,sequential,False,False,2,1,30,True,3
Australia,6,5.8335,expert,9,4,7,True,286,True,0,True,32.8109,False,16,338,True,False,logical,True,False,6,2,25,True,4
UK,5,4.8398,expert,5,4,7,False,316,False,4,True,34.882,False,45,239,True,True,abstract,True,,4,3,25,False,3
UK,4,4.0768,expert,7,4,7,False,289,True,2,True,35.0981,False,53,266,False,False,abstract,True,True,7,1,25,False,3
UK,2,5.4043,expert,1,4,8,False,279,False,2,False,36.9791,False,5,323,True,True,abstract,False,False,8,1,24,True,3
India,4,4.1726,expert,5,4,7,True,287,False,3,False,36.2538,False,54,234,False,False,,True,True,5,3,28,False,3
Canada,2,4.2737,expert,3,4,8,True,266,False,0,False,36.7345,False,7,263,True,False,abstract,False,False,5,3,24,False,4
UK,3,5.8959,expert,8,4,7,True,309,False,5,True,33.2264,False,66,380,True,,logical,False,False,5,2,28,False,3
India,7,5.1174,expert,3,4,8,True,316,True,4,False,38.2029,False,100,212,False,True,abstract,True,True,4,2,20,False,3
Canada,2,5.3395,expert,2,4,8,True,301,True,5,True,38.8978,False,88,264,True,True,abstract,False,True,9,2,22,False,4
India,7,6.3091,expert,7,4,7,False,322,True,4,False,32.3759,False,50,149,False,True,logical,True,False,5,1,27,False,3
Canada,8,4.2302,expert,9,4,8,True,304,False,6,True,36.1335,False,9,232,True,True,logical,True,True,8,3,28,False,3
UK,8,5.1942,expert,2,4,7,True,291,False,4,False,34.5974,False,21,207,True,True,abstract,True,False,9,2,26,True,3
India,4,5.4518,expert,8,4,7,False,266,True,5,False,32.8615,False,53,249,False,True,abstract,True,True,4,2,27,True,3
USA,3,5.4558,expert,5,4,8,True,326,False,3,True,30.6076,False,30,238,True,True,abstract,False,False,8,2,32,True,3
USA,8,5.0352,expert,8,4,7,True,280,False,3,True,36.8921,False,17,290,True,True,logical,True,False,7,1,19,True,4
India,5,4.4515,expert,4,4,8,False,308,True,5,True,35.6975,False,60,233,True,False,sequential,True,False,2,1,23,False,3
India,9,5.776,expert,7,4,7,False,306,False,5,False,26.3989,False,25,280,True,False,abstract,True,True,5,2,26,True,3
Canada,7,4.6354,expert,4,4,7,False,281,False,5,True,33.7246,False,91,255,True,False,abstract,True,False,4,2,29,True,3
Canada,5,5.2881,expert,4,4,7,True,304,False,1,True,33.4435,False,48,292,False,True,sequential,True,True,1,1,22,False,4
USA,6,4.6784,expert,2,4,7,True,322,True,2,True,32.3054,False,33,293,True,True,abstract,True,False,5,1,26,False,3
Australia,6,4.86,,7,4,7,True,304,False,0,True,34.0595,False,24,290,True,False,abstract,True,True,7,3,22,True,3
Australia,9,4.8579,,8,4,7,False,286,True,1,False,32.8552,False,4,251,False,False,abstract,True,False,3,1,21,True,3
UK,8,5.0863,expert,7,4,8,False,315,False,5,True,34.9207,False,59,222,False,False,logical,True,False,7,3,24,False,3
Australia,2,5.3182,expert,1,4,7,False,306,True,1,True,39.9587,False,59,214,True,True,,False,True,6,1,24,True,3
Canada,9,5.1088,expert,1,4,7,True,314,False,4,False,30.1238,False,20,379,False,False,sequential,True,False,3,2,27,False,3
UK,1,5.0392,expert,1,4,7,False,300,False,3,True,36.2216,False,70,352,False,True,sequential,False,False,1,2,24,True,3
USA,3,5.022,expert,7,4,8,True,302,False,1,False,37.3105,False,58,262,False,False,sequential,False,True,4,2,28,False,3
India,9,4.6397,expert,6,4,8,True,308,True,3,True,31.3534,False,13,291,True,True,sequential,True,False,9,1,19,False,3
Australia,6,4.0166,expert,6,4,7,True,282,False,0,True,30.3357,False,39,291,True,True,logical,True,,7,2,28,False,4
USA,7,3.9555,expert,6,4,8,False,319,False,2,True,35.1162,False,62,209,True,False,sequential,True,True,7,2,23,False,3
UK,9,4.8483,expert,9,4,8,True,310,True,5,True,35.315,False,34,283,True,True,logical,True,True,2,1,21,False,3
Australia,10,3.2416,expert,2,4,8,True,309,False,1,True,35.6403,False,51,292,False,False,logical,True,True,4,2,21,True,3
UK,7,5.5932,expert,7,4,8,False,308,True,2,False,34.8718,False,14,362,True,,abstract,True,True,4,3,26,True,3
USA,2,4.3817,,9,4,8,True,311,True,6,True,35.0858,False,55,128,False,False,logical,False,True,5,1,30,False,4
Canada,4,5.262,expert,4,4,7,False,289,True,2,True,36.4906,False,79,239,True,False,abstract,True,True,7,1,23,True,3
Australia,2,4.1793,,9,4,8,False,289,True,5,False,35.1647,False,56,262,True,True,logical,False,True,9,3,23,True,3
India,2,4.9205,expert,6,4,8,False,281,True,4,False,35.0484,False,20,266,False,True,sequential,False,False,2,2,19,False,3
UK,8,5.8448,expert,4,4,7,True,286,True,0,True,38.0149,False,100,268,True,True,sequential,True,True,8,3,30,True,3
India,4,5.6453,expert,9,4,8,False,327,False,1,True,33.6604,False,55,284,True,True,sequential,True,False,9,1,23,True,3
Canada,8,5.0574,expert,6,4,8,True,322,False,4,False,32.0171,False,78,297,True,False,sequential,True,False,9,2,17,True,4
USA,4,5.9196,expert,2,4,7,True,320,True,0,True,34.2239,False,14,293,True,False,logical,True,False,5,2,19,True,4
UK,2,4.9402,expert,5,4,7,False,307,False,3,False,33.0227,False,23,200,True,False,logical,False,False,2,2,24,False,3
USA,1,3.4608,expert,6,4,7,True,314,False,3,False,33.7309,False,3,194,True,True,sequential,False,False,4,2,29,True,4
India,5,7.4181,expert,9,4,7,False,319,False,1,True,32.8551,False,53,262,True,False,,True,,1,1,20,True,3
USA,2,5.5265,expert,7,4,7,False,294,True,3,True,33.1623,False,17,140,False,False,logical,False,,4,3,22,True,4
UK,5,4.7388,expert,9,4,7,True,326,False,0,True,30.437,False,25,379,False,False,logical,True,True,5,2,26,True,3
UK,2,5.3678,expert,5,4,8,False,289,False,6,False,39.9664,False,28,221,False,True,abstract,False,False,9,2,23,False,3
Canada,3,4.9437,expert,4,4,7,True,297,False,5,False,32.5059,False,59,145,False,True,abstract,False,False,6,1,27,True,3
India,7,5.336,expert,3,4,8,False,309,True,4,True,38.8318,False,3,248,False,False,logical,True,True,2,2,27,True,3
India,6,5.3524,expert,8,4,7,False,323,False,0,False,35.8649,False,27,273,False,False,logical,True,False,2,2,17,False,3
India,1,4.5452,expert,9,4,8,False,317,True,0,False,36.8398,False,58,239,True,,abstract,False,False,1,2,24,False,3
India,4,4.708,expert,1,4,7,True,299,True,2,True,31.5155,False,61,287,False,,abstract,True,True,1,2,26,False,4
Australia,4,3.5299,expert,3,4,7,False,308,True,6,False,31.8527,False,67,242,False,False,sequential,True,,2,2,23,False,4
UK,9,5.5795,expert,9,4,7,False,305,False,1,False,33.6935,False,61,266,False,False,logical,True,False,1,2,23,True,4
USA,8,5.0379,expert,6,4,8,False,308,True,4,False,35.737,False,12,248,False,False,abstract,True,False,10,2,25,True,3
Canada,7,5.9403,expert,2,4,7,False,310,True,2,True,32.8611,False,27,323,False,True,sequential,True,True,4,3,19,False,3
Australia,9,4.9784,expert,7,4,7,True,298,False,2,False,37.1362,False,73,287,False,,sequential,True,False,7,2,21,False,3
USA,8,5.2876,expert,7,4,8,True,281,False,1,False,33.6458,False,38,291,True,True,logical,True,False,8,3,24,False,3
UK,5,5.428,expert,8,4,7,True,309,True,5,False,32.3696,False,33,197,True,False,sequential,True,False,2,1,32,True,3
India,8,4.8746,expert,9,4,7,False,292,True,0,True,33.8158,False,64,319,False,True,,True,True,2,2,20,False,3
UK,8,4.4723,expert,8,4,8,True,291,True,4,False,35.8888,False,28,189,True,False,sequential,True,False,3,2,29,True,3
USA,4,4.794,expert,5,4,8,False,324,False,4,False,29.7025,False,83,296,False,True,logical,True,True,6,2,28,True,3
Canada,5,4.1345,expert,6,4,7,True,304,False,6,True,31.0847,False,78,233,True,False,sequential,True,True,5,2,22,False,3
Canada,6,3.9547,expert,1,4,8,False,309,True,0,False,34.5902,False,18,292,False,False,abstract,True,True,3,3,29,False,4
Australia,7,5.7377,expert,7,4,7,True,293,True,4,False,31.6247,False,56,346,False,False,abstract,True,False,2,2,26,True,3
Canada,1,5.2117,expert,5,4,7,True,308,False,2,True,36.4911,False,33,297,True,,logical,False,True,3,2,24,True,3
USA,7,5.3597,expert,2,4,8,False,317,True,1,False,35.8252,False,15,168,True,False,sequential,True,True,7,2,24,False,3
USA,4,4.5813,expert,8,4,8,True,290,False,4,False,31.6697,False,84,240,True,False,,True,,1,1,28,True,3
India,1,4.3487,expert,9,4,8,False,296,True,5,True,30.9978,False,31,229,True,False,abstract,False,False,3,2,28,False,3
India,6,4.9797,expert,8,4,7,False,325,False,3,False,32.6406,False,41,249,False,False,sequential,True,False,3,3,25,False,3
India,5,4.324,expert,3,4,8,True,332,True,6,True,36.619,False,61,223,False,False,sequential,True,False,5,1,28,False,3
USA,2,4.12,expert,5,4,8,True,296,False,1,False,33.6862,False,61,288,False,False,sequential,False,True,5,1,21,True,3
USA,4,4.952,expert,3,4,7,True,308,True,0,False,34.0558,False,48,202,True,True,logical,True,True,6,2,23,False,3
UK,3,4.7265,expert,1,4,8,True,308,False,1,False,35.6659,False,27,246,True,,logical,False,False,9,2,21,False,3
UK,5,4.5736,expert,2,4,7,True,328,False,4,True,33.5537,False,8,246,True,True,abstract,True,True,3,3,20,False,3
USA,2,5.2999,expert,1,4,8,False,310,False,2,True,34.677,False,21,251,True,False,sequential,False,False,9,1,21,False,4
USA,7,4.8795,expert,7,4,7,True,317,True,3,False,38.9489,False,28,240,False,True,abstract,True,,3,2,28,False,3
India,2,5.8524,expert,1,4,8,False,297,False,3,False,33.1638,False,62,212,True,,abstract,False,True,4,2,22,False,3
Canada,4,5.2591,,1,4,7,False,291,True,2,True,31.7428,False,62,241,True,,sequential,True,True,3,2,22,True,3
India,9,3.9221,expert,2,4,8,False,321,False,0,True,34.0077,False,3,336,True,True,abstract,True,True,5,3,23,True,3
Australia,9,4.4958,expert,8,4,7,False,291,True,5,True,32.9096,False,69,154,True,True,sequential,True,False,1,1,24,False,3
UK,9,4.6668,expert,5,4,8,True,304,True,6,True,34.854,False,100,250,True,True,sequential,True,,2,2,26,True,3
Canada,3,5.291,expert,3,4,8,False,312,True,4,False,31.0668,False,14,261,False,False,abstract,False,,7,3,18,False,3
Canada,4,4.9013,expert,4,4,7,True,302,False,2,False,35.9949,False,76,250,False,True,abstract,True,,2,2,24,True,3
India,4,4.7683,expert,7,4,7,False,274,False,7,False,33.915,False,25,323,False,False,abstract,True,False,3,2,25,True,3
Australia,8,6.1914,expert,9,4,6,True,298,True,6,False,34.1613,False,11,258,False,True,sequential,True,False,2,1,19,False,3
UK,8,5.0627,expert,3,4,8,False,287,True,4,False,35.2779,False,45,265,False,True,logical,True,,9,2,24,True,3
USA,6,4.7841,expert,5,4,7,False,289,True,2,True,36.3727,False,69,253,True,True,logical,True,False,3,2,27,False,4
India,1,4.9037,expert,1,4,7,True,282,True,0,False,35.8346,False,37,315,True,False,logical,False,True,1,3,23,False,3
Canada,1,4.7283,,2,4,8,False,315,True,1,True,34.4461,False,2,173,True,True,sequential,False,False,1,1,23,False,3
USA,1,4.7712,expert,6,4,8,True,285,False,6,False,33.3541,False,80,280,True,True,abstract,False,True,9,2,25,True,4
USA,10,5.5327,expert,8,4,8,True,303,False,2,True,34.5145,False,47,258,False,True,logical,True,True,9,1,20,True,4
India,2,4.6957,expert,6,4,8,False,317,True,5,False,36.3743,False,38,203,False,True,abstract,False,True,8,2,22,True,3
Canada,9,4.5722,expert,9,4,8,True,291,True,0,False,28.5301,False,75,312,True,True,sequential,True,,1,1,26,False,4
Canada,3,4.4014,expert,2,4,8,True,303,False,1,False,31.169,False,87,286,True,True,,False,,6,2,18,False,3
India,2,4.6893,expert,1,4,8,False,316,True,6,True,31.6464,False,47,307,True,False,sequential,False,True,4,1,21,True,3
India,1,5.4379,expert,1,4,7,False,296,True,2,True,38.9041,False,37,186,True,False,logical,False,,5,2,22,True,3
Australia,6,4.5216,expert,8,4,7,False,300,False,4,False,35.1816,False,45,303,False,False,sequential,True,True,6,1,27,False,3
Canada,4,5.8697,expert,7,4,7,False,321,True,1,False,31.0696,False,18,346,True,False,abstract,True,False,8,3,23,False,3
Australia,8,3.8158,expert,4,4,8,False,288,False,3,False,38.1211,False,71,322,False,False,,True,False,6,3,19,True,3
USA,10,4.0124,expert,5,4,7,False,294,False,5,False,33.2855,False,55,295,False,True,logical,True,False,2,2,26,True,4
Australia,6,4.872,expert,5,4,7,False,332,False,6,False,35.8322,False,52,232,False,True,sequential,True,True,3,1,27,False,4
India,6,4.5031,expert,4,4,7,True,302,False,4,False,35.9913,False,7,286,True,True,,True,True,5,3,23,True,4
Canada,1,5.6392,expert,1,4,8,False,315,False,4,False,34.903,False,64,234,False,False,sequential,False,False,2,2,29,False,3
USA,9,3.5044,expert,3,4,8,False,294,False,6,False,32.6185,False,96,247,False,True,sequential,True,True,8,3,24,False,3
Australia,6,3.8406,expert,4,4,9,False,286,True,4,False,34.8619,False,9,201,False,True,abstract,True,,9,2,22,False,4
Canada,1,4.9475,expert,7,4,8,True,294,False,0,False,36.1375,False,83,295,False,False,abstract,False,True,1,1,28,True,3
India,3,5.4204,expert,6,4,8,False,299,True,4,True,35.9623,False,68,217,True,True,abstract,False,True,5,1,27,False,3
UK,5,4.8426,expert,5,4,7,True,326,False,4,True,27.9425,False,65,226,True,True,logical,True,,3,2,21,True,3
UK,8,5.6134,expert,2,4,7,True,311,True,2,False,33.3256,False,58,201,False,True,abstract,True,,1,3,21,False,3
Canada,9,4.3307,expert,8,4,7,False,316,True,0,True,31.2509,False,68,327,True,False,,True,False,8,2,25,False,3
Australia,8,4.5207,expert,8,5,7,False,304,True,4,False,30.8786,False,82,248,True,True,sequential,True,False,2,2,24,False,3
Australia,9,4.8527,expert,4,4,7,True,289,True,0,False,31.7486,False,20,224,True,False,,True,False,7,1,17,True,3
USA,9,5.3273,,5,4,7,False,324,True,2,False,32.9947,False,92,320,True,True,logical,True,False,7,2,28,True,3
USA,7,5.3385,expert,8,4,7,True,298,True,0,False,38.0089,False,15,277,False,False,sequential,True,True,3,2,23,True,3
Australia,1,5.162,expert,8,4,7,True,324,True,1,True,34.5388,False,3,264,False,False,logical,False,True,5,1,26,False,3
India,9,3.9785,expert,5,4,8,False,301,False,5,False,34.6076,False,0,340,False,True,logical,True,False,9,1,25,True,3
Australia,4,4.2732,expert,1,4,7,False,309,True,3,True,41.1835,False,16,301,False,True,logical,True,True,6,1,28,False,3
Australia,6,4.8538,,3,4,7,True,311,False,2,True,32.7419,False,77,271,False,False,sequential,True,True,5,1,23,False,3
Canada,9,5.4894,expert,4,4,8,True,354,False,6,True,36.8868,False,46,194,True,True,sequential,True,False,8,2,20,True,4
UK,3,5.8565,expert,1,4,7,False,291,True,1,True,37.2418,False,46,187,True,False,logical,False,False,4,3,27,True,3
Australia,8,5.0113,expert,5,4,7,False,284,False,0,False,33.8027,False,54,359,True,True,sequential,True,False,3,2,21,False,3
USA,2,6.0197,expert,4,4,8,False,273,True,0,True,31.3124,False,36,254,False,False,abstract,False,False,1,1,22,True,4
USA,6,4.7211,expert,1,4,7,False,320,True,3,False,32.1918,False,38,258,False,True,,True,False,8,1,25,True,3
UK,3,5.3223,expert,1,4,7,False,311,True,5,False,38.0772,False,27,157,False,False,logical,False,True,9,3,24,False,3
USA,2,5.2254,expert,4,4,8,True,311,True,6,True,30.631,False,74,340,False,False,logical,False,False,9,2,27,True,3
India,9,5.179,expert,6,4,8,True,304,True,1,False,35.2065,False,79,329,False,True,,True,True,4,1,20,False,3
India,1,3.4779,expert,10,4,8,False,301,False,6,False,31.6895,False,31,255,False,,sequential,False,True,7,1,24,False,3
UK,1,4.7839,expert,7,4,8,True,293,False,6,True,32.3401,False,15,322,True,,sequential,False,False,6,1,25,True,3
UK,2,6.0255,expert,7,4,8,False,295,False,0,True,28.906,False,4,322,False,False,sequential,False,,4,1,22,True,3
Canada,7,4.4072,expert,1,4,7,False,282,True,6,True,31.965,False,77,344,False,True,logical,True,True,10,1,28,True,3
UK,2,4.2957,,3,4,8,False,310,False,6,False,29.7852,False,24,300,True,False,,False,True,5,2,22,True,3
India,6,3.6441,expert,9,4,8,False,322,True,1,False,33.5555,False,81,277,False,True,,True,False,6,3,18,True,3
USA,4,4.3679,expert,1,4,8,True,312,False,0,False,34.3499,False,81,249,False,False,sequential,True,False,9,2,23,False,3
Australia,2,4.9403,expert,3,4,7,True,312,False,0,False,32.8471,False,54,180,False,True,sequential,False,,5,2,19,True,3
UK,9,4.8569,expert,7,4,8,True,288,False,3,False,34.7687,False,90,285,False,False,sequential,True,True,4,1,22,False,3
Canada,1,4.7808,expert,4,4,7,True,290,False,5,False,33.1781,False,63,273,False,False,,False,True,6,2,23,True,3
UK,8,5.2568,expert,9,4,8,False,295,False,2,False,36.3441,False,20,202,True,False,sequential,True,True,6,3,24,False,3
UK,4,4.3508,expert,4,4,7,True,300,False,3,False,34.9915,False,46,228,True,False,sequential,True,False,9,1,25,True,3
UK,3,4.2664,expert,2,4,8,False,273,False,4,False,30.578,False,84,217,True,False,sequential,False,True,5,1,19,False,3
Australia,4,4.7746,expert,2,4,7,True,331,False,5,True,37.6703,False,72,354,False,False,logical,True,,2,1,24,True,3
Canada,8,4.5792,expert,1,4,7,False,306,False,1,True,32.6559,False,78,320,True,False,sequential,True,,8,1,21,False,4
USA,3,5.6819,expert,7,4,8,True,306,True,2,False,30.0184,False,51,338,False,False,logical,False,True,8,2,25,True,3
UK,1,4.1313,expert,8,4,7,True,308,True,3,False,32.8504,False,15,269,False,True,abstract,False,False,2,4,26,True,3
UK,4,5.0263,,4,4,8,True,326,False,5,True,33.0323,False,53,340,False,True,abstract,True,False,4,2,23,False,3
USA,9,5.0578,expert,5,4,8,False,305,False,2,False,35.1106,False,44,269,False,False,,True,True,9,1,25,False,3
Australia,6,5.4747,expert,3,4,7,False,298,True,2,True,31.7647,False,27,257,True,True,sequential,True,True,7,2,21,False,3
USA,8,5.5312,expert,4,4,6,True,329,True,2,True,38.6702,False,63,219,False,True,,True,,2,2,27,True,3
USA,7,5.0426,expert,6,4,8,True,279,True,2,True,33.9601,False,66,242,True,True,sequential,True,True,6,3,24,True,4
UK,7,4.6615,expert,7,5,7,True,306,True,3,False,33.7554,False,92,256,False,,abstract,True,True,9,2,16,False,3
Canada,7,6.5879,expert,2,4,7,False,307,False,0,True,31.8619,False,45,386,True,True,abstract,True,True,7,3,24,True,3
India,1,5.7041,expert,4,4,7,True,290,False,4,True,37.9983,False,72,243,False,False,sequential,False,True,3,3,24,False,3
USA,8,4.7541,expert,2,4,8,True,299,True,5,False,36.6141,False,59,225,False,True,sequential,True,,2,2,28,False,3
UK,1,4.8383,expert,1,4,7,False,293,True,1,True,33.637,False,69,284,False,True,,False,False,9,2,22,False,3
Australia,3,5.1715,expert,8,4,8,True,315,False,0,True,36.3488,False,76,268,True,False,sequential,False,True,8,2,21,True,3
India,8,5.56,expert,7,4,8,False,299,True,5,False,39.7682,False,16,200,False,False,sequential,True,True,8,2,24,True,3
Australia,6,5.2402,expert,7,4,7,False,299,False,2,False,35.8878,False,27,205,True,,abstract,True,True,9,2,27,False,3
UK,3,5.3737,expert,4,4,7,True,253,False,1,True,34.0126,False,12,269,False,True,sequential,False,True,1,1,25,False,3
USA,9,4.5769,expert,5,4,7,True,307,False,2,False,34.8918,False,22,255,False,True,abstract,True,False,4,1,20,False,3
Australia,3,5.3664,expert,6,4,7,False,294,False,1,True,35.1999,False,57,313,True,False,logical,False,,2,2,24,False,3
Australia,2,5.1529,expert,1,4,8,False,330,True,2,False,35.8402,False,81,212,True,False,abstract,False,True,9,2,26,True,3
USA,7,5.5562,expert,6,4,7,False,318,False,2,False,34.4707,False,35,302,True,True,sequential,True,False,1,3,23,False,3
USA,9,5.4893,,4,4,7,False,319,False,1,True,38.0322,False,21,187,False,True,sequential,True,True,2,1,23,True,4
USA,7,5.6849,expert,10,4,8,False,254,True,3,True,38.5053,False,75,245,False,False,logical,True,True,4,4,29,True,3
Canada,1,5.0597,expert,1,4,9,True,312,True,0,False,30.8492,False,68,253,False,False,logical,False,True,3,3,23,False,3
USA,3,5.2977,expert,4,4,8,True,300,True,5,True,31.5744,False,38,347,True,True,abstract,False,True,3,2,26,False,3
Australia,1,5.6262,expert,5,4,7,True,309,True,5,True,33.3841,False,55,256,False,False,abstract,False,True,7,2,19,True,3
Australia,3,5.3449,,8,4,8,True,315,False,6,False,35.2237,False,71,181,True,True,sequential,False,False,4,1,18,False,3
UK,4,5.0634,expert,3,4,7,True,290,False,3,True,34.7711,False,93,282,False,False,sequential,True,False,6,2,26,True,3
Australia,8,4.631,expert,4,4,7,False,316,True,6,True,30.7327,False,30,301,True,,abstract,True,True,9,3,29,True,3
UK,8,5.9387,expert,3,4,7,True,306,False,4,True,39.3289,False,21,290,True,False,logical,True,False,7,1,21,True,4
India,1,3.7374,expert,8,4,7,False,327,False,4,False,32.7899,False,64,421,False,True,logical,False,True,8,2,26,False,3
USA,8,3.8811,expert,9,4,8,True,306,False,5,False,31.0519,False,19,321,True,False,sequential,True,False,2,3,24,True,3
UK,5,4.5696,expert,4,4,8,False,315,False,0,True,33.6475,False,76,288,True,,logical,True,True,4,2,21,False,3
India,8,5.9065,expert,7,4,7,False,301,True,4,True,36.3687,False,92,248,True,False,abstract,True,,2,2,25,True,4
UK,6,4.4977,expert,6,4,8,True,320,False,2,True,38.2637,False,22,272,True,False,abstract,True,False,3,3,25,False,3
USA,7,5.694,expert,5,4,8,True,281,True,4,False,35.3903,False,80,259,True,True,abstract,True,True,3,2,25,True,3
Australia,5,4.3636,expert,5,4,7,False,290,True,6,True,33.1758,False,34,232,True,False,sequential,True,,8,3,26,False,3
UK,7,4.5596,expert,7,4,7,False,287,False,2,True,33.2583,False,5,324,False,True,,True,False,2,2,25,False,3
Australia,1,5.0486,expert,1,4,8,True,287,True,1,True,30.3789,False,68,261,True,False,logical,False,False,7,2,21,False,3
Australia,5,6.5578,expert,3,4,8,False,310,False,6,True,31.5971,False,0,226,True,False,logical,True,False,7,1,21,False,3
Australia,3,4.5542,expert,7,4,7,True,313,False,3,True,34.5939,False,45,299,False,,abstract,False,False,1,2,21,False,4
UK,3,6.187,expert,4,4,8,False,286,True,3,True,33.4927,False,5,329,True,,logical,False,True,4,2,25,False,4
Canada,5,4.4666,expert,7,4,8,False,292,True,2,False,34.5263,False,56,233,False,True,abstract,True,,2,3,30,False,3
Canada,3,4.8744,expert,4,4,7,True,317,False,4,False,33.7336,False,14,107,False,True,abstract,False,True,1,2,23,False,4
Australia,2,5.1408,expert,8,4,7,False,294,False,4,False,34.9864,False,20,252,False,False,abstract,False,True,8,3,27,False,3
India,7,3.6948,expert,6,4,7,False,312,True,5,True,27.7568,False,8,277,False,False,sequential,True,,5,1,25,True,3
Australia,9,5.369,expert,5,4,8,True,316,False,3,True,35.0783,False,71,188,False,True,sequential,True,True,6,2,25,True,3
India,5,5.2612,expert,5,4,7,False,299,False,6,True,35.9225,False,58,304,False,True,sequential,True,False,3,2,23,False,3
UK,10,5.1993,expert,5,4,8,True,320,False,5,False,42.1907,False,22,302,True,True,,True,True,4,1,24,True,3
USA,6,5.333,expert,5,4,7,True,321,True,5,True,36.4837,False,74,382,False,True,logical,True,True,9,2,25,False,3
India,3,4.2937,expert,4,4,7,False,297,False,5,True,33.1823,False,50,348,False,True,logical,False,True,9,1,26,False,3
India,10,4.4748,,8,4,7,False,316,False,5,False,34.7122,False,73,256,True,True,sequential,True,True,5,3,26,True,3
Australia,5,5.5443,expert,7,4,7,False,303,True,2,True,34.5714,False,70,194,False,True,logical,True,False,1,2,23,True,4
USA,3,5.5856,expert,3,4,7,False,322,True,1,True,27.0658,False,91,185,False,False,logical,False,True,6,2,26,False,3
UK,2,4.7417,expert,5,4,7,False,282,False,0,False,31.6397,False,13,314,True,,sequential,False,,3,1,26,False,3
Canada,6,4.9907,expert,3,4,7,False,303,False,6,True,35.0528,False,79,374,False,True,logical,True,True,5,3,31,True,3
UK,5,4.3444,expert,7,4,6,False,294,False,6,True,39.893,False,54,250,False,True,sequential,True,False,3,2,30,False,4
USA,4,4.8979,expert,9,4,7,True,309,False,1,True,35.5981,False,90,152,True,True,abstract,True,False,6,2,23,True,3
UK,1,5.0336,expert,8,4,7,True,334,False,7,False,37.4927,False,13,320,False,False,logical,False,False,1,2,24,False,3
USA,6,3.4348,expert,5,4,7,False,309,False,3,False,36.2003,False,36,330,False,True,sequential,True,True,5,2,24,True,3
Canada,3,4.6519,expert,1,4,8,False,311,False,6,False,29.7673,False,57,287,False,True,,False,False,3,3,23,False,3
Canada,7,5.3124,,6,4,8,True,288,True,2,True,31.8144,False,45,290,True,,abstract,True,True,2,2,23,False,3
USA,1,4.8858,expert,6,4,7,True,314,False,0,False,38.6034,False,30,238,False,False,abstract,False,False,9,2,27,False,3
India,1,4.4152,expert,7,4,8,False,315,False,4,True,32.7977,False,53,290,True,True,,False,False,1,1,29,True,3
India,9,3.5454,expert,2,4,8,False,299,True,0,True,37.7551,False,91,317,True,True,logical,True,True,3,2,24,True,3
India,9,4.4245,expert,9,4,7,False,290,True,6,False,32.5101,False,52,172,True,True,,True,True,1,3,24,False,4
India,2,6.2078,expert,4,4,8,True,284,True,0,True,30.702,False,17,233,True,False,logical,False,True,3,3,28,True,3
Australia,9,5.1122,expert,6,4,8,True,297,True,2,True,28.8008,False,79,253,False,,abstract,True,False,4,2,23,False,4
UK,5,5.2057,expert,4,4,7,False,298,False,5,True,36.5854,False,8,313,False,False,sequential,True,True,1,3,31,False,4
India,3,5.0588,expert,8,4,7,False,316,True,1,True,31.1974,False,23,178,True,True,sequential,False,False,7,1,26,False,3
India,4,5.2934,expert,2,4,7,True,338,True,5,False,31.0648,False,20,194,False,False,sequential,True,False,1,1,28,False,3
India,1,4.6869,expert,6,5,8,False,310,False,2,True,31.4832,False,64,345,False,True,abstract,False,True,4,2,24,True,3
India,6,4.9141,expert,6,4,7,True,287,False,5,False,37.3092,False,74,300,False,,,True,False,7,1,25,True,4
Canada,4,3.8834,expert,1,4,7,False,324,True,5,False,30.6178,False,10,219,True,True,abstract,True,False,8,1,22,False,3
Australia,8,4.1666,expert,8,4,8,False,304,True,0,False,35.8629,False,13,304,False,True,abstract,True,True,6,3,22,True,3
Australia,7,3.4186,expert,5,4,8,False,326,True,3,False,32.9316,False,96,295,False,False,,True,True,2,2,23,True,3
Canada,8,4.9351,expert,2,4,7,True,305,False,2,False,31.3988,False,54,352,False,False,logical,True,True,2,1,28,True,4
Australia,1,6.6055,expert,5,4,7,False,309,False,3,False,32.8497,False,5,303,False,False,abstract,False,True,3,3,28,False,3
India,5,5.2776,expert,5,4,8,False,327,False,5,False,34.5477,False,14,292,False,True,logical,True,False,2,2,27,False,3
India,4,5.0016,expert,7,4,8,False,306,True,0,True,37.1457,False,9,278,False,True,sequential,True,False,9,1,29,False,3
UK,7,5.4713,expert,2,4,7,True,305,True,2,True,37.1744,False,40,185,True,True,sequential,True,False,2,1,23,False,4
India,6,3.9102,expert,7,4,7,True,297,True,1,False,35.869,False,82,214,False,True,logical,True,False,5,1,28,False,3
USA,8,5.3195,expert,4,4,7,False,294,False,5,False,31.2255,False,73,197,True,,abstract,True,True,6,2,19,True,3
Australia,9,5.78,expert,8,4,7,False,287,False,5,True,36.2542,False,96,259,False,True,sequential,True,,8,2,24,True,3
Canada,3,4.3505,expert,5,5,7,True,292,False,3,False,35.8607,False,71,245,False,False,abstract,False,False,8,2,23,True,3
Canada,9,5.2068,expert,4,4,8,True,325,True,5,False,35.2301,False,71,315,False,False,logical,True,True,5,2,15,True,4
Australia,3,6.2718,expert,7,4,8,False,307,False,2,False,30.1829,False,73,245,False,False,abstract,False,True,1,1,21,False,3
USA,4,5.4128,expert,5,4,8,False,308,True,6,False,33.2941,False,16,249,False,False,abstract,True,False,1,2,30,True,4
Australia,7,5.9209,,8,4,8,False,331,True,4,False,32.9269,False,66,201,True,True,logical,True,False,3,2,26,False,3
India,3,5.3778,expert,2,4,7,False,322,False,2,True,38.4515,False,70,320,True,True,sequential,False,True,5,2,25,False,4
USA,7,5.7515,expert,4,4,7,False,285,False,3,True,32.319,False,0,303,True,True,,True,,8,2,27,True,3
USA,6,5.6327,expert,7,4,7,False,310,False,2,True,34.0695,False,71,268,True,True,abstract,True,False,4,2,31,True,3
UK,6,4.7542,expert,9,4,8,True,301,False,6,False,33.3318,False,10,327,True,False,logical,True,False,6,2,22,True,3
Australia,3,6.2522,expert,9,4,7,True,302,True,6,True,32.2628,False,94,292,False,True,sequential,False,True,10,1,22,False,3
USA,9,4.761,expert,4,4,7,True,299,False,1,False,36.035,False,73,297,True,True,abstract,True,True,6,3,23,False,3
UK,1,4.8939,expert,7,4,8,True,296,False,4,False,34.9264,False,36,226,False,False,logical,False,True,7,2,23,False,3
UK,3,4.0941,expert,8,4,7,True,315,True,4,True,33.0292,False,18,304,True,True,logical,False,True,2,1,26,True,3
Canada,4,4.8833,expert,6,4,7,False,276,True,6,True,32.5286,False,38,189,False,True,,True,True,7,2,25,True,3
USA,8,5.5315,,7,4,7,True,316,False,2,False,35.9926,False,26,326,True,False,logical,True,False,5,1,23,False,4
USA,1,4.3884,expert,2,4,7,False,318,False,1,True,37.861,False,48,278,False,True,abstract,False,False,9,3,23,True,3
Canada,5,3.985,expert,6,4,7,True,299,False,6,False,32.7009,False,7,208,True,True,sequential,True,True,2,2,27,True,3
USA,8,3.9227,expert,7,4,7,False,275,True,7,False,31.6828,False,92,307,True,,sequential,True,True,8,3,29,True,3
India,3,5.0121,expert,9,4,8,True,309,False,0,False,32.8824,False,7,207,True,False,abstract,False,False,6,1,23,True,3
UK,1,4.5796,expert,3,4,7,False,310,True,2,True,33.6604,False,21,285,True,False,abstract,False,,8,1,21,False,3
India,3,4.3497,,6,4,7,True,291,False,4,False,35.1848,False,44,243,True,,logical,False,False,2,2,23,True,3
UK,9,5.6669,expert,8,4,7,True,304,True,3,False,36.691,False,40,286,False,True,sequential,True,True,5,3,28,True,4
Australia,4,3.4391,,8,4,7,True,321,True,1,True,32.7277,False,51,156,True,False,logical,True,,2,1,23,True,3
USA,2,5.2481,expert,4,4,8,True,302,False,6,True,34.3212,False,20,207,True,True,sequential,False,True,2,1,25,True,4
India,7,6.4474,expert,7,4,6,False,328,True,5,False,32.6514,False,2,217,True,False,abstract,True,True,2,2,25,True,3
UK,8,4.7636,expert,1,4,7,False,296,False,1,False,34.6614,False,85,310,True,True,abstract,True,True,1,2,27,True,3
India,1,5.312,expert,9,4,7,True,297,True,4,True,27.8443,False,12,356,False,True,logical,False,True,8,2,24,True,3
Canada,2,4.5092,expert,6,4,7,False,304,True,5,True,31.2939,False,63,189,False,True,sequential,False,True,2,2,24,False,3
Canada,7,4.7376,expert,7,4,8,False,308,False,3,True,31.3956,False,67,285,False,False,sequential,True,False,6,2,27,True,3
Australia,9,4.5456,expert,4,4,7,True,304,False,5,True,38.4958,False,7,236,False,False,sequential,True,True,1,2,29,True,3
Australia,4,5.0458,expert,3,4,8,False,307,True,4,False,35.5862,False,52,176,False,False,,True,True,7,1,20,True,4
India,8,4.4244,expert,4,4,7,True,306,False,6,False,33.5058,False,56,254,False,True,abstract,True,,9,1,25,True,3
Australia,3,4.1315,expert,4,4,8,True,303,True,1,False,34.723,False,31,298,True,False,abstract,False,True,6,1,26,False,3
USA,2,3.8573,expert,1,4,7,True,305,False,7,False,33.0734,False,37,213,False,,,False,False,8,1,28,True,3
India,7,5.5137,,4,4,7,True,305,True,4,False,39.5788,False,86,242,False,False,sequential,True,,4,2,24,True,4
Canada,8,5.3611,expert,1,4,7,True,299,True,1,False,33.8303,False,59,248,True,False,,True,True,7,3,24,True,3
India,2,4.6843,expert,8,4,7,False,342,True,5,True,29.0247,False,47,167,False,True,sequential,False,True,9,1,25,True,3
Canada,9,5.4176,expert,1,4,7,False,286,False,5,True,33.6064,False,32,227,True,False,,True,,1,1,19,True,3
India,1,4.9349,expert,4,4,8,False,336,False,1,True,38.0571,False,46,236,False,False,sequential,False,False,10,1,29,False,3
Canada,7,4.2562,expert,6,4,8,True,280,False,3,True,33.4367,False,39,266,False,False,abstract,True,False,4,2,22,True,3
India,4,4.7086,expert,7,4,8,True,306,False,4,False,36.9102,False,28,399,True,False,abstract,True,False,6,2,21,False,3
UK,8,4.4026,expert,5,4,8,True,303,True,4,True,36.1987,False,43,192,False,False,logical,True,False,4,1,26,True,3
Canada,6,5.3186,expert,8,4,7,True,297,False,1,True,33.759,False,24,322,True,False,abstract,True,False,7,2,21,True,3
India,4,4.0749,expert,5,4,7,False,304,False,2,False,36.1426,False,54,298,True,False,,True,True,5,1,23,True,4
Australia,7,5.0106,expert,6,4,7,True,281,True,0,False,35.3862,False,60,294,False,False,abstract,True,True,9,2,27,True,4
USA,8,5.2709,expert,7,4,7,False,303,False,0,True,31.7433,False,61,248,True,False,logical,True,False,4,2,23,True,3
India,2,5.8278,expert,1,4,8,True,328,False,0,False,36.4578,False,84,341,False,True,sequential,False,False,1,3,20,True,4
UK,4,6.7969,,9,4,7,False,315,True,0,False,43.2134,False,64,300,False,False,sequential,True,False,4,2,22,False,4
USA,5,5.0728,expert,7,4,7,True,310,True,6,False,31.62,False,22,304,True,True,,True,True,1,2,24,True,3
India,7,5.2257,expert,5,3,8,True,297,False,0,True,36.1771,False,84,205,False,False,,True,,3,2,27,False,3
USA,7,5.3862,expert,5,4,8,True,287,False,1,True,36.8915,False,23,239,True,False,sequential,True,False,8,1,22,False,3
Canada,4,3.7439,expert,9,4,8,True,325,False,5,False,36.4456,False,84,292,False,True,abstract,True,True,5,2,23,True,3
Canada,8,4.7218,expert,6,4,8,False,302,False,3,False,33.7877,False,3,318,False,True,logical,True,True,4,1,23,True,3
Canada,9,3.6593,expert,10,4,7,True,287,True,5,True,33.6654,False,39,266,False,True,sequential,True,True,6,1,23,False,3
UK,6,4.6641,,8,4,7,True,314,True,0,True,30.3911,False,100,218,False,,abstract,True,False,3,1,24,False,4
Australia,5,4.4379,expert,4,4,8,False,317,True,5,False,35.5568,False,81,233,False,False,,True,True,5,2,22,False,3
UK,3,4.1485,expert,4,4,8,True,293,True,0,True,37.9196,False,57,236,False,True,abstract,False,False,8,1,26,True,3
India,3,4.4405,expert,4,4,7,True,298,True,6,False,32.0562,False,44,300,True,True,sequential,False,True,6,2,22,True,3
UK,3,5.2834,expert,4,4,8,True,291,True,5,True,34.76,False,65,359,False,True,abstract,False,False,6,1,27,False,3
USA,7,5.7932,expert,9,4,8,False,299,True,0,False,30.2437,False,95,310,True,True,,True,False,8,1,23,True,3
Canada,4,6.5985,expert,7,4,7,True,287,True,2,False,36.34,False,75,319,False,False,sequential,True,True,1,3,23,True,3
USA,1,5.0517,expert,9,4,8,True,310,False,2,False,34.0941,False,20,336,False,False,abstract,False,False,9,1,24,False,3
USA,2,5.6871,expert,1,4,7,False,286,False,4,True,33.7727,False,4,358,False,False,,False,True,7,1,27,True,3
UK,2,4.3333,expert,4,4,8,True,336,True,5,True,33.3188,False,83,299,False,True,logical,False,,5,1,31,False,3
Australia,8,4.9826,,8,4,7,False,278,False,1,True,30.512,False,56,215,True,True,abstract,True,False,2,1,27,False,3
USA,4,5.1491,expert,1,4,7,False,270,False,2,True,38.6992,False,96,241,True,True,abstract,True,False,4,2,21,True,3
Australia,8,5.3024,expert,7,4,8,False,287,False,6,False,33.1988,False,81,246,False,True,abstract,True,True,7,1,22,True,3
Canada,4,4.4132,expert,4,4,9,False,300,False,4,False,34.5774,False,12,311,False,True,logical,True,True,4,2,24,True,3
UK,3,4.8778,expert,3,4,8,True,280,True,2,True,36.8088,False,11,212,True,,logical,False,False,6,1,24,True,4
Australia,6,5.192,expert,4,4,8,True,312,True,4,False,34.5968,False,28,319,False,True,sequential,True,False,3,2,20,True,4
USA,7,4.1079,expert,1,4,8,False,292,True,5,True,36.0913,False,87,346,True,,,True,False,8,3,20,True,4
India,1,5.7471,expert,3,4,8,False,329,True,6,False,34.0469,False,69,221,True,False,abstract,False,False,2,3,22,False,3
UK,2,5.0228,expert,10,4,7,True,289,True,2,False,34.1728,False,84,230,True,True,logical,False,,1,3,26,False,3
USA,6,5.4295,expert,5,4,7,False,311,True,0,True,30.866,False,9,220,True,False,sequential,True,False,8,2,20,True,3
Australia,8,5.3438,expert,10,4,8,True,316,False,5,True,31.0916,False,22,199,False,,abstract,True,False,4,2,29,False,3
Canada,3,5.5358,,7,4,7,True,297,False,6,True,36.352,False,10,234,True,True,abstract,False,True,7,3,30,True,3
India,1,4.8769,expert,6,4,7,False,333,True,2,False,32.2563,False,74,245,False,True,abstract,False,False,2,2,24,False,3
USA,7,5.2733,expert,8,4,8,True,320,False,2,False,28.4581,False,50,304,False,False,abstract,True,False,5,2,26,False,3
Australia,3,5.668,expert,8,4,8,False,277,True,4,False,34.9547,False,69,286,True,False,sequential,False,True,3,2,25,False,3
India,1,5.4178,,5,4,8,False,289,False,5,False,36.5057,False,28,298,False,False,sequential,False,True,7,1,28,False,3
India,3,4.3666,expert,7,4,8,False,289,False,3,True,31.7598,False,0,312,False,True,,False,False,7,2,23,True,3
USA,2,4.8924,expert,1,4,7,True,329,False,1,True,34.7441,False,9,244,False,False,logical,False,True,8,1,28,False,3
Canada,9,5.2939,expert,6,4,7,True,275,False,6,False,34.4684,False,28,288,True,False,logical,True,,6,2,25,True,3
India,5,5.8169,expert,3,4,7,True,327,False,5,False,33.5835,False,80,280,False,False,sequential,True,False,3,2,24,False,3
UK,5,4.9669,expert,1,4,8,True,332,True,2,True,30.9769,False,32,363,True,True,sequential,True,False,3,3,26,True,3
Canada,9,3.2169,expert,1,4,8,False,263,False,6,False,27.5999,False,63,260,False,True,logical,True,True,8,1,18,True,3
Canada,1,4.5704,expert,2,5,8,True,324,True,0,True,35.9966,False,13,230,False,True,,False,True,5,2,22,True,3
India,7,4.9961,expert,9,4,7,True,316,True,3,True,35.3406,False,23,313,True,,sequential,True,False,1,2,26,True,4
India,9,4.3477,expert,7,4,8,False,284,True,4,True,29.7997,False,4,193,True,False,abstract,True,False,10,2,22,False,3
USA,8,5.0163,expert,4,4,8,False,315,False,5,False,36.3604,False,71,277,True,False,logical,True,False,3,2,23,False,4
USA,7,6.2266,,3,4,7,False,313,False,1,False,36.5603,False,2,272,True,True,logical,True,True,5,2,25,False,4
UK,8,5.8545,expert,9,4,7,True,304,False,3,True,39.9192,False,6,300,True,True,,True,False,9,3,22,True,3
Australia,7,4.8152,expert,5,3,8,True,318,True,1,True,34.1371,False,26,296,True,False,logical,True,False,7,1,23,True,3
Australia,2,5.6147,expert,9,4,7,True,306,False,2,True,37.874,False,4,261,False,False,logical,False,True,7,3,26,False,3
Australia,7,5.3782,expert,4,4,7,True,276,True,0,True,34.2626,False,94,290,False,False,abstract,True,,8,2,27,False,3
USA,9,4.2002,expert,4,4,7,False,300,False,1,True,38.9752,False,93,231,True,False,,True,True,2,2,22,True,3
Canada,4,4.8683,expert,6,4,7,False,288,False,6,False,34.7857,False,32,273,True,,sequential,True,False,7,2,23,True,3
India,9,4.8887,expert,3,4,7,False,320,True,3,False,35.5379,False,61,227,False,,sequential,True,True,6,1,24,False,3
UK,3,4.8967,expert,5,4,7,False,290,False,2,False,32.2902,False,84,257,False,False,abstract,False,False,3,2,23,False,3
Australia,8,4.2021,expert,3,4,9,True,282,False,0,False,29.962,False,16,210,False,False,sequential,True,False,5,2,28,False,3
UK,2,5.8216,expert,4,4,8,True,334,True,5,False,33.1268,False,68,231,False,False,logical,False,False,5,1,24,False,3
UK,2,5.0473,,7,4,7,True,289,True,1,False,36.0983,False,24,288,False,True,logical,False,True,3,3,25,False,4
Australia,6,5.3749,expert,1,4,7,False,306,False,5,False,32.1358,False,12,246,False,True,abstract,True,True,7,1,23,True,3
USA,7,5.4891,expert,5,4,8,False,284,True,1,True,38.8584,False,3,214,False,True,logical,True,False,8,1,23,False,3
Australia,5,4.958,,8,4,8,True,325,False,3,True,30.0747,False,35,324,False,,sequential,True,,5,2,25,True,3
UK,6,5.287,expert,5,4,8,False,329,True,0,False,32.9628,False,95,348,False,True,logical,True,False,6,3,24,False,3
Australia,6,5.4811,expert,3,4,7,False,296,True,6,False,34.2392,False,89,220,False,False,abstract,True,False,7,1,26,True,3
Canada,6,3.7134,expert,6,4,7,False,288,False,6,False,30.7993,False,94,285,True,,sequential,True,True,3,2,22,False,3
India,8,5.8225,expert,3,4,7,False,307,False,3,True,35.2263,False,67,301,False,True,logical,True,True,9,2,23,True,3
USA,4,5.5708,expert,2,4,7,True,281,False,4,True,28.2965,False,18,265,False,False,,True,False,4,3,24,False,4
USA,6,5.5685,expert,4,4,7,False,297,False,2,True,32.3321,False,67,302,False,,sequential,True,True,6,1,24,False,3
Australia,8,4.6111,expert,5,4,7,True,304,True,3,False,35.7378,False,79,231,False,True,sequential,True,False,6,2,22,True,3
Canada,1,4.5818,expert,4,4,8,False,276,True,4,True,30.7268,False,18,231,True,True,logical,False,False,5,2,27,False,3
USA,9,5.426,expert,7,4,7,False,306,True,1,True,31.3799,False,85,337,True,False,abstract,True,True,1,3,20,False,3
Canada,6,5.6778,expert,2,4,8,True,311,True,2,True,33.694,False,67,221,True,True,logical,True,False,5,2,28,False,3
USA,5,6.1136,expert,3,4,7,False,318,True,5,True,31.0161,False,21,205,False,True,sequential,True,False,5,3,25,False,3
Australia,9,5.3105,expert,9,4,7,False,296,False,2,True,34.0407,False,64,159,False,False,logical,True,False,5,2,27,False,3
UK,4,5.6432,expert,9,4,7,False,300,True,2,False,34.9146,False,31,222,False,True,logical,True,False,7,3,23,False,3
Canada,6,5.2443,expert,2,4,8,True,340,False,0,True,31.1735,False,68,255,False,True,sequential,True,True,5,2,18,False,3
Australia,3,4.1057,expert,3,4,7,False,315,True,3,True,29.0318,False,63,249,True,False,abstract,False,False,8,1,21,True,3
USA,6,3.6416,expert,2,4,8,True,303,True,0,False,33.6961,False,0,263,False,False,abstract,True,False,2,1,28,True,3
USA,1,5.1381,expert,5,4,7,False,308,True,2,True,30.6942,False,96,256,True,True,abstract,False,False,9,2,25,False,3
Australia,2,5.1888,expert,4,3,8,True,274,True,2,True,35.1568,False,46,279,False,False,logical,False,True,4,3,21,True,3
UK,3,4.6725,expert,1,4,7,True,314,True,6,True,36.5217,False,46,228,False,,abstract,False,False,8,1,21,False,3
India,7,5.1457,expert,7,4,7,False,305,False,4,False,26.5921,False,63,362,False,True,abstract,True,False,5,3,27,False,3
Canada,3,4.8907,expert,2,4,8,True,316,True,1,True,34.4837,False,85,310,False,False,,False,True,1,2,29,True,3
USA,9,4.4153,expert,1,4,8,True,317,True,1,True,35.714,False,92,334,False,,logical,True,True,5,2,28,True,3
Australia,8,5.4499,expert,2,4,8,True,309,True,1,True,34.3204,False,45,274,False,True,sequential,True,False,9,1,27,False,3
UK,9,5.4747,expert,1,4,8,False,296,True,2,True,35.2519,False,87,272,False,True,sequential,True,,8,1,23,True,3
Australia,4,5.5629,expert,5,4,8,False,298,False,3,True,35.7582,False,5,226,True,,abstract,True,False,3,1,25,False,3
UK,3,5.1689,expert,9,4,7,False,318,False,0,True,37.236,False,84,192,True,False,sequential,False,False,4,1,26,False,3
Australia,3,5.4183,,1,4,7,False,300,True,0,False,34.6723,False,87,333,True,False,sequential,False,True,3,1,24,False,3
USA,7,5.6631,expert,2,4,8,False,325,False,3,False,32.1153,False,73,327,False,False,logical,True,False,3,1,27,False,4
Australia,8,4.82,expert,5,4,8,True,347,False,5,True,28.3859,False,97,293,True,True,sequential,True,,3,2,25,False,4
UK,4,5.2725,expert,5,4,8,True,295,False,2,True,34.9549,False,39,299,False,True,sequential,True,False,7,2,24,True,4
Canada,6,5.1193,expert,5,4,8,True,296,False,3,False,37.0547,False,25,223,False,False,logical,True,False,3,2,26,False,3
UK,5,6.7321,expert,3,4,8,False,290,False,1,False,39.4529,False,60,202,True,False,logical,True,False,3,1,23,True,3
UK,9,4.7141,expert,7,5,8,True,317,True,3,False,34.0244,False,85,192,False,True,logical,True,False,2,2,25,False,3
Canada,8,4.4924,expert,5,4,8,False,323,True,6,False,35.7533,False,91,259,False,False,logical,True,False,1,1,24,True,3
UK,8,4.2793,expert,1,4,8,True,290,True,5,False,31.4301,False,98,245,True,True,abstract,True,False,4,2,27,True,4
Australia,8,5.1182,expert,1,4,7,False,319,False,2,True,34.0947,False,21,340,False,True,logical,True,True,7,1,26,False,3
Australia,4,5.0344,expert,8,4,8,True,311,False,3,False,37.9615,False,57,238,False,,,True,True,4,2,27,False,3
India,7,5.6936,expert,8,4,8,True,327,True,5,False,29.6256,False,46,221,True,False,sequential,True,False,5,2,24,True,3
UK,3,4.8901,expert,7,4,7,True,314,True,1,False,36.5344,False,32,221,False,True,logical,False,,6,1,26,True,3
USA,3,4.2355,,8,4,8,True,323,False,3,False,34.4217,False,86,325,True,True,sequential,False,True,1,2,20,False,4
Canada,3,5.415,expert,9,4,8,False,280,False,0,True,38.258,False,89,326,False,,abstract,False,False,9,1,25,False,3
India,7,4.8901,expert,5,4,7,False,332,True,2,True,31.1771,False,16,296,False,False,logical,True,False,5,1,23,True,3
India,4,5.4456,expert,1,4,8,False,307,False,1,False,32.8526,False,36,215,False,True,,True,False,5,2,20,True,3
India,3,5.2972,expert,3,4,7,False,286,False,4,False,31.9597,False,47,308,False,True,logical,False,False,9,2,19,False,3
India,2,5.2731,expert,9,4,7,True,312,False,3,True,33.2604,False,15,157,True,False,abstract,False,,7,1,20,True,3
UK,9,5.4204,expert,4,4,7,False,298,True,2,True,34.0301,False,99,271,False,True,sequential,True,,7,1,28,False,3
Australia,2,4.0913,expert,1,4,7,True,323,False,3,True,33.6777,False,25,245,True,True,logical,False,True,3,3,21,False,3
Canada,3,4.7368,expert,7,4,7,False,293,True,0,True,29.7274,False,28,198,False,,sequential,False,True,6,2,26,False,3
India,7,5.7326,expert,8,4,8,False,293,False,6,False,37.254,False,71,280,False,False,sequential,True,True,7,2,28,False,3
Canada,3,5.3552,expert,5,4,7,True,297,False,2,True,34.038,False,73,350,True,,logical,False,False,8,3,26,False,3
Canada,4,5.9191,expert,4,4,7,True,296,True,1,False,36.0567,False,78,250,True,True,,True,False,3,2,27,False,3
USA,4,5.347,expert,9,4,7,True,282,True,6,False,27.4111,False,41,390,False,True,abstract,True,False,7,2,30,True,3
USA,9,6.1453,expert,7,4,8,False,298,False,2,True,37.8837,False,24,249,False,False,abstract,True,False,8,2,26,True,3
India,8,5.1466,expert,4,4,8,False,309,True,3,False,35.6158,False,24,316,False,True,sequential,True,,9,2,34,True,3
Australia,3,5.7857,expert,7,4,7,False,300,True,0,False,36.3088,False,27,227,False,True,logical,False,True,4,2,21,False,3
Canada,7,4.7278,expert,7,4,8,True,318,False,4,True,35.354,False,92,329,True,True,,True,False,4,1,23,True,4
Australia,10,4.4035,expert,3,4,8,True,308,False,5,False,33.3266,False,15,180,True,False,,True,False,9,1,27,True,3
Australia,8,4.0898,expert,5,4,8,True,295,False,6,True,32.8445,False,14,339,True,True,logical,True,,2,1,26,True,4
India,1,4.6064,expert,9,4,8,True,306,True,0,False,36.736,False,32,272,False,,sequential,False,False,8,2,26,True,4
Australia,7,3.9968,expert,8,4,7,False,295,False,4,True,37.5926,False,13,312,False,True,abstract,True,False,8,2,29,False,3
India,2,3.9826,expert,9,4,7,False,291,False,5,True,36.9105,False,2,287,False,True,logical,False,False,9,2,26,False,3
Canada,3,4.6263,expert,7,4,7,True,313,True,0,False,30.107,False,93,221,True,False,logical,False,True,7,2,20,False,3
USA,4,5.9261,,4,4,7,True,308,False,5,True,32.9059,False,58,207,False,True,logical,True,True,3,2,23,True,3
India,7,4.7029,expert,1,4,8,True,322,True,3,True,30.8143,False,75,214,True,False,abstract,True,True,8,1,26,True,3
USA,9,5.3272,expert,4,4,8,True,342,False,4,True,37.2087,False,23,226,True,False,logical,True,True,8,1,28,True,3
Canada,7,3.9496,expert,1,4,8,False,303,True,3,False,34.1478,False,17,228,False,True,logical,True,True,5,2,27,True,3
Canada,4,4.673,expert,3,3,8,False,271,False,5,True,33.056,False,53,362,True,True,logical,True,True,8,2,23,True,3
Australia,7,4.7898,expert,5,4,7,False,326,True,0,False,30.0386,False,78,231,False,False,,True,,7,2,21,True,3
Australia,2,6.1067,expert,8,4,7,True,290,True,0,True,36.7299,False,25,221,False,,logical,False,True,2,3,23,True,3
USA,3,5.3571,expert,7,4,8,False,330,False,0,False,31.1765,False,0,319,True,False,abstract,False,True,5,3,23,False,3
UK,3,6.7142,expert,7,4,7,False,294,True,0,True,34.9018,False,18,254,False,False,abstract,False,,2,2,24,True,3
India,1,5.5386,expert,2,4,8,False,328,False,3,False,34.3867,False,34,236,True,False,sequential,False,False,1,2,29,True,3
Australia,2,5.0813,expert,4,4,8,False,317,False,0,True,37.2561,False,56,192,False,True,sequential,False,True,5,2,29,True,3
Canada,7,6.6637,,2,4,7,True,300,False,6,True,36.2608,False,19,241,False,False,sequential,True,False,4,2,22,True,4
USA,3,4.9823,expert,8,4,7,True,304,False,5,False,30.3042,False,39,294,False,False,sequential,False,True,7,2,24,True,3
USA,8,5.5193,expert,3,4,7,True,310,False,6,False,32.5102,False,48,244,True,False,abstract,True,False,4,2,30,True,3
UK,6,5.0904,expert,9,4,8,True,320,True,5,False,38.3392,False,27,234,True,True,,True,False,7,2,26,True,3
UK,1,5.8343,expert,6,4,8,True,305,True,6,False,30.5163,False,64,347,False,,logical,False,True,6,1,23,True,3
Canada,4,6.0749,expert,6,4,7,True,294,False,0,True,34.1668,False,26,250,False,False,sequential,True,False,1,1,22,False,3
India,4,5.518,expert,6,4,7,True,316,True,2,True,33.7081,False,37,337,True,True,sequential,True,False,4,3,19,True,3
USA,2,5.289,expert,8,4,7,False,293,True,4,False,29.28,False,27,359,False,False,abstract,False,False,8,3,27,True,3
UK,6,4.5114,expert,9,4,7,False,308,True,5,True,40.2591,False,36,361,True,False,abstract,True,,1,2,24,False,4
India,6,6.0129,expert,2,4,7,True,331,True,0,False,37.1042,False,85,227,False,,logical,True,,5,1,25,True,3
UK,5,5.4783,expert,4,4,7,True,287,True,0,False,31.7178,False,89,128,False,,logical,True,False,3,2,25,False,3
Canada,4,4.4279,expert,7,4,7,False,314,False,2,False,34.6549,False,49,241,True,True,sequential,True,False,4,2,23,True,4
USA,2,4.3743,expert,1,4,9,True,293,True,5,False,34.9347,False,92,149,True,,logical,False,False,8,3,23,False,3
Australia,2,5.4648,expert,1,4,8,True,296,False,2,False,33.2125,False,17,206,False,False,sequential,False,True,5,3,26,False,3
UK,8,6.2403,expert,9,4,8,True,310,True,2,False,36.2658,False,24,210,True,True,abstract,True,False,4,1,21,False,3
Canada,9,5.4968,expert,6,4,7,False,316,False,6,True,32.4336,False,66,227,False,,abstract,True,False,1,1,26,False,4
USA,1,4.9566,,2,4,7,True,310,True,0,True,35.7965,False,88,225,False,True,,False,,5,1,27,True,3
India,3,7.2031,expert,4,4,8,False,280,False,2,False,31.8704,False,31,289,False,True,sequential,False,True,2,2,21,False,4
USA,1,4.9323,expert,8,4,7,True,299,True,1,False,36.9297,False,44,215,False,False,sequential,False,True,4,1,21,False,4
Canada,3,4.6695,expert,5,4,8,True,297,False,0,False,35.6078,False,46,288,False,False,abstract,False,True,5,3,25,True,3
USA,2,4.0948,expert,1,4,7,False,288,False,2,False,37.1565,False,92,247,True,True,sequential,False,False,7,3,26,True,3
Australia,7,5.7987,expert,2,4,8,False,309,False,7,False,29.5645,False,58,291,True,True,,True,True,5,2,27,True,3
USA,8,5.8915,expert,5,4,7,False,302,False,4,True,33.8851,False,70,217,True,False,sequential,True,True,5,2,24,False,4
